id,condition,AvgVelcoity,MaxVelocity,AvgAccel,MaxAccel,AvgArea,COGZ,PathLengthDifference,RangeX,RangeY,RangeZ,TimeElapsed,NrPks,AvgForceX,AvgForceY,AvgForceZ,MaxForceX,MaxForceY,MaxForceZ,AbgX
P10,A,1.72569541003064,9.56179154663768,25.0042530031105,462.224274896846,0.217041829868203,0.336497013626751,0.182147268599214,0.354002331731885,0.058734937536227,0.344930973124454,4.11433720588684,77,-3.75303391216113,-0.344124586930155,-29.9532249006137,11.7168602110405,4.4685650370403,39.8459171875835,46.8276625864737
P10,B,0.397011602860611,2.13748744044896,6.45197489888535,63.0635332351457,0.230778961107247,0.361497615129358,0.0902152983446676,0.251955747125737,0.0401995696287112,0.37673406522659,5.72486567497253,96,-2.97456930063,0.372800269083859,-25.6660438621479,10.3604915893528,2.04632302159252,33.9075792351139,43.2218114642978
P10,C,0.554260270596792,2.11436951694384,7.58753987634084,62.8153851480271,0.205004275876275,0.349421720509028,0.0109175766764127,0.290644624282619,0.0586607467084072,0.296883546994575,3.46165680885315,63,-3.93332628572703,0.193801761570253,-22.4401720629437,10.088812682293,2.00764214741394,34.3513877919787,39.9947492096032
P10,D,0.714325895361449,3.74631355472365,9.65246613408704,59.0929985912716,0.237913675616239,0.363064930202159,0.353514805192027,0.368711065019042,0.176214019712529,0.359520045078301,6.3855299949646,107,-0.898455597328243,0.333099428664193,-28.5611341336811,10.6829110784698,4.11605549588129,42.5301843660957,45.0516953598892
P10,E,1.57900402137938,9.56702105299036,15.8579918063497,127.025890596898,0.28018067595025,0.396404341319125,1.86589967420655,0.4096764059968,0.623405998861981,0.769628582215156,12.0568971633911,224,5.07386354542828,2.6855639322333,-31.2697305623512,17.1008206522858,12.9688373500228,46.6479721021318,47.5779751037227
P10,F,1.05935184972164,3.78280148365903,13.9747014205203,125.458769350444,0.275510609131965,0.373214872284454,0.452068564638454,0.354753972995627,0.155602701907273,0.463055010369174,7.27177619934082,135,4.99982073878409,0.8743342052071,-35.1694518392614,12.7017339363087,3.20721996797724,45.9419836242417,51.9574268048356
P10,G,0.490270597808423,2.66310602714712,7.19741631128003,65.5742511014207,0.221832462281411,0.351767219301057,0.167307802946961,0.315160235798999,0.0954842035716203,0.334354096501485,7.12888097763062,121,-2.68762872785363,-0.463546753303784,-25.4114744927124,10.3492318089224,3.05412579669005,36.3076843468535,42.3520495643702
P10,H,1.01809676475803,4.77676918875268,12.6020882077465,63.5574805476171,0.201733599287444,0.312945591158406,0.24745368619649,0.312910781483587,0.0394847758138668,0.298785699470982,4.29266548156738,73,-4.47468438944064,0.0801556691681813,-27.8799523181066,8.96394137041329,2.27952116901239,34.1951863247019,44.3494451624167
P11,A,1.14236843299754,3.05994788435934,14.0299227617182,64.5751243208225,0.173190256221474,0.303042797382691,0.10174510286386,0.359427493329799,0.102679332940336,0.338392583592207,2.70713472366333,53,-5.04560578494616,-0.106346257898769,-24.8383672050736,10.3699549028027,3.86455866213781,40.7203585119219,40.6645877591238
P11,B,0.548451646439463,2.12264118711917,7.9603088336325,62.3188920495366,0.157635848115624,0.289295363402097,0.0539905301680527,0.282034037754654,0.0440576910307144,0.378093870907274,3.68517422676086,63,-7.31087721906321,-0.0352266256924333,-22.5651007425895,13.1628940269309,1.58109355709863,33.5901926695639,39.1004954889244
P11,C,0.735507436075911,2.65350602386191,10.3997645736442,62.913459334267,0.200106277018245,0.336220715743696,0.0206150110935574,0.298721018533197,0.0526045823961482,0.29512888084716,3.25164771080017,64,-3.28228361482562,0.672704399655101,-22.4321714617484,8.4895721647109,2.88269552010224,33.7540972297704,38.7481477759201
P11,D,1.60918973071545,5.89350251521196,16.7464445237495,99.8832429991209,0.149552936783511,0.28048487172907,0.482593140043272,0.328439352814343,0.204887625428397,0.390729039341716,6.67641544342041,122,-7.60351340848047,-1.43900595685871,-21.1165414124395,12.0494039680606,4.84397974503758,36.4013756679037,37.6071830958112
P11,E,0.370562454823804,1.42192573262805,2.53456745962191,60.7326014651325,0.161983702859641,0.285588528801188,0.144315801909695,0.334236097739861,0.0541212212385145,0.37509256682131,2.82312989234924,56,-6.3555199901334,0.337092172767517,-24.8592281993667,11.1134341522242,3.64978170456393,37.536926117442,40.789620107435
P11,F,0.376631960244896,2.67651289328511,5.05923338187412,64.0572933481016,0.140674639688886,0.239888662500303,0.122480538481472,0.107495483151136,0.0438810015538985,0.0643437433540445,5.51510524749756,97,-9.63043175641604,0.155746609013412,-26.506680428735,11.891073536826,2.24661573442441,34.2120417615761,43.1921421051752
P11,G,0.715496316403672,2.92253322069863,10.4851553327022,64.0899450029777,0.159675200293027,0.298314430376132,0.118756745609438,0.294244056498822,0.027298197640638,0.375697519631291,4.26195979118347,71,-6.30728831834163,0.168162207017162,-20.3340687048318,11.9728577990954,1.92771059963429,34.7118265676301,36.5846708999324
P11,H,1.50753528487619,9.65553395272956,25.5110973260773,487.885371739313,0.157611207627866,0.291250065552576,0.192587726513515,0.316733736976831,0.114033017393516,0.349340724859878,2.58986449241638,52,-5.57379403555328,-0.232857280347461,-21.9718842812153,10.4163089736017,3.7266373744645,35.8029772980499,37.9229374215232
P12,A,2.51498784396926,9.81050723036183,30.4179200152691,482.851625988822,0.228041119020683,0.385915577103533,1.04754959915955,0.363361291294059,0.211743535801782,0.534950345194225,4.97573232650757,87,0.782473844626027,0.0277018368461928,-19.4437461931051,11.9576856995378,3.82126387263909,40.6572472641575,35.4777383750166
P12,B,1.2069379420124,4.90076703494252,13.4340145237077,84.4667433240074,0.209268260436767,0.350769299558433,0.584043411112135,0.343052517002041,0.218909336076278,0.322186312042398,6.92685770988464,128,-2.36234595647432,0.284512799409519,-22.5586267009142,9.06143529846042,3.4698270180186,38.6504310729653,38.7931550948316
P12,C,1.73584386617866,7.28940032920719,19.7908671007618,118.076022559373,0.209869992023997,0.416414093014775,0.600964517129017,0.0654271139772238,0.304476955252405,0.0416841803097926,2.5637047290802,44,0.474827887982859,0.0470857503947009,-10.8300267974058,1.51237075619788,4.59472559512786,14.1422532324911,27.0781468692304
P12,D,1.65408710348199,9.76023230301693,18.5193545518353,123.216626431109,0.235458476138113,0.397786101827729,2.32635182383316,0.510292268924037,0.954607635639001,0.421488318653297,10.0530364513397,178,-0.198841474252354,0.0608999526926071,-17.6011159634383,8.66472459392495,4.27184213911366,31.7817964184739,34.9151931569
P12,E,3.13983380448541,9.85907393381085,61.2324375177395,515.069594611569,0.197009922148925,0.365314258587107,1.70408225642205,0.405170746843447,0.597434746961203,0.427167509624535,11.7067551612854,207,-1.76788793172992,-0.239159842414175,-16.7558484723617,10.0079751563144,7.25375801681181,32.469993261032,33.4966312518539
P12,F,0.763306630342068,5.81602290949654,6.33068805699583,111.555039790449,0.189100968151368,0.364520619517982,1.29040180676375,0.395502420068909,0.492415181703815,0.309166683490303,9.71240568161011,174,-1.87700704180602,-0.31927034762395,-14.7322916588078,8.84618520068406,3.06251927635651,32.5246362919361,30.4319554619589
P12,G,1.15921708336776,3.69315323035981,15.8260739502869,64.8696693455812,0.222050953964309,0.40556063548324,0.963052916470623,0.316644944315683,0.37951488729856,0.435673010961003,8.24378538131714,152,-0.159796451246765,-0.00188910023986542,-14.6760221511362,8.10591284426287,3.23024475683564,30.0298375526072,30.7471546232594
P12,H,1.6557017344781,6.46649498597263,20.5979929307201,66.7033342199337,0.206145648341465,0.389269045209551,1.08240538520423,0.354484867069945,0.489182433944702,0.303743584208382,3.84528136253357,73,-0.382575652047544,-0.201760523871015,-14.6354521193829,8.3755115024341,7.70425042535682,32.0202185722311,31.5352191778066
P13,A,2.80376857451116,9.53550149123805,40.0730200068911,479.549952770729,0.20890620657084,0.331688198286714,0.471437174388626,0.345144370271906,0.0869134738341291,0.369291364141813,3.93322134017944,74,-4.91871431277192,-0.287635078203108,-29.2434438797854,13.6352937535477,4.52931091178559,38.5860720412631,46.0936891047578
P13,B,1.00696753778652,5.84350856814287,10.8337347742459,105.007640755978,0.190737124695233,0.322800602198345,0.148578625955132,0.262753760183256,0.0595069801163759,0.367776062372815,5.20700597763062,94,-6.58591606941049,-0.432300125435496,-24.6379848211721,11.7572543602395,2.33130710678558,31.8577065445135,42.1532499124278
P13,C,4.30529046896332,9.54745458730053,42.6161688836085,476.44486106343,0.190154717099126,0.322077789459077,0.0102336950973559,0.282513625939451,0.0509381635708463,0.34018116063067,2.42051935195923,43,-4.81390734891123,-0.0827902691634163,-23.4863482525252,10.5474517941725,2.0860905247405,32.5259091471183,40.520890022604
P13,D,3.15306683258752,9.67391041413688,63.3759909307176,499.542504065847,0.180200963542666,0.332599093927181,0.286927737649224,0.259317640465235,0.1690112775775,0.373680076370222,4.9571897983551,85,-3.6467081003858,-0.320207492636001,-18.0303510053943,11.5612755876406,3.52418643879421,30.3821634760943,35.3936656155525
P13,E,2.40982467501032,9.58323802384775,32.5272117586694,513.763283394834,0.151376397880201,0.28196372288979,0.110262866162804,0.279994576503336,0.0399635226584733,0.35104606328896,2.5642306804657,43,-7.3650837752833,-1.18349828556091,-21.9664266416805,12.5489530383816,2.85166937649012,33.0733616162845,38.3868319627625
P13,F,2.26094051334196,9.57077133152672,22.8791686834314,487.642053046875,0.148375628097244,0.286153909653672,0.155182885364876,0.300694083213592,0.0543178250324044,0.380175330075155,5.32924675941467,91,-5.69548451719515,-0.349895594930882,-18.7910196621195,12.539847082907,2.24380939034002,34.4675996096418,34.6916923907687
P13,G,2.43602965343838,7.38728751322147,23.3904922825622,65.7689646621101,0.152977780793699,0.271541239431674,0.0433396465207718,0.296633446783233,0.047364669010415,0.328740464717904,3.12167525291443,56,-8.26637660144368,-0.638745883944432,-26.1708732077477,12.5511134059592,2.34932402220569,34.8336299959138,42.6309631898672
P13,H,2.09126472495352,7.41712514186549,22.7317108817002,99.6783874988056,0.182811355421106,0.325532781509563,0.0137640352306905,0.278821200541541,0.0577489432154733,0.372377361509164,2.63719630241394,52,-4.96037298953354,-0.27263407743751,-21.7087395077305,11.9385447979039,2.34820634130053,31.6152971004666,38.4817744861187
P14,A,2.01141036789859,10.2994311112948,49.8675724490999,522.265432783406,0.239169110951015,0.382660550130788,1.23093363582644,0.357159239167779,0.117639652167034,0.622478944826184,6.65767979621887,117,3.75327794256778,0.416979733099745,-22.3869298265645,16.3493207190443,4.53907648268269,37.6671686422201,39.2996541634301
P14,B,0.113996128645626,1.06565437254875,1.87584549152994,63.2704119118093,0.196026226098864,0.300550203495751,0.062226380291335,0.205537490976274,0.0372770241730289,0.231586078027363,2.94167447090149,57,-4.83950865580237,0.0925516432051687,-28.5858071299445,8.58448035836592,1.78856588139464,34.0311978431113,45.0599262343688
P14,C,0.451829861264744,2.15907433621455,6.02930951930804,64.4470458424619,0.196631610367859,0.362532798724282,0.0369127257111861,0.268139968322904,0.0618289391105817,0.3075371536573,3.16923999786377,60,-2.58930867716919,-0.0803424144265896,-17.3558101021496,9.21997825786382,3.39981417894319,30.7367779173691,33.8226845791467
P14,D,0.740966425063022,2.12952777664905,10.9096939389122,65.3603144814108,0.173068605609111,0.301586763908347,0.438823652857221,0.289488793035869,0.19404894767762,0.320540555743735,3.99730920791626,75,-5.19575461834371,-0.738623925777567,-22.5013409538469,8.61902868400924,7.72853185221834,33.3005961985216,38.7222786674657
P14,E,2.7376261175176,9.63313549880213,34.6662406443439,507.407980055654,0.195112652632529,0.316006458347618,1.07626324960417,0.330510100838561,0.235044035407358,0.346115762441497,5.8752281665802,109,-2.00881530064501,-0.254126159136379,-25.4058084243871,8.40806015204107,3.00382763802292,36.946181514405,42.1923352739019
P14,F,0.560250927210768,1.40250471842524,6.75263406612392,61.4184059521888,0.252254099862099,0.362713024336499,0.699111951641456,0.31301133264813,0.074083901466523,0.342213638527115,4.43055319786072,82,1.8130698733614,0.317800128243128,-27.278913260134,7.75880331783504,2.3874031452406,35.8978778999734,43.7933542903821
P14,G,0.457781428482237,1.51040386755699,4.06786234861409,64.0029734911598,0.169645312752603,0.305707407221508,0.456255961952131,0.312080574317094,0.13925952196832,0.299431899289235,5.22618269920349,93,-4.79942252445229,-0.370199444864319,-21.4998087310651,8.33516934349732,3.34026575258247,35.6075570670838,37.9551593584208
P14,H,2.96021761621062,9.58871300993647,38.0615562581361,484.319116680565,0.17829364747165,0.305163868856944,0.448999019149555,0.34000174071776,0.0981413729962006,0.337128725683716,2.65134596824646,46,-4.37347141663502,-0.304390254193678,-24.8528404168807,10.0979979592835,4.86685893475123,43.6472548498791,40.7267612181381
P15,A,4.44635407038045,9.89418655046047,112.652403746898,763.393977723868,0.145111879459135,0.273324118539004,0.20566077821258,0.415304201087053,0.0405981482148407,0.334702391996667,2.64628386497498,49,-5.19423042498123,-0.344462604132665,-29.7704373611794,9.95958640644171,6.51438186431412,44.065159761912,45.029965733053
P15,B,3.33026166195458,9.58121728810903,42.4374414535933,499.157712126262,0.180850603253866,0.314467639050372,0.0361247960664242,0.302385401795528,0.0477278123198397,0.341291895955652,2.82086563110352,50,-5.31631738467583,-0.0408937802333432,-22.8066934306029,11.415582131176,2.45472062166424,34.9618060118051,39.550750939133
P15,C,0.669326897704099,2.97058951679605,9.34288696898374,64.9853162415745,0.192305985370176,0.318300766427528,0.0247363501344786,0.309869201370847,0.0497599488566257,0.326883522597031,3.45341157913208,67,-6.50878799961913,-0.576014312643704,-27.4845975300312,11.2235631181766,3.13063523340319,35.7987689522238,44.7048183295214
P15,D,3.81893046716494,10.1323026815607,132.309950867445,696.888256519098,0.212273823667768,0.332618202881021,0.228304046198345,0.291519033701848,0.0544993361825835,0.396670850724241,5.11633253097534,92,-5.55371288965679,-0.619933032128371,-30.1612810594067,10.9108713363889,3.04972698821405,35.5459779847421,47.7757631137078
P15,E,2.52180844962803,9.93628404202118,97.4229696030181,752.686866561263,0.159135812192473,0.272364152038847,0.418381227216985,0.328628253862104,0.192877991151446,0.378898274363545,7.05547118186951,126,-7.45011351392959,0.747117068813673,-27.2379549457455,11.4181652920176,5.59652073798283,36.6734879002566,44.4094082610338
P15,F,1.08032572790029,3.69642534099082,16.1237489672701,60.7740666055927,0.148138744876518,0.26325094498278,0.0555666953172301,0.280056889750601,0.0270368080078985,0.243504350980635,3.75100636482239,67,-7.87479577320337,-0.488895642557671,-24.9821529769609,11.2939050722584,1.7352361584046,32.781333524152,41.1952846989074
P15,G,2.60979141817559,9.56607568350471,30.3641401104723,519.906945009577,0.176696027598924,0.301156932724101,0.0195830215563622,0.279137324457499,0.0244020783222984,0.351907750804087,4.1276433467865,77,-6.57061135929003,-0.538446874092031,-24.904248772313,11.3019733556516,2.47265215471337,32.6301659691865,41.6378657197675
P15,H,3.4495765379853,10.0888988345941,87.7466211179506,680.796870138277,0.176787648274849,0.289862783396289,1.83047017811075,0.393768876860495,0.301680165953905,0.367047486172731,9.99026393890381,177,-6.84609214801575,-0.646898769189285,-28.4221526905787,11.3840999809058,8.01699142725124,44.8077915823241,45.1058757143298
P16,A,0.920209339946069,2.42844410887617,13.0604971443697,65.6125180864474,0.184193467181467,0.322317092924139,0.170320339128332,0.386471397194174,0.0171737910643577,0.32678316962565,1.52913331985474,27,-2.42639355898444,-0.512916160457612,-23.1223333582294,7.84664386441181,4.95453462085581,43.6318385778546,37.3710665616028
P16,B,0.726940339611452,3.71454468889427,9.5119323263897,63.9391002915276,0.211274607985271,0.330620935609829,0.297389991104715,0.28697783125318,0.0554841352569926,0.281187795989197,6.30617451667786,113,-4.25569213341496,-0.30782668568235,-26.9573873259097,9.23927579388403,2.452267647884,33.6738410509822,43.770134830953
P16,C,1.67030247022499,9.55804707007849,23.447133264734,498.896410976304,0.227114242262984,0.351738165629722,0.463138881794922,0.351725106001286,0.0970245464167125,0.41797718321833,3.23393034934998,61,-2.81213983903312,-0.385641186383919,-27.8283384886273,10.0173796998896,4.05918756619803,39.9273134522005,44.4992695867762
P16,D,0.261627929831809,2.19248939314503,4.57841621494749,62.3935833781888,0.181124656350689,0.322612595897092,0.586704116221259,0.336253730004183,0.111170457714307,0.368071488573304,8.53986597061157,152,-4.53684607842378,-0.747536541750552,-21.5146861239161,11.2108218623228,4.23857989292664,36.609377630927,37.8307300865856
P16,E,1.41854893781113,3.89477838636287,11.4008231292411,59.8531480784464,0.231479955958484,0.363481311813537,2.53628761609903,0.387781461849167,0.57190101538018,0.721376026706504,5.10785317420959,92,1.68703294099298,-0.896528856459872,-24.6048825611887,26.1744152615731,7.97415492484429,42.1724642304959,41.9771059832302
P16,F,0.590679397929486,3.75099439573429,9.41785831360821,64.9356308616847,0.17861910433064,0.320010840494258,0.83040552167629,0.321900836148831,0.0238599981913487,0.327188370593544,6.4170982837677,112,-4.16361152261773,-0.619775462190557,-20.3202763489397,11.4634857279794,6.12913032696791,39.6933472590188,36.799358719519
P16,G,0.237010098422293,0.556543142302967,1.60092818591353,7.05434024542159,0.175980861289999,0.30169743335986,0.124172690491197,0.344174519451994,0.0269578130799738,0.306130187215003,3.45595455169678,61,-5.12779071784673,-0.492805438332628,-25.4857579203419,9.00698540176102,2.82637475532167,38.9638690683619,41.4925963805884
P16,H,0.926121599777448,3.09736623742959,13.0258667940609,62.5501340408175,0.199569036015114,0.313166808819002,0.515637593956373,0.37117710343704,0.0729538678021231,0.368306349054456,2.9136643409729,52,-2.06033698199001,-0.425629055616405,-28.6803192637834,9.08723739669194,2.70540667853901,40.2354427132363,44.0401106693892
P17,A,0.280254117212252,1.15738297803419,2.77975161026501,61.7422974295009,0.117226754221178,0.254885863141689,0.131838001428231,0.398454335489429,0.0584880192067367,0.359416537329753,4.31671738624573,74,-8.30285073871985,0.0450076847271319,-30.3026028113866,12.5374937380366,2.2759547711325,44.466049826102,45.8836453921473
P17,B,0.211470202375826,1.00573556481058,1.26169785888433,57.8440364641275,0.137427394113996,0.256593675499471,0.177780777590328,0.305955943979023,0.105536168840184,0.145337542223325,4.59677648544312,81,-8.9601450172358,0.888125567265397,-23.4522781342881,12.0710638049468,2.84061915034707,33.4903059431199,39.6298680016953
P17,C,0.389824707745436,1.15617447666005,6.14287786590889,62.9317291831147,0.167277111240153,0.289684365448278,0.058932358423764,0.380625950722942,0.0555702222673019,0.346701787498308,4.65563654899597,79,-7.55057603323475,-0.458144701300152,-28.9100743619318,12.314021631438,2.1248157296208,43.0065456034219,45.1082405225486
P17,D,0.136973653069017,0.345773896839159,1.2605957326207,5.08235875666746,0.218626458447061,0.305370854504779,0.0423079166011318,0.142255190541839,0.0406754438630931,0.456447576699937,4.12500691413879,70,-2.6375426315065,-0.471906980354186,-33.923997297889,8.81410383019757,2.73028101814147,37.2846457197801,50.0937923316257
P17,E,0.66200094376261,1.34041175334696,3.9732612468196,59.8268115275668,0.218675026452097,0.329070820140834,0.919577784475167,0.418751025223891,0.416171871565147,0.618281743150501,3.8850154876709,64,1.23530070616297,1.24338542794308,-33.6509862919115,15.2542212705568,5.88429174094996,46.7734924807295,49.0750301895787
P17,F,0.501277699314667,3.77845382174547,3.48516771913249,63.6982796016566,0.227519611614428,0.327519722302223,1.23472672380586,0.378626979541193,0.0188458966953609,0.725086311438319,10.9981710910797,196,3.45372426620963,0.0928491645956169,-36.1409237970603,14.670891690447,2.71972296076599,49.0558693416601,51.4167445339434
P17,G,0.19070668276246,0.415708564493464,1.42384678487956,5.51474228651842,0.220758708751964,0.332746231322851,0.228239012543684,0.374643488949342,0.0687134287238752,0.409284779399339,4.58496570587158,77,-2.75975843542116,0.0345730955612095,-31.9547666005287,11.1226257885839,2.13622424062445,43.3085892241518,47.8632921730474
P17,H,0.440320871632241,1.09707100253339,2.29426834630373,60.5210171794993,0.144754557141547,0.28619190890642,0.573734877400705,0.389980772126003,0.542208194077802,0.306731556069128,3.84653329849243,66,-4.08275215554706,0.238739371267551,-29.7773578589918,8.34542590265615,3.97800465047724,43.8153154578054,45.3331568350674
P18,A,0.386823751978134,1.17467739790866,2.93044587873038,53.0434926913508,0.1694623436145,0.30127660739341,0.176532663327352,0.3649051107511,0.067760813429696,0.33166469653448,3.16126728057861,52,-4.4727398426596,-0.223585528951999,-24.7070382823197,8.25355738828503,3.59234764637552,40.2512623353028,40.3764774648967
P18,B,0.228417700150527,1.11865764417072,4.23662273897147,61.5465813432739,0.216185880605369,0.359913195149897,0.018998344219598,0.278210816901716,0.0459353771622822,0.296022946938836,4.36617422103882,68,-3.05128335889256,0.244658161569965,-22.1142321466627,9.34910160672529,2.26222121613921,33.4037533683056,39.5340730949452
P18,C,0.307381860111609,0.670585107808724,1.83622125751981,7.3176442755828,0.199573419784025,0.329934807884146,0.037872991078597,0.270705378254653,0.055504302898701,0.323814913773759,2.67281651496887,43,-5.99555542806815,0.215559678504133,-25.7743859759488,10.8224452923063,1.61453082376886,32.953006473139,43.6319465620078
P18,D,1.17882433580375,5.8509501398676,15.0252525652239,125.737476671046,0.222298904342467,0.359879100203576,1.26822635165731,0.362127539537446,0.616769332337585,0.363940493066298,9.16508388519287,153,-3.53067104736225,-1.00943722057315,-28.1637790083793,10.4901314213771,7.6452088598074,42.503313472421,45.7460503909635
P18,E,1.30313376036059,9.31020835347571,17.8164341820731,432.358059808776,0.184695100765243,0.314906924089131,1.1878730981261,0.31097858869619,0.235822119768488,0.381897288154275,9.02042436599731,158,-7.13500351788885,-1.27235449451436,-26.1915770965589,11.0517291302353,5.37278362716642,36.5114059290352,43.7582296198859
P18,F,0.270680379873347,1.1876511881343,2.83595642560486,59.6449474138832,0.218769601014312,0.353929010174798,0.123789308251194,0.306028702793931,0.0459013439184544,0.325391176211465,5.57891893386841,99,-3.90948956352443,0.317979002486876,-27.2030349317919,10.9871361973635,2.07109446466508,36.8895257253645,44.8632700742536
P18,G,0.188681146207088,1.06059867832769,2.04918641071186,59.9536533397475,0.181552012844441,0.352070433588226,0.0521512855258506,0.220473370613287,0.0543496444512712,0.387568097721444,4.86374711990356,88,-2.9821045755487,0.233961060463609,-15.1144922392797,11.5276930971758,2.28218090413623,28.4396024647477,31.1673752875524
P18,H,1.21062769439531,3.03280416831013,12.9097740294749,62.0772060233921,0.200661712719777,0.338191926862554,0.0781503679362337,0.289036297536767,0.0712430801440199,0.306229180069804,4.08213663101196,69,-5.79271165130124,-0.00811710594893159,-27.0929261397626,10.5076794270331,2.78124845048462,36.0983576724195,45.2896879152231
P19,A,0.493111161119511,0.951871048261536,1.59785321644509,4.12861592963085,0.160070681886651,0.286540979328823,0.0282756118965047,0.276738775525989,0.0488990025650148,0.0929025561614744,1.1957859992981,24,-6.28735568828179,-0.670891265173212,-22.679099013002,9.53906416604647,2.46970657076865,35.3340727192114,37.9438498404403
P19,B,0.031288766999818,0.0958158424275119,1.0585508980625,3.70273327065779,0.196045140064676,0.314368654556894,0.0638237700757996,0.21287118839075,0.0505308741566866,0.193954570743137,8.85267543792725,143,-4.61996608009907,0.030949277826188,-25.1137906756132,8.48254659782787,1.78217966046413,32.3362705991866,41.7535410494839
P19,C,1.18219274316905,4.76945081036286,13.4890130986043,61.943101820255,0.183115744284993,0.319454340011857,0.0283456542328609,0.31066674691307,0.0475263448156969,0.360093047272439,3.72215700149536,67,-6.56728313912947,-0.231545155349852,-24.5169695276572,12.7399859851671,2.29643051233795,36.1189878029377,41.7767697310662
P19,D,2.57909265868167,10.0415161501678,59.1761724353822,504.940221114887,0.283759428796914,0.438266187986983,1.04116530411881,0.363903993131741,0.104323295518303,0.730515430921534,10.7771389484406,187,5.5397094759748,0.29637047938417,-22.2619366459892,17.320403680707,2.95847727913119,37.8008781095704,38.7763604850241
P19,E,0.711224576975919,1.50341309448788,2.78462968241933,59.079468594445,0.216919009101309,0.345628043044336,2.75334961948011,0.390710217873902,0.422249886569575,0.677069029536438,8.96257543563843,161,-0.766408503391219,-0.480123941899469,-24.1337580983595,10.709346155227,5.5230611327608,43.1022544870683,40.6197275355001
P19,F,0.958610738947295,9.55384928959807,11.3271801071362,97.711765222932,0.150763444693472,0.320468305984678,0.261309581953267,0.337745497495015,0.0296307335212235,0.339171629901309,10.4374349117279,182,-3.634850908699,-0.269669468027351,-14.7197501184147,10.9250860512846,2.07236235590773,32.2157046274633,29.6703615585398
P19,G,0.10894885488491,1.08635386853314,2.97673361866816,60.8621054868955,0.165818236268333,0.291099879697993,0.106449578468468,0.278557600503729,0.0407932034872949,0.236047998406238,12.9992027282715,220,-5.14246487384899,-0.200780474927074,-21.8144737190777,9.07392069101826,2.33897690901888,36.1175428164378,38.3023902913897
P19,H,3.51987740858893,9.55890517053974,83.7656583577663,462.279492918925,0.153748969330338,0.275024807178524,0.0870563871367596,0.295157318989148,0.0353888096481227,0.323100504389641,2.91411066055298,44,-7.03823285738786,-0.709162321858391,-24.1754984123827,11.4458232408987,3.10118044042876,33.6604818978072,40.3045810623901
P20,A,2.06653366981844,9.51876250198371,30.3626421957045,478.703967775962,0.129536836057842,0.260860471923451,0.236619582230181,0.391232568362635,0.0586149098400546,0.337132816707156,2.6580650806427,45,-4.43366035282416,-0.216037872226882,-32.132482150123,9.25499063667188,5.32845462400421,43.6347785296416,46.8725125507897
P20,B,1.10493913992533,7.4578560926517,14.6247506379124,229.570690654601,0.202587339162379,0.323813576191759,0.16685836198229,0.338840280373286,0.0414015427447095,0.328844666815319,6.77516531944275,116,-5.96524023434194,-0.255647608779014,-30.3736903084381,11.371362819158,2.3042910247711,38.1479114590922,47.6100168842194
P20,C,2.24323299612566,9.59502315076565,24.1682235920923,473.605863143612,0.145937880968713,0.287109560522945,0.203878746482948,0.346155223993768,0.0395267186078305,0.38860134415245,3.84725046157837,69,-6.84727377030351,-0.396165639966641,-20.7385647101699,12.6224592554381,2.52198142856588,33.3159228745774,36.737206113836
P20,D,1.91491522684213,9.57672898489435,21.1619748561943,461.700979610306,0.246853202699072,0.367730967274462,0.607905581344059,0.374983571995932,0.0721279330401047,0.556274839259173,5.24002027511597,90,0.0807093989895372,0.0192815357380046,-29.9310479898517,11.2749390782735,2.3208254679167,41.3825658670085,47.3113808210689
P20,E,1.68904473276521,7.62319094550003,19.052238245038,87.1622194828751,0.148665165530664,0.267970511182007,1.00585247832401,0.302842147123045,0.500963079982609,0.378884835867607,7.16435599327087,128,-7.19368640287197,-0.375193254503273,-23.0215352499517,12.2211367960987,7.18597954453633,34.9362315260529,39.6486888154252
P20,F,1.31279797958971,5.82384753715183,9.64386687447422,61.5457023850319,0.143515275955208,0.283829345620979,0.314751937524564,0.257175142793473,0.0730779315183937,0.374669874945223,5.76560211181641,102,-5.81832769589604,-0.88132880702539,-17.3137280019692,10.4300746634978,2.70790477832333,29.3594922906701,33.4409840763733
P20,G,0.634200639286843,3.71203454045108,10.9523941904974,63.8397421475068,0.179814493575698,0.299906400362063,0.0324529746224239,0.298878801417004,0.027147883450244,0.315042793023025,5.24455332756042,95,-6.03728103532326,-0.509090482030534,-25.7186030108052,11.0023089515842,1.90124085506592,35.2860189098387,42.3694447183132
P20,H,1.81761125570564,9.544962184769,30.3298145497906,441.13431866088,0.196096470875411,0.32573040371793,0.0638092194652395,0.312042123482776,0.0550564768611718,0.31180921121533,2.3679621219635,43,-5.86608703171742,-0.31282421754099,-26.4135857002347,10.4603855229029,3.11017648028229,35.1479132854379,44.0370909908179
P21,D,0.345205410225205,2.12940283666747,5.98429556168185,72.6205139093865,0.209051121220277,0.326332557183314,0.369858561363429,0.313341425833821,0.0983997502102273,0.332801183795528,10.8935496807098,195,-3.44977867645592,-0.586682464904979,-26.5998950729762,8.93100412700583,3.31088440444529,36.102273996486,43.3692223955633
P21,E,0.250292270127451,1.86836621521709,3.66825017107488,63.6483420552581,0.193391246545033,0.290095631312756,0.307308818251821,0.17341559192162,0.0634953039631314,0.188999836017617,5.87276697158813,103,-5.18802101395649,-0.635461490904336,-30.9102829626056,8.72373471082426,4.51691613487904,37.5858173726723,47.3742791953186
P21,F,0.0734324114307874,1.06031328372293,1.04597742052365,56.7189141870521,0.211637094979512,0.332635708392632,0.0922931062954367,0.291918858030205,0.057762105458845,0.298602221212467,6.46782493591309,113,-2.80865973646274,-0.0948752292909402,-25.6627274862273,8.86985886127997,1.64477374205138,33.7383755920017,42.3766882352523
P21,H,0.120185438097575,1.07215129999255,2.15399141427849,57.7923277267646,0.202028608565328,0.330812739562326,0.062342993808911,0.303850072221482,0.0505652803979732,0.296512355234275,4.44157981872559,78,-3.39194107391764,-0.0105717162328671,-24.3498980086315,8.73671138703711,1.65717262827536,34.4412830269027,40.7877163310918
P22,A,1.53478415891934,9.6144689766293,21.9469760541424,125.899820755788,0.195423138367467,0.307970118175977,0.226324805542462,0.300185552813597,0.0305250153045647,0.42117992587939,3.22260713577271,58,-5.00956640601373,-0.919976385670687,-27.414825493296,12.2341664509096,3.43040159673091,33.9677436499893,44.3262908361368
P22,B,0.296179960626573,1.87843604152221,5.20777143236564,60.5529120402366,0.197468962551194,0.326188246014416,0.0321873085751732,0.272230472034977,0.0169220811957267,0.301299548655695,4.0802481174469,67,-3.11695543581673,-0.440085895540384,-23.1971667137346,8.32346810007275,2.25891848323952,32.113446139154,39.7390565944349
P22,C,0.501294440457831,2.12705087950313,8.23348195157409,64.0420129773699,0.197267480190585,0.323533792089045,0.80133216176722,0.305570573254065,0.0532769071886266,0.333990860513015,4.03659629821777,67,-4.48777344896377,-0.628711545108942,-24.24380774907,10.4769771662637,2.4528738641656,34.4166829081332,41.3962211484815
P22,D,2.78463617048683,10.0994627317169,52.2899371568891,793.890203488256,0.185888078465061,0.303271015856658,0.785238722283655,0.307021664245493,0.434948750101523,0.366094819732491,5.62539792060852,96,-7.03822877264824,1.09651908861131,-29.0019814367642,12.4809297620605,6.67051272239676,35.6596241759756,45.6669849426632
P22,E,0.603758514740141,1.93758745590835,8.86484254560893,64.6600216007344,0.224866096829259,0.327127096391124,0.736650280040945,0.340998268102238,0.233111450965156,0.439154815591855,5.04508328437805,93,-1.77446422566382,-0.458549494256781,-30.921928529951,11.3522430445243,4.03802541929862,38.1930751084539,47.0182655114487
P22,F,1.0224393043803,7.41769437943119,12.2844812325195,66.5514456347818,0.203812042872132,0.321841241344673,0.403481627966872,0.310281539885043,0.0682740311001687,0.300056238903141,4.55623316764832,81,-3.5209583630224,-0.613779364460432,-25.9254783749566,8.53159311741941,3.4447162768912,34.251113258888,42.5628465670524
P22,G,0.729433412021815,2.90800057291826,11.4625764288997,65.6022494290733,0.146186107817011,0.267165490387161,0.686763661728822,0.373081261275666,0.0457017363709883,0.388397922086411,6.91310238838196,126,-8.42422919004803,-0.297252882500772,-25.7484294659616,13.6570839212117,2.48758311045757,42.2281044368154,41.9296855841357
P22,H,1.13651640415144,4.94554094004262,13.0087468604386,64.8599495209318,0.15336504194035,0.302309425340343,1.11536615235036,0.419179537307108,0.0380088450142734,0.385729901391253,6.05651783943176,113,-6.66498151747745,-0.300831779945448,-20.1885599194734,13.6456700330589,2.60954465623134,39.3518956794997,36.4557881343188
P23,A,0.289976667573599,1.21207480019995,3.83747672174589,60.8858934954341,0.143566234259015,0.261982171364853,0.112120714670699,0.34769517925099,0.00864041474762055,0.373330520100048,4.56520318984985,73,-8.43033344114556,-0.432613266666085,-26.5145183209041,12.6510541628142,2.52424134255855,38.600669519171,42.4743627873276
P23,B,0.241953582682499,1.86714566652662,4.19354693213201,63.3144276133978,0.144731456037436,0.25971928684412,0.068338719166964,0.255899778982362,0.0127635047466728,0.245816850975888,5.41348505020142,93,-8.1685937161953,-0.393550216064374,-24.0466892478521,11.2780418618182,2.33374442470365,31.8391076582863,40.417879370198
P23,C,0.355933432590103,1.89273940153803,5.71600776956027,61.5578153953938,0.158889930340977,0.297440908075416,0.0687910922484673,0.268064083585176,0.0145467445255655,0.37931054459072,4.86884498596191,84,-6.25407703287541,-0.562761335113221,-20.679410377182,11.6326874790596,2.57238445634478,31.144116653445,36.9929904864367
P23,D,0.47313093005147,1.66013431657236,7.5143034866697,62.2921738021094,0.165134339653353,0.322908927431698,0.365675073987233,0.329153796278489,0.200493867150969,0.377625236313626,11.1020605564117,186,-4.51651087869908,-0.0603689157791261,-17.7660505854931,11.7158783584693,2.23489257308451,32.8769793919509,34.0484763613902
P23,E,0.441921588162106,1.28439233262881,5.04357994317076,63.0028988067168,0.165166437512719,0.306434135850469,1.11629804674094,0.322165809507927,0.366927809343855,0.374138647870452,9.93553709983826,166,-5.26130268225856,-0.688325071969324,-20.2316972914063,11.6354451239412,4.47195965470836,33.7627764987572,36.5468169643148
P23,F,0.148513673059485,1.09478935667566,2.6847122683457,59.8662966114524,0.141741485475752,0.260760493026476,0.142990715209729,0.275111088575926,0.0138998236587476,0.369242678469928,7.87513709068298,128,-7.12434834433881,-0.282401064321879,-21.1661569769403,11.895811816063,1.82371455159506,32.2655756467392,37.2868295963563
P23,G,0.25838474451041,1.10048188285532,3.98459921653189,61.38236277215,0.151292738425535,0.28215530323231,0.26437265970316,0.272307790079465,0.141162669129752,0.356778162486673,8.38560748100281,151,-6.54930154131706,0.353750235011175,-20.7569551351955,11.5044893818503,3.13361375008364,31.9388222729666,37.0207484311591
P23,H,0.597562302214594,2.97575458512779,8.83071451520968,63.1269087661416,0.153238322803634,0.279194297660619,0.0490368461036813,0.255164013101688,2.84660483614205e-05,0.375153052117467,3.08002281188965,50,-7.40180357456802,-0.835527271448282,-22.8220308699527,11.5306410925035,2.29535546505597,30.6205495798434,39.2104212447163
P24,A,1.90667521632285,9.68544154155143,70.5596246869131,859.551716264826,0.200208442008651,0.323973012227715,0.392271103321904,0.371031852422347,0.0745279376458242,0.327980207911671,6.36425995826721,118,-3.33466720801897,-0.271549745389764,-27.3349978908022,11.1617855599377,4.31962883673846,40.8477699091296,43.2834554203252
P24,B,2.31977068317347,9.54299023113532,26.3087612367502,477.603381082484,0.208353500040915,0.343610445621929,0.0613318251024601,0.262092564969673,0.0349598928405754,0.303494240766845,3.89469289779663,76,-4.96480416584099,-0.440376482504348,-25.3284476644959,11.2644855759342,3.85792248795967,32.7470782925161,43.3062586466482
P24,C,2.43464528894246,6.67913165813158,26.8058952388165,104.086508163433,0.160684119887003,0.282966870440702,0.067773743334154,0.345220943000183,0.0192767856983998,0.363634701724978,2.17916369438171,41,-7.13332219913166,-0.29854017518388,-27.1651172126549,12.6350232214153,4.14830577985094,37.4346186460261,43.4307941042743
P24,D,3.40511319179708,10.3703549955122,93.6388943769234,666.749625849388,0.182030459687687,0.324463755750364,0.886828757890688,0.415396289642005,0.446177431045137,0.377195532308407,5.30556201934814,98,-3.99468439276761,-1.63752942247735,-21.8972538072919,11.6073561723935,5.15925406125877,33.3950242071823,39.0275613094621
P24,E,2.96330087307633,10.1796352316198,68.1753824634522,498.781090606757,0.207634735501535,0.343723144659185,3.4417158137021,0.524578324823769,0.599910535623837,0.672407847161527,9.47305583953857,167,-2.18284328680156,0.552548678191471,-23.608830043141,10.3642730684835,9.98533439146483,40.3351966273362,40.5294444557636
P24,F,1.81100601278403,8.4492070462319,16.1968181552932,106.230290969699,0.150898265866899,0.290829003175238,0.180722472925791,0.317845344389991,0.0222851206156457,0.362314862385053,6.2713680267334,112,-5.49130494538473,-0.269049112708877,-19.5100008809571,11.7518908757006,1.75789277111232,34.7622532804121,35.0831029833963
P24,G,1.54635275455426,5.83060963502198,19.0498678802787,118.0068639917,0.162653630101135,0.306009111827922,0.0487384248766908,0.296506185840295,0.0288230792484369,0.319478082967429,4.1970374584198,72,-5.38399370277755,-0.501367007197583,-19.6753922598075,11.7383357156518,2.53001267428928,32.3744346441401,36.035683828086
P24,H,1.95225741723654,10.4402176254685,39.9712277831334,591.187585196622,0.178851095528549,0.326256893746574,0.966541819195141,0.399786779356395,0.163677101121052,0.514492963534393,7.30900859832764,136,-6.03302639124112,-0.555719724352314,-21.7598125452557,12.3460849759261,6.50874475076175,32.0732968452472,38.0315258087189
P25,A,0.901757140414665,2.94317787131248,13.9086796893643,65.9437409553751,0.200973675357408,0.331129257597096,0.0948151226132967,0.387645559252501,0.0333129974906458,0.323246321660627,2.03174805641174,37,-3.30507842282835,-0.00483255338349606,-25.6559455924171,8.79745171336369,2.23764950728788,42.6692114286533,41.83221555808
P25,B,1.04144235424971,7.58575309902473,21.8384306793957,378.773376133739,0.227092468071869,0.355836387532621,0.233777310142943,0.294459239585463,0.0413669329282537,0.380813287717642,5.32808327674866,99,-3.18648635400681,-0.35690416662364,-26.2645613832996,10.8773581406241,2.4339228856943,33.6347632305971,43.5229396984305
P25,C,0.403570685356516,1.92575510399221,5.93014231193115,64.7712140492885,0.171606686052452,0.297617406656789,0.026582264913987,0.293095697185479,0.0462840362053843,0.342420470513915,2.4760148525238,43,-6.17164433747659,-0.492274881843329,-24.3912896777295,10.6635145123081,2.13625825453202,33.0504436705727,40.7201950196695
P25,D,1.78005356588543,5.76530078340438,21.3426032052384,66.1689103054215,0.205572100787634,0.340946331215196,0.180909692903976,0.277369481001375,0.0986235653497688,0.339727608681027,3.38669729232788,63,-5.00917529585346,0.785898141092989,-24.6810386547463,11.048063036947,3.00014272310012,33.047133274062,42.2122590515752
P25,E,2.96314820076747,9.69325577621616,39.5587430336587,518.640252104244,0.188943792030477,0.331290145002613,0.374831251547536,0.313654721987698,0.166799899843155,0.3253710214621,4.322594165802,85,-6.05373922687909,0.438855372647516,-23.2688529114875,11.0796089132649,5.53102635379219,36.7167886934242,41.1535028707916
P25,F,0.863849015234652,4.82639999991336,13.0071444851292,66.8017517734172,0.161222310384656,0.281362310737639,0.0409057176641881,0.271222291857352,0.039185114024032,0.334565222484053,4.22717428207397,80,-6.67065759414181,-0.495430519040419,-24.0655774933043,11.4854876362618,2.26783692557585,32.7344704442854,40.4609952824641
P25,G,0.459841581787094,1.8581769254314,6.35263859683213,66.5733158429442,0.220778056060151,0.344441608152984,0.128799795028635,0.297672842984815,0.0233704536051981,0.344081971566459,5.7599925994873,113,-3.95644664493908,-0.0739734869376372,-27.5537390846547,11.727688632058,2.25135262844224,34.5742187819151,44.9264649206052
P25,H,1.50126573927134,4.81408969552525,20.8433982146624,116.020443550628,0.192447380405558,0.323038666058042,0.0884319683027678,0.316084234626201,0.0413212050339576,0.340270019076727,3.4652693271637,72,-6.77729973365109,-0.0988284122778045,-27.2919539068571,12.0431268771154,6.82202951443059,36.1600450523993,44.8185184674148
P26,A,1.14737756650471,3.7899059820941,12.7500536761732,65.6387021384859,0.203371737642844,0.308138347719678,0.320903804792284,0.3595107437133,0.0180040562885506,0.40724954887998,5.87306952476501,110,-4.95016222231471,-0.0851722274019895,-34.9404968451578,15.0517886730345,1.91653393408883,43.6178638419149,51.5541004061387
P26,B,0.227673413943385,2.11972416549919,3.53418039530085,66.7459538296465,0.149362514848426,0.265751282412238,0.140185759771262,0.270708800872183,0.00929266153880057,0.257987154331005,8.86860942840576,155,-8.5310088417512,-0.283232999429908,-25.090225959558,11.3777866971488,3.07405728827118,33.1901380073761,41.4907244783292
P26,C,0.886190042156545,3.73412177121049,12.7585957687562,120.166715582776,0.192779635454529,0.306351860799644,0.089102640094632,0.34782849235992,0.0353875683972753,0.326248698476181,3.59678649902344,64,-6.34540623465881,-0.639290659820754,-32.5170703153121,10.9812211516141,2.85070464455557,40.6924606327959,48.8950498587328
P26,D,1.88690438051669,9.8739898929335,22.1885800519125,507.240821372603,0.211552265524189,0.359422101561684,2.36716094947311,0.466454014472588,0.459425092078547,0.453124079711775,29.2013108730316,525,-1.95146679993013,0.105228686540458,-22.4838053691621,12.8315363204244,2.82267244707966,38.5747599044765,39.3570660376892
P26,E,1.53912441648228,9.81401802753427,18.403389830563,545.747104334616,0.195112386023098,0.352985717809095,0.72607348412933,0.350703045537603,0.361601935301939,0.316583294683106,13.3111751079559,237,-3.80102171126321,-0.329552774427465,-20.0106572285929,9.5862654181108,2.94764917845339,35.5678179222933,37.1056617266613
P26,F,0.170132012228006,0.564503717324713,0.395274117441183,3.51410397637344,0.166899206040413,0.299039852962742,0.700518829741218,0.385143217254768,6.02199154216777e-05,0.387416106678033,13.6727414131165,244,-4.43684612766415,0.407254525579162,-21.1857744634387,8.52037030381561,1.47206438099322,37.2127581442657,36.6585893458173
P26,G,0.368019465582483,1.16145027943798,4.39625702571399,61.5917953802854,0.171427527391431,0.362525295877004,0.192309253273176,0.360977614014842,0.0104718736949328,0.3283181946403,6.88572955131531,117,-4.26060380481433,0.0439645829678934,-14.8588604463297,9.92901940488257,1.68982154930971,30.8787633666001,31.4646598072103
P26,H,1.90910895457409,9.71883858117793,41.1102005804753,552.508069724195,0.149870552974994,0.284694155506528,0.456707887158864,0.397202692956612,0.0981999027911084,0.39277354910926,2.95771932601929,52,-6.92407516709279,-0.891721711203303,-23.5048041006046,12.6499002303215,16.3627911657284,42.8635295616788,40.1351902408526
P27,A,1.44723272499772,9.9816032396679,20.1986746760953,650.886905675434,0.246281330156807,0.356220325926902,0.581532721405938,0.387648336696697,0.0250273000871104,0.409545784405294,7.49722528457642,141,1.21441250868555,-0.208518200958466,-30.7464118671051,10.0648543994315,2.98908749767012,42.4718464739565,46.1694874830791
P27,B,0.145614032027573,1.0879414916026,2.97390306298839,65.3299226710856,0.210489820801528,0.330663860295583,0.107400713864021,0.29005843136141,0.00917623235784977,0.294073535492638,6.28866410255432,114,-3.64622099119146,-0.52880619205462,-26.0273009522029,8.58583192232656,1.65280947612411,33.0715027702111,42.6492377329762
P27,C,1.46437445613939,7.47326896956358,14.3582446973187,125.836559358308,0.198428514213341,0.345461862982886,0.0448237938122817,0.293302051535659,0.00902562941765838,0.320531875865818,4.35474634170532,83,-4.61295508711326,-0.696185689655654,-22.7731660452441,10.5391313340804,2.75678884720385,33.7935111416159,39.5688198662607
P27,D,1.30144022353312,5.79440265153303,15.6170881851706,93.8001485017419,0.266814756164767,0.423571919449737,0.950453850745889,0.365675598649097,0.0663977498461232,0.740192508443838,11.7003197669983,224,3.8711747825874,-0.149398302255274,-24.5694669204463,17.1704882294647,2.10812513983991,38.1726788761349,41.4188219282983
P27,E,3.18034677780689,10.4555063281855,41.2090691300694,519.704275970395,0.270285092661887,0.383663892024807,2.34770343085066,0.319168915762465,0.638699636911836,0.679345635546725,9.44798374176025,175,1.84425921137159,-0.585603158180562,-29.2246040919058,21.8581183806152,5.68701521669987,40.9628883076449,45.7972559291241
P27,F,1.53082997530757,10.1558704638017,14.0835018055143,464.077504425735,0.258893797580373,0.438433678499745,0.732987597855187,0.302682032300939,0.0492533895479314,0.65069054175649,10.3967938423157,176,1.10519387993996,0.00478541228540523,-16.8258350652759,10.6373050978304,2.2842158656852,32.2823456104958,31.721115847935
P27,G,0.268291791314877,2.12213000684343,5.11347519115854,63.3453652782198,0.231938429869259,0.373917100242238,0.179611703901735,0.277226441580391,0.00913641591730947,0.366888053645139,8.58279824256897,153,-2.25889440723314,-0.306173165321178,-23.1247237579307,10.3295232492986,2.66574505971615,32.2075386841119,40.314163517097
P27,H,3.34215458611752,10.635159036428,74.4638641892212,471.745726384587,0.19977873542072,0.327222714126625,1.17897914933121,0.290100888640378,0.454474618255795,0.363935138123291,5.77168893814087,99,-5.911159904807,-0.803072899511624,-25.867504110276,10.7927421773697,10.5921800716992,33.464596677201,43.8084546801311
P28,A,2.64485774358066,9.64331588069321,34.0795773901257,511.672049049533,0.182794590589423,0.321919685546595,0.0855243699840272,0.337301664780091,0.0232023124893355,0.331805232243165,3.36145782470703,69,-6.74920471236651,-0.230249767141638,-27.2461286968763,12.1302426588616,2.4698180748346,38.1032826955489,44.3598129629782
P28,B,0.528248420475287,2.81816204828809,7.21587720334238,64.1256332523388,0.209758918088867,0.311956845251009,0.201990840511142,0.377374373066631,0.0178592358717158,0.293455447099477,4.64521908760071,79,-3.9422597019855,-0.22471415568658,-33.8697389482422,10.0033945893593,4.11797567645065,42.7088750085245,49.7419999869837
P28,C,0.541724089744921,2.98606142015768,9.60224503898125,64.8156485272265,0.188621461915986,0.317159842949764,0.0101066644908067,0.269178908281041,0.0122446389834981,0.331175717416106,3.30766940116882,60,-6.84617970405302,-0.505732614376892,-25.5895489862432,11.331344648009,2.33707516740991,32.5312598440743,43.0848349144993
P28,D,1.42798372843949,10.2150207633691,15.6368062422003,472.216048610516,0.1210369997267,0.257692836389734,1.09707567722781,0.471741754980182,0.437028195738582,0.387854162104452,7.73487687110901,136,-5.37817165124694,-3.29765570322073,-29.789321737404,11.2884898551566,6.66607424047688,37.561188714343,46.2207710820071
P28,E,0.818199473248771,3.46881692492243,9.90237018001892,65.276647547053,0.194217718506124,0.312921817788636,2.33474123541965,0.365056581445862,0.500805857000446,0.382743007828827,9.85905051231384,195,-5.95519069460373,-0.139141391804045,-28.5164397205424,10.4033285431912,9.49843529987341,42.3114519628475,45.5945946501955
P28,F,1.78862487962211,7.79609708032989,18.1522146153246,106.857872053504,0.231810444766599,0.358245355886497,0.56567853009579,0.320048862025199,0.0206634241923324,0.527907975061874,6.66069793701172,125,0.30040867798086,-0.331455327703223,-32.2817765274532,13.6202127788462,3.53957129514263,41.1974625113653,50.5399353757239
P28,G,0.257017786876363,1.18841128255693,4.32868597121262,60.1312978471783,0.216984005634621,0.335866736434435,0.106766614211789,0.327642817836366,0.0240685813876433,0.324068286623542,5.47545289993286,97,-4.55745771801403,-0.198122755780693,-29.2476404635087,10.383509000922,1.85375553554282,39.141237606443,46.0163443317299
P28,H,1.77233413002208,9.53703956498288,17.5790416010535,107.504679932596,0.187700363750321,0.316996955883756,0.109318265332662,0.323087907044842,0.0222894304478483,0.360487679775878,2.97278881072998,54,-7.34283250719173,-0.47582955623635,-28.9601660534083,13.2057648422829,5.68679401785113,39.4880805717144,46.7646290971289
P29,A,0.809984467892881,4.79721481084084,9.26023713413555,63.0826053646489,0.16215384095895,0.278394613758244,0.332915151471018,0.380153484721378,0.169248540262892,0.402404203367863,6.40981650352478,109,-3.71104968745683,0.553562787779672,-28.0825433514666,12.2239418956294,5.19184742558336,43.3083566554059,44.3264303738845
P29,B,0.299212787500568,1.86200184256799,5.3355924926624,63.5232922305718,0.151655020652474,0.261153527189442,0.130632022875991,0.328887157587114,0.134391259430079,0.360108834337038,8.84319424629211,168,-8.11985912995922,0.94089759343923,-28.9014771064991,11.652625731419,3.33875299734984,37.0760799033304,44.8531315562019
P29,C,0.439362357631525,2.1238142287178,7.4262410105491,61.1337782328728,0.15153723029652,0.276966052299605,0.116431676836654,0.268382828564323,0.0262619312903041,0.366063071377148,6.42568349838257,109,-7.1301018018724,-0.46686244692765,-21.8139261803439,11.1642784974118,1.94844254626572,31.4887170774419,38.1479852140354
P29,D,0.654087939024551,3.72361575218383,9.6878682147733,64.3499029240764,0.160314178746602,0.295691676943326,0.532837691975915,0.275764054965209,0.256475251806124,0.362057042359619,12.7464213371277,229,-5.0039076434353,0.37416014542159,-19.3621729816852,11.2552913752181,3.57546125288212,32.1829233911254,35.6827858326083
P29,E,0.313350009932774,1.88417655891599,3.24697322942022,61.0524149221038,0.185161163757844,0.303032947193556,0.722286702461926,0.365921664411372,0.0374548525085491,0.381463875038049,13.7340707778931,242,-5.81178359490131,-0.360687731333841,-27.6608556135567,11.3603164941693,2.30343580098068,40.6085471497673,44.2118474359501
P29,F,0.524567233647587,3.72664155851878,5.63155503439368,60.7253350941629,0.165325596223659,0.359891391434012,0.550562592823636,0.507715590364049,0.0157947277082212,0.317726245230499,15.7179610729218,275,-5.4551579003714,-0.228800904854846,-19.4465792513695,11.2269098751664,3.0868396722507,39.219273213434,36.9084446554236
P29,G,0.157331445932285,1.07619304246558,2.16570276589465,60.6431870638265,0.152033583382346,0.287190832159686,0.20378674222157,0.264279032709933,0.024827635013296,0.371579291828081,11.4420709609985,191,-6.27036499325321,-0.366175718840695,-19.5509729536751,11.511301276102,2.04760178816581,31.6764902620303,35.8133900053132
P29,H,0.63813308257466,3.06261673127972,9.86459277157297,65.3670556851211,0.175717909211262,0.339119405870622,0.138794975361394,0.303445795106187,0.0309148203196402,0.367150057157447,4.16917538642883,73,-3.72337487362102,-0.16224920113876,-17.2621648744128,11.2742012400953,1.75470614448033,33.9771076015455,32.8940869552959
P2,A,3.54172326331456,9.53866106295145,51.2542012702356,489.702992551037,0.255170924560952,0.362363029774224,0.125094239423211,0.251226229489943,0.0474121563892054,0.0613362182784322,1.21532106399536,23,0.757029735246221,0.525265178752226,-28.2269962097255,2.29875166360999,2.46577084626936,38.8714969237525,45.4588663796641
P2,B,0.279755961399928,2.6457560412478,5.34956923240435,64.3408921904121,0.262888693451228,0.381151548410742,0.0130791545713937,0.281303235659939,0.00761518991586787,0.0513471792763188,4.51715564727783,77,1.1140991162939,-0.522980533428224,-25.7541769775489,1.7698801121997,1.69451361207761,32.5726211670996,42.978676026731
P2,C,0.186484821167572,1.11330712925862,4.08652375540715,64.1106161918118,0.261910548991006,0.381469715847751,0.00846213174004579,0.343111723038839,0.0225749007300473,0.0395205904217475,2.83898878097534,51,1.90499723080157,0.618627232988723,-26.4075066124475,2.44862371945701,1.77783638412138,38.6707444500345,43.308171651579
P2,D,2.91506749464324,9.71262096857658,75.483141318324,629.466853062949,0.259540235977458,0.386321886749996,0.454490379535833,0.326997970557612,0.23237539475014,0.086119965383175,6.46639800071716,106,2.21870976446038,-0.183205651022814,-23.8199166718518,5.39131106252175,3.5214241584179,36.1780719995743,40.8046748271634
P2,E,4.05397062561572,9.69604189475038,59.9923385375138,540.631507436086,0.263281542286168,0.394725486259854,0.202492722247265,0.331387922234446,0.16069918174051,0.113795700395598,5.19245004653931,84,2.07958959990023,-0.390850610412455,-23.6278337191308,3.30127930851823,4.41675934636004,37.5644714670066,40.8609560983606
P2,F,1.59146618121791,7.68518328444177,18.4130765247268,100.503395489206,0.187634221462619,0.32288182012818,0.0820698082838866,0.323401350791118,0.00962448382947669,0.227548761274586,4.20086765289307,72,-3.13105183254079,-0.213351691481318,-21.124867780819,6.08270814887448,2.2877043439059,36.0488598622607,37.4197694838941
P2,G,1.4776305082785,10.1833611343548,32.5496177822887,480.167992023401,0.256428146572973,0.384571716278831,0.130604910485554,0.33640401922353,0.04829640574086,0.0565321202042179,7.80042243003845,131,1.40239961238505,-0.211647239845327,-23.5589530591277,2.034166301641,2.3953154292442,36.9182853213084,40.6362395491791
P2,H,1.88417848065816,9.54676820184741,35.7873920981488,456.451547177658,0.260224139666769,0.357791238078841,0.464723845645174,0.367958486233807,0.318777637232559,0.063008720729655,4.73284554481506,73,2.05317266207542,-0.00786252277470501,-31.7553403543723,4.31150194572154,12.9202476843054,44.5403720777843,47.8075499016234
P30,A,1.11452696544278,3.76970922070277,16.5152325140913,103.775469827602,0.147318652802313,0.272173126107639,0.249900105668764,0.375392798117017,0.0204065708964079,0.373523782550354,4.31601452827454,81,-6.47668952141629,-0.139832221515112,-25.5113147695399,9.62775767808647,2.58233701037951,42.9673277537961,41.069903542398
P30,B,0.819386653284113,4.77980753008756,10.2951097484551,114.71773412111,0.155281987582677,0.286962694935769,0.167265604486354,0.277574352353385,0.0131932683741686,0.372973444615598,5.66017127037048,103,-7.28949305274208,-0.407639846441677,-21.9168917406655,11.5672277901135,1.7681892667918,32.6217322298623,38.2992827570473
P30,C,0.788782686851804,2.91230495019665,10.4465540134382,62.4101272469818,0.182299825977133,0.339246038732066,0.040816104042055,0.30628476554885,4.05683927961135e-05,0.365277338816286,3.79166173934937,67,-4.15040367455657,-0.420940002951645,-19.0238666878956,11.5711723697556,1.41157841211054,34.0389702638177,35.5391666357827
P30,D,1.288846800456,8.32649832585884,16.7373397298026,123.434114709506,0.166002582983293,0.326749240251525,0.215173689412905,0.350299633037904,0.092678407716604,0.373863586851875,10.4644598960876,180,-5.19789153649632,0.0734220338837553,-18.6450023436072,12.4424058038693,1.81882681518811,36.7703628113926,35.1336774530683
P30,E,2.6153394068626,9.63138767773559,34.833460618624,490.269957402405,0.176633848555747,0.318882410131028,0.893907920412608,0.333459820040402,0.209564942184378,0.393702630969333,8.42169952392578,159,-4.48511864135962,-0.315477156710613,-19.9131866922482,10.121955135877,3.83087539418033,37.2295430470807,36.7506483086644
P30,F,0.793091360782574,2.1200184549192,12.7531610242128,119.551639967204,0.1498278080261,0.289591900126366,0.156518062747429,0.287664637832793,0.0128047049973597,0.374119457842191,4.74718117713928,81,-5.9757773562966,-0.090814485351764,-18.6533603421014,11.7463478071694,1.50163490198812,32.7788901574407,34.768077800984
P30,G,0.335308495742821,1.89011871367931,6.53170784819823,61.3656849659778,0.139663003110194,0.255513688218539,0.152036935600345,0.345140822710139,0.0251453031406034,0.147760118633925,6.74969744682312,111,-9.2417713413524,-0.323134270937077,-25.0872674275815,13.1321189377623,1.61332145238223,37.674943170074,41.3259007237775
P30,H,0.675925681919556,2.17308413914562,8.68685777088717,64.4448336453069,0.167020129899491,0.306487707787042,0.258108165526339,0.355108793232987,0.166148360875291,0.336443336850436,3.74193334579468,69,-5.23908300472629,0.0551366420975526,-22.5295922171352,10.2228114376483,5.59052041435214,38.3570855410652,38.6216886405445
P31,A,0.429126419030373,0.872368272579973,1.52784726123028,24.5778234465739,0.187438922028529,0.310826668338052,0.674663050069958,0.382749708278015,0.0239565124726792,0.326169801822713,5.04512071609497,92,-2.33610577427889,-0.116964671586886,-27.0616057599372,9.2425395987401,2.46706521328835,44.8100184657421,42.5219094574253
P31,B,0.135117487685128,1.06072425105955,1.12713211816963,60.4623846094607,0.239335484194978,0.348463349573499,0.682636793542356,0.310753017740656,0.0248966011774637,0.416554440071391,14.8681945800781,267,-0.103056953090625,-0.195663927994231,-27.609947006371,8.64896210648312,2.05234621927601,36.3074536259792,44.3104378505457
P31,C,0.234743747940967,0.476720741642035,0.827288389983724,6.2734836685709,0.175298653558339,0.316450152296604,0.123470295615808,0.320034622953117,0.00720270378698458,0.303888982013669,3.96105122566223,78,-4.84210720090154,-0.568264751908773,-21.2123528356637,8.74143951747563,1.78941137612331,36.1875251643619,37.3637259986055
P31,D,0.205655875843854,1.24367934873963,2.112732805206,64.8884086840392,0.210627976985494,0.353805650125897,0.719357907382508,0.282081754844734,0.217534577892254,0.41466813024237,19.4751992225647,331,-2.17306821077463,0.414733947570044,-20.7431668524995,8.48323949429152,2.38214882902012,32.8777155191009,38.076568908612
P31,E,0.64744059057349,3.88437923715836,5.02672933590768,61.7161557944822,0.222737872684976,0.350971961279333,3.78892275582633,0.388405350490622,0.898013568479422,0.533306853735364,17.2864484786987,313,-0.549159686163481,0.283702335818997,-23.2862682242481,9.22805971138765,5.30079543034016,37.5021581329892,40.3413774697999
P31,F,0.0896172511859258,1.14341198436679,1.21137727766626,62.3731874428079,0.177957418097384,0.340259402539546,0.304953321771737,0.312407454823021,5.21839361999315e-05,0.304699226557698,26.5081214904785,464,-3.59387802307591,-0.46801111243,-17.0376312228838,9.00937148538591,1.86392463134954,34.952430718742,33.3716028354975
P31,G,0.233042147084799,0.53140294071989,0.946626879641388,10.9428162233028,0.189667964138892,0.326200663260829,1.6684390275909,0.401827624587486,0.654707462827795,0.326365983103117,15.0133514404297,274,-3.58411162195623,0.0119788473367988,-22.8101562915352,8.7307989297646,8.31143060803953,40.4302626037482,39.2654191979567
P31,H,0.462229610153931,1.18825313551543,3.07252245361681,63.1865037466265,0.17469321913924,0.316965644436425,2.12052091890188,0.450501522162467,0.608023950477653,0.37933463857265,12.0092782974243,219,-3.81639165316365,0.0493997938486346,-21.1195174774445,7.29640132736486,7.97579808318675,42.5294327828508,37.353374250112
P3,A,2.27650301588528,9.54104526962843,32.0975808408587,471.101680705607,0.277327892391418,0.390109672872584,0.0326152798056205,0.305690566177769,0.0270129530651096,0.0433215654203025,1.67806386947632,28,4.40283005465915,-0.608713953010361,-26.5624728886173,6.30072520082098,2.09130408922441,34.9638709004089,43.097876995574
P3,B,0.691824261696332,5.82015294961625,7.76230143085248,108.237327314649,0.20844484366274,0.351259352709727,0.0498864359050172,0.339447747261118,0.0155238537707893,0.197269591314615,8.14971995353699,135,-1.94560283937839,-0.843742935116224,-22.453524681432,4.48068816918168,3.15512450923377,38.1091458386854,38.7271369993398
P3,C,0.288302019644279,1.09785906003303,4.86345415481765,63.7238724637804,0.15752916597624,0.276624282771993,0.0240868294628251,0.31407839790962,0.00214674674892582,0.347555741168215,3.33208417892456,54,-7.80252912030687,0.0568714438404511,-26.530716523692,12.7009769910818,1.95365352690196,37.0044794531873,43.1228066286445
P3,D,2.51602614232311,9.58314182271013,33.8014294030134,508.831523396299,0.255507375223562,0.374731207234273,2.28216506144942,0.368931880380769,0.666232764151951,0.652317059330814,5.22201609611511,94,2.42740538304279,0.302471025086254,-25.7349529411459,13.5717230374796,5.23078478929906,39.935907790275,42.7016120560219
P3,E,2.40113849615535,9.8527855001555,27.5805994536978,477.170386954622,0.23009345594085,0.356837596344621,4.68271896856645,0.39062254791902,0.676442435176662,0.818558134052178,7.70599555969238,127,2.23014886762292,0.308294575989894,-25.7122776483511,24.8920919193551,9.08902821774048,39.7819479093594,42.8198505071956
P3,F,0.873457050943255,2.6704403296807,13.7190622867587,110.279824191308,0.193941187423029,0.364261961448483,0.679249143260774,0.240956411538774,0.182264894624036,0.273322815101986,5.03436923027039,81,-2.19198457083412,-0.0934533187708375,-15.9429823006641,6.37761986290446,6.27525215884719,27.1125278819525,33.0470334179502
P3,G,0.467674397053916,7.42404451910562,5.87099397140425,265.415424390419,0.22719676229598,0.390909303796855,0.887846541715142,0.519861928134737,0.297792518540601,0.552229169212492,8.87066721916199,157,0.0825387963263629,0.406315663157221,-17.9459315046113,7.51275858516272,3.48824980346561,37.0858863041361,33.8921013374542
P3,H,1.03502117728005,2.52394877277021,12.114927490394,62.756249347417,0.233183874763173,0.412604664322327,1.36798395239819,0.453067022669504,0.621837731657131,0.213323362131249,4.63378810882568,73,1.71683875324679,0.0412997311041397,-15.0272658524641,6.06240517655894,4.6106620903651,36.6212637990775,31.7321563106215
P4,A,1.32004079497361,3.73940612738364,17.3843251920628,60.5399736123194,0.154420814363898,0.291998680220924,0.1411568725532,0.287379776013978,0.0305531175176109,0.372233371466143,1.55143642425537,29,-5.9768995570501,-0.450372333768344,-21.2340021734642,11.0726795102793,2.54552838598054,30.9841267535892,36.876447847306
P4,B,0.270992390278632,1.12563270280432,4.37442591881043,65.0739146772912,0.150998096286691,0.278810683470404,0.761875708254898,0.29297650171474,0.0383619321813739,0.37824288548564,13.9639437198639,255,-7.74547780250683,-0.303846970999348,-21.6410699864197,11.7396686264968,2.91094890157535,31.8188410245153,37.8269632500254
P4,C,0.289867237957936,1.92583522418181,3.69480914806108,64.8401157223342,0.172181640499043,0.292369289774555,0.020291019523053,0.254219531840037,0.0551576013166718,0.23506774039244,3.84936475753784,67,-6.40142177824518,-0.705084700112951,-24.9414223633605,9.13571849703581,2.29983851952522,31.1304174940258,41.7622781421427
P4,D,0.356016092248921,1.21923756831905,1.79540828365528,62.9029892411887,0.138692092672733,0.263541849948452,0.13509974534565,0.268366729172054,0.0116306824209027,0.175910742391158,2.52573609352112,46,-8.38164443739063,-0.410416877654105,-20.9953582775572,11.4545494145918,1.26334068155054,30.2614030676877,36.6802639247902
P4,E,0.389737919219182,2.15642519697335,4.14734972196016,66.3554075974095,0.153262106946413,0.290348573596806,0.592387971381725,0.291256235959895,0.305320127370602,0.377904852503839,8.02063369750977,142,-6.96928900382942,0.119408966895722,-20.5554061051785,11.8828548885297,4.17279467917685,31.5882621978396,36.827744234349
P4,F,0.707306843310858,6.62394933327536,9.81587716234241,129.945863208879,0.208828599921591,0.317121547066604,0.221243258718671,0.27184254360003,0.0735159492681889,0.365619351925464,10.189183473587,193,-3.75277163444796,-0.886579640631863,-27.5877408288644,10.6399149877978,4.24558750942605,33.2334073144489,44.2396608533817
P4,G,1.21699696974267,9.556255418465,18.0897740747628,481.774326959035,0.181299022806999,0.310021599167442,0.776794191800272,0.413154036279373,0.150438763433918,0.525527714533077,10.3579776287079,186,1.32076459084186,0.19017911887818,-32.4793785693826,13.3347070384884,3.38556765723754,46.2039646197248,49.1501060773262
P4,H,1.52318788703983,9.70568742326372,25.4445985568645,459.754862063667,0.180538342972403,0.312730485679516,0.515837276332462,0.233883316129749,0.0496480335988275,0.516544435301075,5.18379878997803,90,-5.48147023370539,-0.546497790376079,-21.1866250192739,12.5859868851964,3.36598061408933,29.8446396739174,38.2786628550035
P5,A,0.523729460531666,1.15685908415901,5.77079747120581,62.4429407961494,0.159408612648302,0.288958062240859,0.255668075289859,0.381313286951076,0.0861258664506538,0.377527703103,3.21525073051453,60,-6.35672264401951,0.395353411945296,-24.1951180542623,11.5531514466421,1.76240543101403,40.4210237478734,40.1705133948939
P5,C,0.195393179353763,1.08716238720518,3.12933702676636,63.4344163312688,0.18898257660722,0.330120999950739,0.0174044391688048,0.273082004068507,0.0647040942214819,0.325122357656794,2.76352572441101,48,-4.15806247017518,0.387160357958057,-21.3208356175681,9.91129022199764,2.9786175490383,31.5884698747924,38.000773040801
P5,D,1.57405885529705,9.54741742786878,29.9448410867228,493.796284818346,0.144782724553779,0.32482253029648,0.321548855711023,0.350206692104059,0.0564887745917527,0.387071006454563,3.36115884780884,65,-4.23980396538721,0.0372014980222166,-12.682486544556,11.0745952127472,1.81843927078919,28.7771690487856,27.7573267441996
P5,E,0.399441365424387,6.2369608990742,3.7456595057612,60.2073327364046,0.174559724352176,0.270312436935474,0.896149535208852,0.322622402196125,0.375938464839678,0.630604375484231,8.19867563247681,110,-5.86474951907321,-2.87649952905155,-33.114915127382,12.0886530166899,8.58390349401356,39.8686894006741,48.9933745705022
P5,F,0.342087570034107,1.28018390721319,2.2678177654363,61.9389196624413,0.182807147493493,0.312574839435434,0.387914523867401,0.289355040365274,0.357611565829908,0.363084039187038,3.8364884853363,67,-4.68851253726272,-1.69250460878331,-23.6505493790605,11.2851926694531,5.5730093995904,33.9763148457546,40.6318997565588
P5,G,0.194796296269504,1.07110864893731,2.94117069169025,62.9478629668485,0.201749974002428,0.340692166440262,0.0351047133969518,0.281705892843354,0.0879215021527422,0.29469603546433,3.63529801368713,58,-3.06274435117616,-0.142663825326135,-21.9384065070628,8.34827453578351,2.47090005361874,31.9849655712197,38.6984690627859
P5,H,1.00034409605659,4.83435640993237,21.5655862178568,130.327783517622,0.169054151484321,0.308525769475843,0.29111291774626,0.299428311649876,0.0706662983843242,0.391071785039747,4.6304087638855,91,-5.82452477821099,-0.259734895547592,-21.0319248861413,11.3840494231596,4.06767877454269,35.1268874308009,37.7703119429429
P6,C,0.518985902461196,1.86448172844076,8.73118648525725,124.338406404618,0.179483815099423,0.287204202460642,0.0671356591972821,0.305719192570213,0.0287052791777932,0.315109216069983,3.25365662574768,65,-5.63145404446176,-0.318139040609413,-29.1734963158099,10.1183120181203,1.99332671380427,37.0288285075152,44.9148386238678
P6,D,2.76423914373373,9.6746490507602,87.0866684855637,781.776095616063,0.160522561260546,0.284935259608351,0.707076316025358,0.365530869188411,0.368156841680069,0.37007300314705,5.84882044792175,104,-6.82199270656993,1.3136251853736,-25.3075855704962,12.0560132783721,5.05715756016965,37.6724660605954,41.907194201102
P6,G,0.975971514434429,5.83060910227869,10.8393591779885,68.8419795899529,0.15440044299143,0.283800483549609,0.144951347488971,0.375024456972491,0.0150154213739819,0.327187345634302,5.27161240577698,98,-6.28102134650425,-0.248353974726586,-24.811687546208,11.5044863321246,1.8073535509846,42.1842084534309,40.5626142438727
P6,H,1.57287780873667,8.80370437293734,18.6064659621847,119.859234922225,0.194016010212971,0.355111268751124,0.742813522662846,0.249789643709273,0.157139246215281,0.437144651467826,4.05017900466919,69,-2.65613090336742,-0.020245059512718,-17.2713861911761,10.843164152116,7.92038163427678,30.4255469731555,34.3221942481305
P7,A,1.85481213137527,9.54144434965791,25.2180241669139,469.922540083474,0.165339705026089,0.295553758134555,0.111109373112754,0.343642981587177,0.0483093557484454,0.364500853242813,3.46854734420776,62,-5.8853757794536,-0.192098161491817,-22.7216959697621,12.5685708256168,4.61607894207312,39.5768746813658,38.8963943784384
P7,B,0.656997815500279,4.75803753596126,8.1920742740062,64.5281408562362,0.177001250877831,0.308442215180648,0.0117889369131066,0.287369215334336,0.037069367918726,0.350072856974467,3.56691813468933,67,-5.65569139041987,-0.242791096172372,-23.0764819290941,11.1115461691823,1.76583741829567,33.3538218158604,39.5249738097267
P7,C,1.05278908587037,3.70287179724479,13.5633445411412,59.5174684396057,0.204199245630147,0.351535695677839,0.0169254208617499,0.279684273226145,0.0737045137404984,0.336375468662634,2.24303388595581,38,-4.57040043315881,-1.1142065738974,-23.2805845735442,11.0339515497579,5.11463264565784,34.2692885198443,41.2848790060749
P7,D,0.655499149757466,8.37899737168969,8.81629656201452,125.736986387401,0.168794432557592,0.31291798892014,0.928839282421532,0.323182427300894,0.107833013715626,0.384003347789142,11.2214193344116,194,-5.82640274358623,-0.155694649370598,-20.3249278195372,12.4789626841018,2.86295100146313,33.1628820736041,36.8412967195196
P7,E,3.73311664713092,9.98239876798267,76.5734892662333,501.63107101386,0.168293196790547,0.304976756591872,0.338776441247733,0.299176252999554,0.214363648215487,0.368244335576678,5.53833675384521,92,-4.93639665976366,-2.19899994552065,-20.9898617427942,12.3233029275103,5.69218817919619,34.7623301045345,37.6714001873573
P7,F,1.05239244223372,8.48533252902836,12.43090841804,95.6273706540324,0.172410292581741,0.31234531517547,0.072456143685433,0.303899889403151,0.0582849586908834,0.36439814862712,3.08424019813538,50,-5.03550433604729,-0.233136845428514,-21.0054306799755,11.6409113786168,2.23478954475139,35.7006554188749,37.4129792789963
P7,G,0.916179800017093,4.78550472036659,11.0758540573783,60.2938616128117,0.168806146422493,0.310797936877489,0.053409180610981,0.328221361111007,0.0371376973908329,0.374558573011942,3.95126080513,66,-5.71285569512181,-0.439483760045445,-21.2363712156489,12.4431688231449,3.57595817203028,36.4116117060172,37.6293999794754
P7,H,1.30550849439007,8.48782350735454,15.9102784728444,112.610166757255,0.147556561424639,0.266569960013958,0.071198023487027,0.366840349435602,0.033358300488151,0.37488981582602,2.52702450752258,44,-7.57985684269197,0.0222365058406377,-26.8218938189531,12.6689860248089,1.93065315568829,40.7204252530872,42.7636214600857
P8,A,0.508825337843708,2.93511771238855,4.57237198602065,113.856425497035,0.181475495083381,0.308987861270657,1.33119681573803,0.32444907202167,0.145779062427214,0.445158611745245,6.51267862319946,116,-5.28821577825857,-0.251573262208154,-23.7194192098659,11.1446363491024,5.16495816824348,38.7927773430764,40.3879672240082
P8,B,0.287846227877198,2.11972763156085,3.58216201780328,63.9617736485339,0.191781993889473,0.33573034204661,0.480722635950969,0.322560017045229,0.137102480096126,0.379120501685238,9.22012376785278,161,-3.57154904585651,0.401232768899317,-20.7406882810358,8.62778965178199,3.38771061152893,36.9412159762703,37.1187836851981
P8,C,0.611837131333731,2.70741547330151,10.3816152666208,64.8389332894571,0.156413732150085,0.264938903914713,0.0415074412545185,0.177071200718866,0.0466115498281167,0.0736566257249823,2.07466506958008,41,-8.58133657550493,0.140659618337332,-26.0031125920053,10.8044830536122,4.55134463030834,31.4019548980736,42.7021357456989
P8,D,0.987039770754505,6.03907362298313,9.53793217918329,99.4337365653363,0.229989522719888,0.359716484318244,1.73866114455469,0.34948358001589,0.320414145742915,0.696435943331504,7.44213461875916,140,-0.431866805488862,0.550927522579273,-23.9440324473864,16.6740941569165,4.44665352901014,37.624667341308,41.4327951221572
P8,E,2.10354954551575,9.92252896751723,26.1095295757605,542.849979018366,0.242233029193792,0.374591958383798,1.76418879857147,0.341754369586396,0.411604383570615,0.70155237289395,15.6731371879578,281,-1.17338130705564,0.837608130868429,-24.4145508508982,10.9619676396417,5.13378107971167,39.0408203913941,41.6571807959779
P8,F,0.921400824109618,7.51787351669566,10.897373305224,104.024895949156,0.204136098701699,0.377545203569808,0.898340209504337,0.27355425061113,0.252551141207174,0.539908460673509,15.980094909668,290,-1.31833581781698,0.316585259076729,-15.6851240474336,10.9024088892824,3.38476271034676,28.5963424799216,32.7835646146521
P8,G,0.697628207353642,9.52864035567234,9.93899944574741,434.320836390883,0.175603805942671,0.340310782179821,0.593856946180767,0.264664236255781,0.245596501264132,0.37834425539398,14.0851929187775,257,-3.96984753843996,1.08504354796809,-16.1907018076688,11.4431579940134,3.91312196206926,31.3490535344841,32.5046794545591
P8,H,1.33723715621561,5.91182341460801,20.2073526490874,124.064899343019,0.165309160815913,0.290104560875338,0.508881707182799,0.280251171235375,0.193680284690283,0.370382849887368,3.61878180503845,61,-7.02644141201176,0.295528984810504,-23.6398353863259,13.1203095002573,17.2390259175731,34.9344171491071,40.5696392835256
P9,A,2.93921035002184,8.49153597365855,21.14419429683,114.761548976323,0.245529637237502,0.390077251128898,0.252602304677687,0.287273847722877,0.0722036537182264,0.434001439037102,2.97926640510559,55,-0.676333608545503,0.359066525023865,-24.9054579227579,11.2456978444993,3.70240148968529,37.0118692673849,43.2827460711312
P9,B,0.550801226612276,2.97189701104462,9.77153000737534,63.5677960945904,0.209365956041353,0.341403311761204,0.0422556564763026,0.318176008820058,0.0367389922845693,0.296067737059569,2.94905614852905,56,-3.33066751236654,0.442194299666618,-24.5048276289685,9.26150330677188,2.12581011883472,35.0382308407252,41.4265393477961
P9,C,0.586666511642305,1.87563592594088,10.0908210871751,59.9213654070801,0.199771847788133,0.359404754316703,0.0267823941061041,0.29867273737215,0.0332842489915857,0.327404243328093,3.10214853286743,58,-4.51877062742347,0.762347595967604,-21.2917020130501,11.2418807768521,2.14870037330532,34.4455237682519,39.3700546115446
P9,D,1.52040572360007,9.53766372735385,24.1248352697497,498.92064090975,0.201097364016238,0.354448984840852,0.373566331444673,0.295092107917259,0.0623194876617147,0.288067678287099,7.03010654449463,139,-3.58671212289007,0.379856765325681,-22.6815834934283,9.39726102444542,2.37567410693622,36.9303995276832,40.6363569051502
P9,E,2.21412395906624,8.51094673942593,18.5853062915912,61.5748600309556,0.180982199689901,0.316394222741176,0.118554677800696,0.291026603964215,0.0299332042612869,0.342220724704103,2.6426420211792,47,-5.9733468488975,-0.276303610195366,-23.8981775987899,11.2241928790456,2.75456484914729,33.3450979935252,40.733855492232
P9,F,1.80597476082312,8.49000567097056,23.566267021022,421.409061057139,0.148277837026693,0.279483858215676,0.0989542712633847,0.285738096041851,0.023366146035627,0.373307638250239,4.7945339679718,82,-6.00984408740789,0.363880568077935,-19.9977685574108,11.4432077845372,1.70519402825813,32.1488849062583,35.9586750663059
P9,G,0.480762198820206,2.95487318660685,6.42836632887502,63.5811347850649,0.218634489848923,0.353420134743222,0.0518925930647809,0.299551859517004,0.0350873879679414,0.320468112821631,3.68376564979553,67,-3.41887541861942,0.743594188767906,-24.8238766162057,11.0394380494353,2.18963666779643,34.7735078253321,42.5071004962571
P9,H,2.54055943804867,9.62720257363402,43.3952344707335,484.00783531835,0.212329986980536,0.34263031815262,0.123478495588023,0.317022290323418,0.0478744649595008,0.360439532718426,2.15082144737244,38,-4.23368607172259,-0.0452873048435432,-27.9025640770785,11.3010675719996,3.58427124233856,37.3723626659687,46.0979851731507
