time,x,y,z,cogx,cogy,cogz,area,forceX,forceY,forceZ,manipL,manipC
0,0.459714284283582,0.00130048085848434,0.417865362208253,0.121352614937109,-0.00135014351837096,0.416814623360314,0.209677036015314,0.131836222844631,-0.15235572143464,-12.0556708754445,0.109488728924843,0.0335364804756192
0.0210061073303223,0.459861269397567,0.00129986392138336,0.416350118117647,0.121700007849034,-0.00135027611971555,0.416441260233434,0.209342578975427,0.186574042291789,-0.307122262301936,-11.4369448485689,0.109463611226546,0.0335439696955693
0.0443713665008545,0.459946487500755,0.00129947549131747,0.414322582948604,0.122113410868672,-0.00135036826937803,0.41595016496903,0.208854898166638,0.214990818131372,-0.406303890591257,-11.2635262568166,0.109399530070963,0.0335338153155891
0.0664255619049072,0.460082283406849,0.00129897631478954,0.412315552163725,0.122549680521934,-0.00135048126859635,0.415457116613529,0.208391314194102,0.0777725403698518,-0.577199477611038,-11.518456557341,0.109351868729873,0.0335351284496973
0.0870347023010254,0.460197305601674,0.00129794774302508,0.410311702076735,0.122978064053248,-0.00135072665009201,0.414964335353543,0.207921320021524,-0.0486627673822517,-0.855069503722289,-10.8324701208613,0.109299419913485,0.0335341000617271
0.106996774673462,0.460276647399783,0.00129745230682627,0.408469284982398,0.123361423348665,-0.00135085775675012,0.414511893034456,0.207480075545373,0.164980546638972,-0.945947392979673,-10.7308073700648,0.109244724407741,0.0335293232101729
0.127902984619141,0.460397324957247,0.00129695315316781,0.406684186440461,0.123755714405673,-0.00135102803705844,0.414067417491037,0.207068710373312,0.0036776448256356,-0.876825981591117,-10.5929580526555,0.109205086779358,0.0335344320277731
0.149757623672485,0.460511259628234,0.00129687193021233,0.405129147809995,0.124104879746811,-0.0013511048103093,0.413677854456787,0.206713804465466,-0.0306989093538433,-0.578634512182202,-10.6160675749166,0.109173832115351,0.0335415827354803
0.168262958526611,0.4607089731602,0.00129762316959066,0.404005775241818,0.124412724212968,-0.00135097512379402,0.413384112090806,0.206499018932232,-0.0404991475966153,-0.223188907793468,-10.8299642316395,0.109184637909657,0.0335698129233592
0.188915491104126,0.46096853283369,0.00129836920923237,0.402998687435368,0.12472816951595,-0.00135082760539376,0.413111850100806,0.206336017032595,0.124132250321983,0.0311093223414488,-10.5851043053346,0.109218194972387,0.0336116248567021
0.210057973861694,0.461223557556397,0.00129880067463176,0.401999687368,0.125040279165892,-0.00135073644642357,0.41284123203892,0.206173389474912,0.0451332485971877,0.250645065594027,-10.9102535666528,0.109251134680554,0.0336530845882215
0.2309410572052,0.461483172013151,0.00129937495179043,0.400978516807185,0.125359124849443,-0.00135061711740979,0.412563960794578,0.206006741926496,0.249275590541251,0.495169289020329,-10.744903830954,0.109284900052658,0.0336957005342352
0.25008225440979,0.461738225544831,0.00129958879454543,0.399961752841965,0.125675308952717,-0.00135054510238398,0.412287446416961,0.205839541695144,0.146863424807153,0.44424688860786,-10.888409275729,0.109317918722391,0.0337379207091443
0.272913694381714,0.462056648475773,0.00129860816024079,0.398684701316204,0.126072025141851,-0.00135073670016217,0.411939202811262,0.205628783286258,0.30237862598717,0.0496323969256614,-11.1004336946582,0.109359360161567,0.0337912362890614
0.295443058013916,0.462443969025194,0.00129734405563603,0.397103560374235,0.126560647778785,-0.00135099244810273,0.411507060188167,0.205365311478155,0.160188059166947,-0.519647568317349,-11.3002308309045,0.109409542739658,0.0338568731909365
0.314411401748657,0.462784019097885,0.00129618110382975,0.395699545479172,0.126993383028219,-0.00135124941415872,0.411122136412895,0.205129910946807,0.193680704141493,-0.856407893599931,-11.4091214589328,0.109453761643289,0.0339153209912741
0.331387042999268,0.463155479334162,0.00129547959859621,0.394140563388621,0.127471748901922,-0.00135141625138689,0.410693606483969,0.204866292639643,0.097147287972619,-0.978221951442914,-11.4925039256313,0.10950195371703,0.0339800340891055
0.348936319351196,0.463535192452932,0.00129527549404891,0.392525493065221,0.127965744754789,-0.00135152349710739,0.410248246247433,0.204591319337268,0.141044571840093,-1.00260149084165,-11.5375456449037,0.109551351661743,0.0340471951430264
0.366787672042847,0.463964662166879,0.00129496221344957,0.390665337568992,0.128532040868781,-0.00135167374611758,0.409733676632443,0.204271770531148,0.103840586298983,-0.943413694139624,-11.52452370775,0.10960716872993,0.0341244113839453
0.383675575256348,0.464397596344022,0.00129507227987756,0.388754639957131,0.129111017506286,-0.00135172895225708,0.409203261664238,0.203940584199853,0.0646459148753201,-0.831149105628311,-11.5128940266704,0.109663458406283,0.0342036762464731
0.401925563812256,0.46488112290929,0.00129550133309578,0.38657653242117,0.129767765030765,-0.00135172993441608,0.408596275457174,0.203559458499852,0.057771212316521,-0.655159842547585,-11.7500939984816,0.109726351347422,0.034294004797597
0.420211553573608,0.465394353485999,0.00129561626969402,0.384209756477991,0.130477350558114,-0.00135174757256382,0.407933978625078,0.203141011182661,0.00163602178653982,-0.473919921347273,-11.7046187296324,0.109793157477798,0.034392053505361
0.437615633010864,0.465939205347387,0.0012956284016708,0.381632366038923,0.131245534777634,-0.00135178552380888,0.407209385961986,0.202680360685946,-0.103013502410005,-0.471709651458538,-11.5377182904181,0.10986412608812,0.0344988092656371
0.457903861999512,0.466518027664844,0.00129431809614043,0.37881223510038,0.132080275005325,-0.00135209128199005,0.406412726331096,0.202170303302631,-0.125776633456716,-0.714035850322551,-11.8270650854865,0.109939544129537,0.0346154094381321
0.476377248764038,0.467073030691204,0.00129294204635824,0.376019834684914,0.132900752687768,-0.00135244998742476,0.405619974803665,0.20165902074285,-0.19611862691908,-0.855922539506285,-11.8481860636624,0.110011802592829,0.0347305887524165
0.493788957595825,0.467629902823251,0.00129135013902066,0.373134653515755,0.133743306035545,-0.00135287362685788,0.40479645359767,0.201125082825576,-0.20311939413069,-0.927081736764646,-11.7358799494414,0.110084552124656,0.0348497981454666
0.511835098266602,0.468190216592932,0.00128943397458233,0.370146501103219,0.134610849387205,-0.00135338277258599,0.403938785953569,0.200566598074437,-0.101503513163056,-1.03287233302816,-11.976640184331,0.110158301800085,0.0349736609230369
0.531268119812012,0.468843101765039,0.00128779190445761,0.366666970122316,0.135624225135039,-0.00135385850391241,0.402931456477603,0.199916656635685,-0.276208696052363,-1.07945225266014,-11.6651319792229,0.110248307619777,0.035122740128989
0.551017761230469,0.469453992529331,0.00128672335303732,0.363290692899505,0.136600295761931,-0.00135420462193891,0.401947764212669,0.199278530461699,-0.172775782086118,-1.14330470919668,-11.7271689089813,0.110333191115387,0.0352677233979924
0.568511962890625,0.470027433461969,0.00128485890784356,0.360039816115824,0.13753605939152,-0.00135475211119361,0.400994179181345,0.198659430281907,-0.403005305501793,-1.25198698773362,-11.9522114450449,0.110414520179011,0.0354088177819447
0.587471008300781,0.470572771553513,0.0012838558227609,0.356763263052542,0.138467341922282,-0.00135507670237384,0.400028594471955,0.198024701222531,-0.315728529926536,-1.22963633218439,-11.4824762539556,0.110490712131961,0.035548940344304
0.607660055160522,0.471136085755916,0.00128291953148982,0.352986866649106,0.139514897566925,-0.00135543206385939,0.398913531363201,0.197271867968398,-0.546028520096705,-1.18124681500942,-12.0182079851719,0.110564367096108,0.0357026173363149
0.626655578613281,0.471642267246138,0.00128202111617794,0.34941888775372,0.140496317208725,-0.00135574875617719,0.397853231588252,0.196552628651178,-0.550160235759427,-1.1549453134118,-11.7566171416745,0.11063096873447,0.0358478816723741
0.644948482513428,0.472100713071569,0.00128101966192379,0.345988928682531,0.141430206206217,-0.00135605999765275,0.396828355144326,0.195852645191679,-0.602624884710405,-1.18217754150094,-12.0706619806693,0.11069102733966,0.03598664822712
0.664192676544189,0.472546089156364,0.00128016355006443,0.342504987136553,0.14237278240924,-0.00135636580864198,0.395780600592341,0.195135746120485,-0.567226036717482,-1.14193513784217,-11.9613242611097,0.110750241416751,0.0361283926533694
0.681824922561646,0.472966534207988,0.00127937933059632,0.338978431398507,0.143316398953726,-0.00135661829480454,0.394714526638468,0.194401075962785,-0.695149712728968,-1.04029570459107,-11.8383755663598,0.110805678664371,0.0362706013461491
0.699532270431519,0.473363021693778,0.0012791028261174,0.335465961377603,0.144249332724587,-0.00135673564294392,0.393646098329782,0.193663088962075,-0.738230327682999,-0.913152463344594,-11.7808564448347,0.110858663496264,0.0364126556119869
0.716383695602417,0.473701438198625,0.00127911550688105,0.332345188027933,0.145074394305052,-0.0013567771278945,0.392690758510793,0.193003851607005,-0.785521095972246,-0.851373480752492,-12.0461835235885,0.110905311403343,0.036540149699375
0.735710620880127,0.474268628161029,0.00127875869277235,0.328542642284721,0.146147647332849,-0.00135688078130078,0.39149683335037,0.192251990919001,-1.05074311998023,-0.795483853736535,-12.0883951921138,0.111011950286574,0.0367327657229148
0.753400802612305,0.474805565004669,0.00127864374812607,0.325434295639093,0.147057075586444,-0.00135694887963492,0.390502833541531,0.191661539339543,-0.681653666875335,-0.73149819748866,-11.7747317490242,0.111124205644078,0.0369098281395066
0.771056652069092,0.475424883701469,0.00127884858302204,0.32217153444194,0.148035555441791,-0.00135693440041558,0.389443939528164,0.191059934657895,-1.10998099090498,-0.768843405247419,-12.2658053608665,0.111261964497961,0.0371115080241159
0.790029764175415,0.476073922967323,0.0012782666035022,0.318641717409516,0.149085694108791,-0.00135707673604283,0.38829131264487,0.190402490667375,-0.967706368416447,-0.967682270703349,-12.1599859499041,0.111408970740984,0.0373303482562346
0.807960987091064,0.476681488952899,0.00127789354919769,0.315222743004301,0.150094299561639,-0.00135717936744369,0.387168019941003,0.189759173885749,-1.08846954186331,-1.09843516199528,-12.398441036172,0.11154926704325,0.0375428401126212
0.828262329101562,0.477346810138225,0.00127809416732577,0.31159551531203,0.151172930687537,-0.00135719920750364,0.385963143962443,0.189083406941595,-1.09831576117584,-1.22921081968756,-12.4107969558544,0.111708463516108,0.0377778820090789
0.846813917160034,0.477872079569959,0.00127794712364989,0.307838044382097,0.15222327944089,-0.0013572637684022,0.384725608118621,0.188332261960298,-1.13771128531022,-1.27235420611681,-12.1004815652184,0.111830208539298,0.0379928174567782
0.866008758544922,0.478425285416492,0.0012780734317969,0.3041016401108,0.153280527294715,-0.00135731852907673,0.383479813843078,0.187595725319808,-1.42504958567431,-1.23718810341899,-12.6517163523302,0.111965021487546,0.0382186044910615
0.885050535202026,0.478922494194597,0.0012780739907039,0.300261059031165,0.154338549031853,-0.00135737460210825,0.382197261940019,0.186817247406446,-1.26144030994332,-1.20200999838997,-12.294736066679,0.112087583412647,0.038441582787072
0.904971599578857,0.47937748342843,0.00127804159515301,0.29626855605633,0.155413808285391,-0.00135742067057207,0.380860055504115,0.185990025847287,-1.48325532084654,-1.16127655268654,-12.3718169385503,0.112202176631113,0.0386665866037938
0.92517352104187,0.479824062565419,0.00127826767951242,0.292230301162213,0.156496171827728,-0.00135740559249019,0.379496557344439,0.185150420739956,-1.34979498730945,-1.1489439622295,-12.1773984340074,0.112319423696885,0.0388977129951355
0.943649768829346,0.480081212068017,0.00127803479553136,0.288306836181977,0.157478321619555,-0.00135748333286252,0.378183871115212,0.18428259364104,-1.32168477504689,-1.27729721719519,-12.1917041384239,0.112387075806074,0.0390911809197275
0.961647510528564,0.480322042483183,0.00127747470024973,0.284658792884839,0.158392779222579,-0.00135764948255493,0.376952446850915,0.183477976253453,-1.74284200676234,-1.46155046205403,-12.627103376912,0.112455044602043,0.0392767447047899
0.978880405426025,0.480643367477903,0.00127726887807848,0.281347770981857,0.159262913895982,-0.00135773346656042,0.375811428864318,0.182779692394617,-1.35477801528487,-1.51954136136398,-11.8435528209089,0.112550236997028,0.0394713201145519
0.99690842628479,0.481064325927282,0.00127689937292852,0.277984254269457,0.16018277129642,-0.0013578657803169,0.374630349532356,0.182099339013087,-1.57507822634125,-1.58811243119845,-12.0970714895495,0.112677968904106,0.0396932741531039
1.01849794387817,0.481585242486557,0.00127637788862139,0.274424239044352,0.161183984005433,-0.00135803907097172,0.373359912696258,0.181402053033078,-1.51141279596361,-1.63342338563853,-12.0753709008477,0.112838816142479,0.0399489233496558
1.03574347496033,0.482026416460903,0.00127600113193682,0.271370755611214,0.16203927012759,-0.00135817052073157,0.372262732410638,0.180802518826327,-1.6082054779356,-1.7491206124359,-12.1225110539294,0.112978079100373,0.0401710144966698
1.05644297599792,0.482641264715522,0.00127560360313031,0.268211304674714,0.162983125900597,-0.00135834526953354,0.371095985616558,0.180227830173667,-1.59170631860997,-1.68381274359437,-12.0214411209574,0.113170028349134,0.0404385819674177
1.07506012916565,0.483357791162694,0.00127511582225276,0.265605143821195,0.163869757344644,-0.00135852435421982,0.370032932580216,0.179787976269691,-1.84845935106034,-1.71837039982328,-12.3667720209596,0.113352573259995,0.0407271435737267
1.09360003471375,0.484122203601019,0.00127484980484922,0.263102036609044,0.164754183550801,-0.001358654514331,0.368979547897464,0.179379934208316,-1.54257062365569,-1.6602036826439,-12.0588026516412,0.113541619445086,0.0410278423634135
1.11389636993408,0.485000674437314,0.00127420267901363,0.260595169006126,0.165673250963335,-0.00135887439555357,0.367913453179307,0.179006220273034,-1.62165629043397,-1.67699740284213,-12.0253243815391,0.113770449195873,0.0413520826690058
1.13326120376587,0.485906380939064,0.00127317799935153,0.258459247872677,0.166518737520792,-0.00135917800824343,0.366962094930959,0.178724384043653,-1.8129628785119,-1.80148724766011,-12.6112274844514,0.11400128174812,0.0416688025230803
1.15172624588013,0.486827883610709,0.00127207137184575,0.256259078875463,0.167367908303708,-0.00135955248440207,0.366009374034633,0.178440856479851,-1.76809634955169,-1.87748192628187,-12.0404492693877,0.114253848826846,0.0419852989113794
1.16994643211365,0.487771934839954,0.00127036838387806,0.254388290904683,0.168158476401149,-0.00136011535575797,0.365145234804727,0.178232045603783,-1.80530668788947,-1.98296893450286,-12.3927162845999,0.114497833480242,0.0422988057254332
1.18863010406494,0.488814605791843,0.00126878807325725,0.252854261397685,0.168919348407295,-0.00136064738824849,0.364357726587042,0.178118814238449,-2.00529732443245,-2.05461195965658,-12.7488440254174,0.114750828884982,0.0426262070824998
1.20484232902527,0.489754335712264,0.00126742667103352,0.251169718103305,0.169653685068407,-0.00136114213180296,0.363571368034339,0.177955990894006,-1.80983334273003,-1.90445346564707,-12.1279648422485,0.115001052856844,0.0429271804707265
1.22385025024414,0.490813090258614,0.0012658337590242,0.24954937391975,0.170427055279303,-0.00136168361502195,0.362759273142796,0.177827758041359,-1.98758229807244,-1.90580138038855,-12.9588111059112,0.115266151783864,0.0432606183237688
1.24133324623108,0.491852607455131,0.00126349048675073,0.248126846982287,0.171141939441009,-0.00136249087486239,0.362031061520009,0.177744485459054,-1.96220833062013,-2.03003128101088,-12.6978618698007,0.115530612493481,0.04357728445356
1.25968408584595,0.493068489850299,0.00126095979254182,0.246656423666096,0.171935367619202,-0.00136336108802382,0.36124094040904,0.177688691197921,-2.09876253937556,-2.0633989138118,-12.551606759646,0.115833361595554,0.0439407704587763
1.27770161628723,0.494221466228314,0.00125804330097103,0.245532763840773,0.172636194875856,-0.00136438381403558,0.360565031557013,0.177689371882764,-2.03934046649188,-2.08815371308352,-12.9758167885651,0.116102402207142,0.0442794747367852
1.29644155502319,0.495492729966778,0.00125070394230893,0.244159727348225,0.173422204275508,-0.00136694119227821,0.359798732129295,0.177667030011281,-2.08388462135616,-2.11379267591808,-12.8561635617905,0.116416855165891,0.0446519869623659
1.31400990486145,0.496738564277596,0.000608823104458881,0.243045132111538,0.17414835386948,-0.00159212515999033,0.35910542978099,0.177687972372891,-2.03404268176213,-0.93303176414289,-12.9400930110745,0.116705264805504,0.04501336046792
1.33156275749207,0.498005427785829,-0.00110865858703021,0.241967989911734,0.17486722436668,-0.00219647074517732,0.358421729639343,0.177721949861732,-2.40396133084493,1.77084608771016,-13.7294755929374,0.116998233393327,0.0453785351255938
1.34988856315613,0.499216458655001,-0.00211693761115234,0.240706201027684,0.175603647425751,-0.00255245193609585,0.357679972788793,0.177695596030618,-2.22767384060923,0.474233685582932,-13.5687170052979,0.11727876915878,0.0457417880586133
1.3675389289856,0.500350950004037,-0.00280714568357765,0.239511199022593,0.176288491463826,-0.00279698812895088,0.356993532937858,0.177671530295772,-2.62294166876086,-0.961208640169464,-14.0047630182312,0.117549583040305,0.0460791964494846
1.3845739364624,0.501431924668052,-0.0033210632635219,0.237852429663214,0.177052668392125,-0.00298099936782242,0.356133184488148,0.177514033482352,-2.5326698268449,-1.98518190039577,-13.8184181596576,0.117803781588489,0.0464334849909387
1.40332531929016,0.502374559247219,-0.00390918498473381,0.236039971912425,0.177797076711904,-0.00319269439368543,0.355231053842557,0.177279690831011,-2.63429067035429,-2.57238445634478,-14.0377700477331,0.118020083445955,0.0467679674721953
1.42272186279297,0.503363161732216,-0.00484160008937405,0.233842028209003,0.178625968179701,-0.00352858303083842,0.354191463141481,0.176968217313478,-2.67804516328,-2.10427291845443,-14.0142814973303,0.118263703571986,0.0471309183494756
1.4419322013855,0.504234820060158,-0.00576704245366961,0.231744112458835,0.179395586542803,-0.00386374504128522,0.353185711321053,0.176642263883053,-2.58855551419138,-1.27655792664249,-14.2681061635595,0.118464115208423,0.0474696991923684
1.46001815795898,0.505000101288135,-0.00635762438992595,0.229553560069422,0.180132726485515,-0.00408108810368696,0.35218805194415,0.176276178216177,-2.85523520819997,-1.20410117560886,-14.3587939211613,0.118655715103761,0.0477819224085204
1.48101329803467,0.505880876592059,-0.00697420134865348,0.22697510623379,0.181007662114873,-0.00431037972925877,0.350962872407115,0.175817542823819,-2.54699061509387,-1.24036896252179,-14.0159426271233,0.118844025859572,0.0481618631375679
1.50090980529785,0.506674231489149,-0.00746900206073889,0.224276383985177,0.18185289166737,-0.00449715410023879,0.34975099699035,0.175325786002863,-2.70794129567205,-1.71045706724295,-14.288973176912,0.119043223843855,0.0485158922422843
1.51879787445068,0.507435971054563,-0.00797185674371913,0.22188521894304,0.182628591642404,-0.00468681139051578,0.34863383485659,0.174890796729712,-2.92216022452299,-1.72597050509829,-14.4738421321845,0.11921605262681,0.0488537611008975
1.53957962989807,0.508320499972706,-0.00844321531810482,0.219182074897256,0.18350891781885,-0.00486717977735366,0.347361683025347,0.174401821193041,-2.70276122218115,-1.81289238265416,-14.444090698843,0.1194163837155,0.0492429600317259
1.55816650390625,0.509119704409323,-0.00884263496018077,0.216744244462753,0.184302294273645,-0.00502144439180253,0.346198965761168,0.173954470309823,-3.00471198535378,-2.04844883934715,-14.5114389642309,0.119590065417097,0.0495992901816356
1.57883238792419,0.51003489532809,-0.00952451582989938,0.213785596074612,0.185229871968598,-0.005281052344057,0.34481730053633,0.173407855050303,-2.97013727146484,-1.42770747545757,-14.5137698933363,0.11980532625709,0.0500146023300379
1.59874105453491,0.510807383871715,-0.0100458806414591,0.210853920594472,0.186093618103855,-0.00548339563031933,0.343475247396105,0.172835967859206,-2.91609076962983,-1.20519731033981,-14.62203308391,0.119991701552115,0.0503945469963817
1.61760878562927,0.511622455929744,-0.0103829090068449,0.20830092596553,0.186894846781346,-0.005617686626718,0.342263814043366,0.172362193298578,-3.20270158552471,-1.3380262325878,-14.9518122261214,0.120178386197823,0.0507635446081143
1.63651061058044,0.512562913829909,-0.0107614683509477,0.205378916506069,0.187805346513902,-0.00576933106529885,0.340879373676418,0.171822422047821,-2.87142272214939,-1.30352013880355,-14.3268542730842,0.120399070839962,0.0511872443385863
1.65477681159973,0.513475014394865,-0.0110442942504099,0.202747434633788,0.188640921787502,-0.00588500059490835,0.339619862186873,0.171349167143061,-3.19851987381693,-1.37342443610936,-14.7198982596728,0.120614381082486,0.0515845458451652
1.6740391254425,0.514428518394665,-0.0112172539879324,0.199829742720037,0.189530612775296,-0.0059616071151748,0.338264787678267,0.170822912187701,-2.98231748971906,-1.52090491856445,-14.7227452719493,0.120862090861287,0.0520026925159309
1.69169092178345,0.515381697043404,-0.0114990531456817,0.197031731101047,0.190392667235365,-0.00607822393403346,0.336945821798361,0.170321149675041,-3.32464556002795,-1.13867124363521,-15.0354521555597,0.121103732903462,0.0524173573496475
1.70885348320007,0.51642532928754,-0.0116310463618716,0.194781455321874,0.191187392783686,-0.00613728537511424,0.335791091471319,0.16995636305548,-3.24411271118729,-1.1642684188895,-14.8412629907573,0.121331995382442,0.0528278189422667
1.72705030441284,0.517544218428622,-0.0116743648234789,0.1920811824244,0.192080280936023,-0.00616537646100147,0.334459423847833,0.169499969094406,-3.20668240278041,-1.31274619503042,-14.6179721484255,0.121596009369291,0.0532806895229638
1.74674010276794,0.518801928551624,-0.011727111311314,0.189247161500047,0.193034010328002,-0.00619718828787113,0.333056252293792,0.169039933560375,-3.53251391633452,-1.10607671198586,-15.3521807471053,0.121899404724011,0.0537729184779916
1.76383066177368,0.520064765756338,-0.0117947964328299,0.186583600598753,0.193954251980474,-0.00623374160831419,0.331704769737868,0.168613832714006,-3.38470747096663,-0.956335656330201,-15.105160774083,0.122190982473991,0.0542599524825538
1.78113007545471,0.521194169540095,-0.0119397978966501,0.184004638890656,0.194801313875986,-0.00629871759273474,0.330431678662334,0.168187940593612,-3.37588950907872,-0.654642906291622,-15.0497829749541,0.122466684706694,0.054704978203556
1.79831051826477,0.522575181435714,-0.0119953799382814,0.18161557505338,0.195696895640476,-0.00632920163466413,0.329166682978665,0.167846694373934,-3.36172616210011,-0.646399407015179,-14.9438470283356,0.122776944976586,0.0552018352294836
1.81503748893738,0.524077015521163,-0.0120343834015098,0.179342477606021,0.196612147752386,-0.00635280013202516,0.327897976854515,0.167542015399125,-3.53573462222365,-0.718924602332447,-15.3341591707422,0.12308972919506,0.05572729643231
1.83255553245544,0.525639811627114,-0.0120741082129016,0.17695995112842,0.197549831893259,-0.00637667945613491,0.326609890446002,0.167232702330197,-3.56819031433699,-0.893452458218028,-15.2920220627215,0.123440637419806,0.0562633859030189
1.84984827041626,0.527410473700825,-0.0121191701868652,0.174580774098889,0.198550117947186,-0.00640214223682187,0.325273282312643,0.166953947032111,-3.74480172896718,-0.932209840343764,-15.5470957483236,0.123824391180509,0.0568506472255326
1.86910510063171,0.529436343030665,-0.0121706295202309,0.172208112379052,0.199630212437032,-0.00642958319351809,0.323867396378818,0.166707816872465,-3.67204026559986,-0.929937130794074,-15.3896237436482,0.124239356592404,0.0575037969040482
1.88810229301453,0.531565905127693,-0.0122244260355192,0.169959199355817,0.200715084175822,-0.00645709819155975,0.322489798800419,0.166503284719091,-3.74003926860912,-0.889281673352878,-15.6982586521831,0.124665659285041,0.0581727633311872
1.90605235099792,0.533709450004957,-0.0122783533885237,0.168147658424441,0.201722373465098,-0.00648259520778697,0.321294061876687,0.16640734866258,-3.78369676336995,-0.773068933905458,-15.6939338176366,0.125084538159569,0.0588121570590089
1.92334413528442,0.535876409166005,-0.0123325885303793,0.166190247047814,0.202750883963861,-0.00650855070115513,0.320051960036213,0.166278507123861,-3.94093425777194,-0.68559834331627,-15.8578138943182,0.125517436242321,0.0594603919250487
1.94384074211121,0.538434372938313,-0.0123968611853309,0.164188767459404,0.20390683829229,-0.0065376907130287,0.318711868863358,0.166195872830399,-3.98699502978128,-0.615036103904181,-16.0050191136513,0.126014393206735,0.0602027966781369
1.96353912353516,0.540731092785266,-0.0124546447628687,0.162241822487084,0.204964866127982,-0.00656442266279498,0.317436076629558,0.166069149385093,-4.11676696135241,-0.605071575116511,-16.1496482356189,0.126447921585263,0.0608817863986953
1.98154497146606,0.543086324033894,-0.0125132601492616,0.160556467843527,0.205991824207336,-0.00659016390606258,0.316265603822725,0.166015780072763,-4.1571088937631,-0.475250603557742,-16.3163245384597,0.126886660170079,0.0615514624796713
2.00122547149658,0.545756649724258,-0.0125799607895981,0.158735074250221,0.207132382656719,-0.00661879801066788,0.314990937182387,0.165975577518596,-4.48266881044951,-0.433383072756847,-16.7326843705354,0.127384881074084,0.0622966704857363
2.02386164665222,0.548867288279386,-0.0126577714412888,0.156688567323245,0.208438583375633,-0.0066516378261677,0.313551357325196,0.165941779481012,-4.34648987806187,-0.464947662978128,-16.7979049501888,0.127962372808585,0.063150559732262
2.04288530349731,0.55146688710891,-0.0127221372700136,0.155118652134424,0.209510841254581,-0.00667833154103066,0.312368857786263,0.165923074092282,-4.42310045545003,-0.354439951972237,-16.8304843424194,0.128404567675798,0.0638647050291287
2.06707215309143,0.554704883311453,-0.0128014010996389,0.153044811806649,0.210850378159573,-0.00671138246069952,0.31087886710653,0.16586903227444,-4.82291903148337,-0.0907471227456235,-17.6056828979326,0.128967636629727,0.0647457761429487
2.08714556694031,0.557385218347672,-0.0128661988142409,0.151418882416001,0.211937398008063,-0.00673790057361508,0.309695264399791,0.165842816256588,-4.65218019953231,0.138024614514018,-17.4428421120229,0.129430417006218,0.065459677627275
2.10677742958069,0.559988956755705,-0.0129286488210071,0.149572622692939,0.213027580926196,-0.00676432992754046,0.308432407802232,0.165733780205048,-4.91851869363779,0.373172952216222,-17.9207380198199,0.129871688502961,0.0661673484718487
2.12665700912476,0.56255002535228,-0.0129891716528582,0.147574982778148,0.214119887878404,-0.00679048685477126,0.307116100368551,0.165567076741302,-5.16224865212,0.587439518718494,-18.0758435933878,0.130299036689096,0.0668698889836908
2.14587497711182,0.564959524710608,-0.0130458398243226,0.145554729528219,0.21516317749185,-0.00681533081870168,0.305810856120253,0.165357691305675,-5.0340897967224,0.594450817904703,-18.3722905692774,0.130687041296345,0.0675383332924339
2.16276144981384,0.567133269472789,-0.0130967781789286,0.143692699031811,0.216107722778746,-0.00683776635948298,0.30460016257261,0.165141349009204,-5.27309604446894,0.411216810977654,-18.5833507576416,0.131016469519944,0.0681462562791354
2.18101406097412,0.569212774497962,-0.0131456236767414,0.141515468808342,0.217063224138277,-0.00686050042917119,0.303262267738936,0.164809426000418,-5.38453294734654,0.21175277912356,-18.7730584805694,0.131316752899101,0.068755326404867
2.19824051856995,0.571343055543042,-0.0131957668537243,0.139438378054032,0.218013148229353,-0.00688309792640621,0.301965690412845,0.164507961502092,-5.46710687738183,-0.0985075707171168,-18.7942715385907,0.131622903489882,0.0693602462979096
2.21589660644531,0.573600001924595,-0.0132462636670811,0.137210893633185,0.21902107497123,-0.00690615682798926,0.300555899141552,0.164159468693836,-5.43102911676945,-0.132710504273723,-18.8258516340963,0.131919008706623,0.0700079399959706
2.23444271087646,0.57583948812487,-0.013213494347836,0.134834952697604,0.220036236522318,-0.00689778186682801,0.299090006620977,0.16375748741205,-5.56193717276199,-0.155772442403818,-19.0009222524791,0.132206171353463,0.0706539074896519
2.25516700744629,0.578445984735661,-0.01235234753219,0.13190518889144,0.221231450891314,-0.00657322927980284,0.297332360927602,0.163234132718567,-5.98757502597334,-2.07948780341956,-19.5629271148304,0.132538389811213,0.0713976505913807
2.27366924285889,0.58072389695365,-0.0120185866156144,0.129636289279182,0.222228270818064,-0.00644847358974329,0.295919263580935,0.162850485675382,-5.67705827279587,-1.7695869948484,-19.3140467546194,0.132819463936417,0.0720225579901286
2.29108667373657,0.582904649215967,-0.011967862131828,0.127032559540768,0.223230498236453,-0.00643323613444441,0.29437313867385,0.162344629665719,-5.849466621644,-0.497214365453833,-19.0708894397269,0.13307339149947,0.072645995811788
2.30843091011047,0.584989035262634,-0.0118650922501659,0.124660441003174,0.224167586823015,-0.00639725987316855,0.292941720281656,0.161883021727892,-5.97039235634441,0.148250999441182,-19.4557975686067,0.133303910077824,0.0732285215206886
2.32612276077271,0.587234752576738,-0.0115736904674811,0.122102146162829,0.225171763183103,-0.00628883293482091,0.291393818581829,0.161370940830198,-6.33880432240169,0.0073132923263005,-20.2274746857807,0.133537362817876,0.073849719190864
2.34418821334839,0.589407146858997,-0.0111750858979202,0.119437140954098,0.22616024194107,-0.0061392445337503,0.289807574220494,0.160804376796201,-6.23427809451916,-0.408691308888907,-19.8328541758851,0.133745769375736,0.0744569176500427
2.36281514167786,0.591501642111796,-0.010963753091507,0.116517764103551,0.22714734743847,-0.00606197638077185,0.288117620772926,0.160138945323149,-6.51586825474616,-0.207719338231503,-20.2028026551113,0.133927641009193,0.0750599275837415
2.38064122200012,0.593633928593166,-0.0108363000148726,0.113816086121915,0.22811216306013,-0.0060160209399995,0.286509065074487,0.159528371457827,-6.69530004473063,-0.112016467961845,-20.6922413961695,0.134100174122626,0.0756500924692395
2.39954519271851,0.595860120679644,-0.0106084936401167,0.110835156601776,0.229130688040614,-0.00593167324055655,0.284752097436771,0.158825819774897,-6.75351365713689,-0.275877931033011,-20.5154289944243,0.134260099701223,0.0762689952947896
2.41700959205627,0.597815188082285,-0.0105382612886414,0.10819309311383,0.230020336990937,-0.00590748994042372,0.283191693263027,0.158187539172157,-6.72548490839279,0.3443673465413,-20.377243311073,0.134384871751679,0.076807947276154
2.43563461303711,0.599833920386613,-0.0101374380070723,0.10528191955996,0.230953803127431,-0.00575623606685507,0.281493811577166,0.15745708124664,-7.127690797372,-0.366271554682041,-21.0836074981445,0.134493958950472,0.0773680382496785
2.45507550239563,0.602113117465547,-0.009710616194628,0.102282598591792,0.231967086021109,-0.00559421641542098,0.279696841263422,0.15670396899696,-7.0354962928013,-0.803432558251586,-20.9246657638542,0.134603241422308,0.0779739415333638
2.47291803359985,0.604026244623687,-0.00956036370077181,0.0992767898681256,0.232862051591771,-0.00553930734991001,0.277962764811169,0.15590427350829,-7.3074513991708,-0.384611924980343,-21.1974318314603,0.134667444909075,0.0785054423435089
2.48997783660889,0.605830460918876,-0.00944398818651798,0.0964737152061043,0.233695359376644,-0.00549705349320677,0.276335075619094,0.155146253795767,-7.18417912266202,0.0948252076835719,-20.8428054285944,0.134713366037153,0.0789977391770639
2.50753712654114,0.607649691613277,-0.00939879994605614,0.0937000105704131,0.234522827987693,-0.00548198247763579,0.274710999294958,0.154385035878219,-7.28986817721887,0.412544122859365,-21.2511485302102,0.134745748659379,0.0794839940456645
2.52469635009766,0.609596337337832,-0.00923134195316787,0.0907833313736973,0.235395987651524,-0.00541943791733371,0.272989873129784,0.153571618253453,-7.46881220894886,-0.143509154808424,-21.346181838582,0.134764617441678,0.0799926731349214
2.54415273666382,0.611706742637541,-0.00899714121106953,0.0877840454185982,0.236318121140935,-0.00533072715665238,0.271189933110425,0.152724509747451,-7.54011279310257,-0.722132925165586,-21.2968818713102,0.134769989529193,0.0805248192985177
2.56289839744568,0.613598380609211,-0.00893103535941338,0.0846993120407901,0.237175176815478,-0.00530728349189892,0.269388853143011,0.151820980948826,-7.53759934573744,-0.809625671185095,-21.2597824156822,0.134743322638041,0.0810152878365128
2.58066058158875,0.615616745101409,-0.00896466625677147,0.082011678503888,0.238023090128657,-0.00532148330104041,0.267734323666024,0.151036793524475,-7.78891341756491,-0.672135543138388,-21.5955136836851,0.134716727440376,0.0814954153137409
2.5985255241394,0.617526271508145,-0.00899648191850813,0.0795158563860826,0.238814553083227,-0.00533474072738102,0.266184079941128,0.150295487971231,-8.15726434877877,-0.554132725431594,-22.0323389898248,0.134675958797105,0.0819380331818904
2.61630010604858,0.619533396563864,-0.00902974876273963,0.0768886729131072,0.239640292112411,-0.00534848347410525,0.264546167699884,0.14949942982738,-7.69545074062337,-0.388196493626107,-21.3717385122172,0.134614520095238,0.0823936782180038
2.6349778175354,0.621868815778861,-0.00906866116842852,0.0746824912918602,0.240517362584032,-0.00536316949813886,0.263023588924793,0.148837961961257,-8.10009840922321,-0.430406542332389,-21.7038281851876,0.134557074101034,0.0828680499982277
2.65200781822205,0.623911655881975,-0.00910314248528724,0.072653891455677,0.241288618992566,-0.0053761845535617,0.261640165870262,0.14821156092976,-8.25220637037425,-0.451563473231057,-22.0602296863609,0.134484293429133,0.0832781095334058
2.67022705078125,0.626075001242856,-0.00913998144001375,0.0705655949238532,0.242095271493175,-0.0053899650306025,0.260196512600191,0.147553207738492,-8.279162084738,-0.572521432406133,-22.112170066365,0.134391247317928,0.0836989898941942
2.68838977813721,0.628267191989365,-0.009177307258321,0.0686741209887433,0.242888936491488,-0.00540353094032955,0.258830982440265,0.14694690038374,-8.32188175185218,-0.527742648448077,-22.1354120881604,0.134288659990301,0.0841040960804157
2.70810222625732,0.630758806170535,-0.00921933125297361,0.0667656623882388,0.243766152069804,-0.00541837988338941,0.257383448505048,0.146322667388993,-8.57012716508212,-0.364614488710633,-22.3430000663234,0.134162047263451,0.0845406554165402
2.72641968727112,0.633029611592393,-0.00925717878725228,0.0652170198285346,0.244546393355538,-0.00543145392701555,0.256146043308763,0.145803864250757,-8.44554093189154,-0.100097714804432,-22.3988558663266,0.134036755268969,0.0849186544106734
2.74688506126404,0.635760008904281,-0.0093019418894415,0.0636385889209015,0.245458183769893,-0.0054464876360626,0.254782165252025,0.14526019281403,-8.64590817598028,0.186184297451688,-22.5517664556731,0.133877847101632,0.0853471403829263
2.76503920555115,0.637915757824886,-0.00933780015887407,0.0623967547782429,0.246175191933797,-0.0054584408090877,0.253701127401951,0.14481846924782,-8.89127037577111,0.255873711045314,-23.0582479212191,0.133733936762207,0.0856745375094618
2.7841100692749,0.640408670790613,-0.00937918965802167,0.0613361866282392,0.246973405800801,-0.00547168074165233,0.252619801358148,0.144425862340775,-8.79177256729434,0.308383086205809,-23.0262930176418,0.133571172050918,0.0860271584970794
2.80308532714844,0.642973086494703,-0.00942191232582721,0.0605709984190275,0.247768669038947,-0.00548497578634581,0.251652683626123,0.14412340850162,-8.85397916813508,0.318426037795967,-22.9673772249148,0.133404098469261,0.0863660782375773
2.8233847618103,0.645689804483994,-0.0094665141731798,0.0598561101912803,0.248603192588299,-0.00549865931559102,0.250665156424083,0.14382215654887,-9.22399548334187,0.47908107854617,-23.9838560386688,0.133211353715423,0.0867091195234117
2.84217047691345,0.648224844422457,-0.00950792725622116,0.0591711729620289,0.249382396224921,-0.00551140821453252,0.249727908137403,0.143520412879188,-8.97443750090235,0.585853436237107,-23.4836943239351,0.133009500842639,0.0870178400481503
2.86412191390991,0.651226110143065,-0.00955705108183403,0.0586513185313973,0.250283753192154,-0.0055261089002359,0.248745526780441,0.143252073457029,-9.05594984879641,0.599228661328381,-23.6683144738594,0.132765933659306,0.087359647070143
2.88240146636963,0.653696701778477,-0.00959683735089494,0.0583808206887409,0.25101484284599,-0.00553780916380965,0.248003467838351,0.143076014900998,-9.39490545012137,0.678576720934413,-24.7168436562103,0.132557209046474,0.087624766123446
2.89834427833557,0.655859884737361,-0.00962942564436059,0.0580694358166661,0.251660103360739,-0.00554734819204985,0.247312907814294,0.142884437444875,-9.22959177213243,0.978687331421121,-24.3955086582808,0.132353591416656,0.0878502230126824
2.91729140281677,0.658495363687378,-0.00965860639068542,0.0577746470424475,0.252440703072463,-0.00555480923716671,0.246503937725597,0.142669909024885,-9.17045451090534,1.23006021208716,-24.2959307115943,0.132092852834773,0.0881115567615245
2.93450403213501,0.660942460417927,-0.00967931437049827,0.0575993098861861,0.253159312780639,-0.00555917608655036,0.245792045586248,0.142495627180417,-9.39027114929896,1.36161659453457,-24.9909850907438,0.131840128439916,0.0883407208012656
2.95142555236816,0.663151648290756,-0.00960498720896841,0.0571779706491324,0.25382535175062,-0.00552780565499845,0.245019252101616,0.142228124321366,-9.39749605531691,1.171964710125,-25.0932541060931,0.131573808322156,0.0885434623114655
2.96982741355896,0.665861899302452,-0.00895999388402385,0.0568581529068787,0.254632054853075,-0.00527720827767502,0.244157985282593,0.1419610377417,-9.52453145724837,-0.317664782166302,-25.2670646913631,0.131243503868107,0.0887745288819025
2.98823499679565,0.668385364074729,-0.00850757785153341,0.0565060230387129,0.255385773881666,-0.00510107190644187,0.24332133171301,0.141677168538553,-9.64612946972493,-0.735258146241447,-25.6161820167725,0.13090964519442,0.0889777297561562
3.00701642036438,0.671061911598062,-0.00826286113221732,0.0563151231637544,0.256173235272846,-0.00500429421104593,0.242510679880367,0.141431641056903,-9.93571500118662,-0.213790902170184,-26.3338644352378,0.130549481879717,0.0891766256666933
3.0265645980835,0.673551975712685,-0.00803228049629255,0.0557510246413217,0.256928434868305,-0.00491367574771298,0.24156444706991,0.141037739989698,-9.92789300724889,0.448495339972955,-26.1594004402864,0.130156503823202,0.089353059081612
3.04592323303223,0.676108985690743,-0.00748785099967548,0.0550948404341529,0.257708552777405,-0.00470357976733614,0.240547884235599,0.140586661159305,-9.74422754932848,0.620755747135767,-25.9953809899449,0.129722792339564,0.0895195638016029
3.06826114654541,0.67883334857213,-0.00698844492401301,0.0543646163275709,0.258539796304266,-0.00451076972028237,0.239439161891774,0.140074492834807,-10.2212898129458,0.86909405079362,-26.9795809571223,0.129231052928396,0.0896792794739695
3.086989402771,0.68093275119897,-0.00659145988100124,0.0536284434837547,0.259188646981387,-0.00435785297252839,0.238494316713611,0.139596207518885,-10.0258475267821,0.871229400777543,-26.5915072728093,0.128815090525118,0.0897899214205466
3.10527467727661,0.683015005144547,-0.00587505800961599,0.052881744487047,0.259832828361613,-0.00408354759901404,0.237543169378001,0.139102341873966,-9.97567543126647,0.0114283999458505,-26.5785124844083,0.12838402299591,0.0898871561600856
3.1220064163208,0.684887522805003,-0.00533890881422663,0.0521514199616248,0.260413433472618,-0.00387827158502685,0.236654156292568,0.138623347675527,-10.3079816716223,-0.156963151566194,-27.2810888509927,0.127975678729943,0.0899631308886098
3.14057207107544,0.686666698501222,-0.00500945434860467,0.0511442672590514,0.260978361822856,-0.00375200826004058,0.235662334587403,0.138035119371996,-10.3116767302793,0.139186530551675,-27.053156617126,0.127547042931303,0.0900184186769172
3.15977787971497,0.688758939764822,-0.0044295448548188,0.0502072996362064,0.261629517661095,-0.00353042317090547,0.23459439360425,0.137421916616675,-10.0781419619749,-0.0400085632500759,-26.6079744051571,0.127041148938553,0.0900790986367508
3.18121385574341,0.690914451728928,-0.00399679470709538,0.0493561229358195,0.262292269464006,-0.00336480249444321,0.233540808780897,0.136821655893241,-10.4311332453551,-0.191615009894306,-27.3833345159054,0.126513329693594,0.0901267201941957
3.20111751556396,0.693039223902554,-0.00401007670238546,0.0487197530348945,0.262933026110348,-0.003368660634768,0.232591895619598,0.136299444382774,-10.4094973004353,0.245738194984936,-27.2355890132018,0.125997865344724,0.0901598694414145
3.21830439567566,0.694640958619174,-0.00401954550037412,0.0481471573423927,0.263419341963656,-0.0033713616869998,0.231825660494231,0.135856568683287,-10.3547641706776,0.23413675264297,-27.2073668839104,0.125585155424751,0.0901745806625884
3.23600435256958,0.696365384382647,-0.00403165089232454,0.0477547880406016,0.263932025524437,-0.0033749064762169,0.23110535986711,0.135465683519941,-10.7663655852897,-0.017163198872981,-28.1906055106138,0.125157377000678,0.0901826732522616
3.25438761711121,0.697982346504087,-0.00404487802590841,0.0472675916101021,0.264417010952922,-0.00337889864886267,0.230371579492604,0.135042716905769,-10.6501325160412,-0.426015162566539,-27.9224873444039,0.124734151774467,0.0901768156802747
3.27221488952637,0.699584246493373,-0.00405853629244696,0.0468642249469779,0.264893526047597,-0.00338304694568185,0.229674869726942,0.134646597345532,-10.526304193798,-0.704660793614784,-27.5097723298314,0.124311106349305,0.090165761010809
3.29050517082214,0.701030299792841,-0.00407156941240759,0.0464951167919035,0.265323385381747,-0.0033870630174753,0.229037378443307,0.134278215839502,-10.4865056214696,-0.89398463404912,-27.6161182630733,0.123917734223122,0.0901494648941209
3.30829882621765,0.70257918911468,-0.00408623062863538,0.0463707819884528,0.265772465206459,-0.00339151733532824,0.228481197628336,0.13399232492883,-10.8508724356374,-1.08718987764828,-28.2554293170905,0.123521286422856,0.0901302819096753
3.32679224014282,0.704166131082307,-0.00410203434834883,0.0462910374208177,0.266230543238356,-0.00339643972761002,0.22792961058312,0.133712434385282,-10.7018837910149,-1.19472284164375,-28.0493181060527,0.12311148378465,0.0901041840600618
3.34594583511353,0.705709652937678,-0.00411762367291576,0.0463119175192181,0.266672239764787,-0.00340117831982442,0.227436185385061,0.133475702597086,-10.7376265519867,-1.20306626164863,-28.2768205712838,0.122716404379536,0.0900740082220316
3.36420583724976,0.707110826942771,-0.00413125163541561,0.0463500341041311,0.26707251999274,-0.00340532828620672,0.226993482295938,0.133263130476141,-10.7196328705614,-1.12950250730493,-28.3293836408502,0.122352390566474,0.0900410418797324
3.3812313079834,0.70843109742622,-0.00414378577028529,0.046557791091332,0.267443374649045,-0.00340910739881608,0.226657797874034,0.133133886514129,-10.8739497605099,-0.912197274539865,-28.7049173066961,0.122026787623182,0.0900087290611943
3.39949727058411,0.709733794980109,-0.00415659936145319,0.046666407323824,0.267812827800446,-0.00341300645974483,0.226280009162784,0.132961950552311,-10.93116038768,-0.686524619239132,-28.9093973951875,0.121689376703487,0.0899667623137964
3.41783428192139,0.710962025733692,-0.00416838460587072,0.0467674475517954,0.26816057651801,-0.00341653865175856,0.225935052401481,0.132805076017468,-10.9771600033523,-0.621615954097453,-29.1066625237134,0.121377736118634,0.089912852993655
3.43618321418762,0.71214641357639,-0.00418212963757742,0.0467760917237426,0.268498630800591,-0.00342086129671731,0.225565217986986,0.132616546030177,-10.9997881488239,-0.719670979905673,-29.1430078643459,0.12106701427249,0.089847820164386
3.45412850379944,0.713181035300862,-0.0041975450124044,0.0467445656642267,0.268794424029555,-0.0034258938219381,0.225237164439517,0.132442312243741,-10.9767368937584,-0.775084605464374,-29.183640546834,0.120799244689228,0.0897754375826827
3.48629784584045,0.714693214418091,-0.00425279312370786,0.0462962692042957,0.269237272165758,-0.00344573603494961,0.224612036628284,0.132039860417615,-11.0031462880462,-0.620039108322312,-29.1467379267727,0.120388910254411,0.0896134037962826
3.50994300842285,0.715598116434734,-0.00440400432936683,0.0459132211443338,0.269503582361065,-0.00350212555008366,0.224214718558379,0.131768031837818,-11.1031040172454,-0.223973838737986,-29.3541975158288,0.120151077328825,0.0894850436714513
3.54915547370911,0.717158794824922,-0.00445053450723193,0.0453275233969412,0.26996510366549,-0.00351860111109512,0.223458858638536,0.131253778496101,-11.2190101568651,-0.416453399316369,-29.5914189976914,0.119656780934724,0.089323640628364
3.58408355712891,0.718248308154142,-0.00447671366678945,0.0449944846978123,0.270286176493121,-0.00352768382192395,0.222923182703501,0.130893912057291,-11.2878153747522,-0.721559459156995,-29.8858041243743,0.11928120778962,0.0892338960231668
3.61747169494629,0.719001223896861,-0.00450047914720898,0.0443513876736595,0.270518483741463,-0.00353613930298424,0.2223882595818,0.130482634236797,-11.1100240970682,-0.840024935162816,-29.382371670539,0.118990490443828,0.0891257790870017
3.64637207984924,0.719578541126719,-0.00451770424835028,0.0437717317229741,0.270696022692698,-0.00354228840594421,0.221994573693816,0.130167852752563,-11.233667951496,-1.0343568521055,-29.7242054496051,0.118801589006263,0.088999128428421
3.67216372489929,0.720070714798762,-0.00455054171948728,0.0434296999791658,0.270845140037334,-0.00355431428701055,0.221673275602966,0.129925399483697,-11.1150424249353,-1.24212704346383,-29.4185115347153,0.118612359384552,0.0889335241106903
3.69687867164612,0.720538511339562,-0.00467164844723989,0.0431950215516044,0.270983126886866,-0.00359955195003093,0.221425116775753,0.12974446706492,-11.0679314635371,-0.926047054565299,-29.511723894613,0.118455550360954,0.0888656693267018
3.71961045265198,0.720958953365979,-0.00515620505814479,0.0430270205861252,0.271103909134121,-0.00378155133495522,0.221237125001681,0.129610870054706,-11.2738354490189,0.0957829097298572,-29.8926498218945,0.118331683534388,0.0887961200786016
3.74332785606384,0.721305806988207,-0.0053859955067685,0.0427620636773133,0.271208052598426,-0.00386775313028429,0.221010299577106,0.129435709760512,-11.1177843110919,0.16725995769595,-29.6129123750915,0.118202355524435,0.0887379859841188
3.76547408103943,0.721541309144902,-0.00540138803591955,0.0425038252716657,0.271282281196403,-0.00387334476191948,0.220796553757647,0.129265655944608,-11.6107078503792,-0.503349659414176,-30.4538875931214,0.118085280764087,0.0887074571035173
3.78976249694824,0.721701554300837,-0.005462103091781,0.0421819852094445,0.271336686809177,-0.00389604603336026,0.220578650856636,0.129082431811019,-11.4815950050761,-0.935680395834577,-30.4205995006227,0.11798305786739,0.0886792685098994
3.81325316429138,0.721728093842921,-0.00595755689307911,0.041577932108903,0.271359610201146,-0.00408244570128569,0.220266453999838,0.128796095381456,-10.9404777468852,-0.347751961635272,-29.0467164955852,0.117878965202262,0.0886486628960071
3.83605575561523,0.721871190352431,-0.00647693936563395,0.0413880368934617,0.271403707403878,-0.00427766380870756,0.220118032682215,0.12867574204316,-11.4835642233976,-0.0310454545843466,-30.4991913165621,0.117800480518896,0.0886276118988549
3.85908555984497,0.721926306318185,-0.00652051952569215,0.0408385515015007,0.271434381816448,-0.00429413062762793,0.219823508501539,0.128408584744241,-11.0246014297408,-0.803823151289254,-29.1914978145804,0.11769598043826,0.0885969582249917
3.88164973258972,0.722053739814233,-0.00669263934298787,0.0406272423650114,0.271475641057023,-0.00435871032188799,0.21967084794959,0.128281890206213,-11.4290744470303,-0.97491199140317,-30.3212476961887,0.117619830005645,0.0885760553164479
3.9048752784729,0.72204101294763,-0.00715759425998649,0.0401820735371739,0.271482580484592,-0.00453366308630602,0.219451325570568,0.128076791186137,-11.4250163267925,-0.448205700278203,-30.0015046296454,0.117552420098175,0.0885553476061106
3.92884516716003,0.722047562429253,-0.00762734867458982,0.03979377748694,0.271493288590903,-0.00471043092569174,0.219252926355329,0.127893621574819,-11.5877303233256,-0.112487849591999,-30.2846093504504,0.117487252288401,0.088535594307079
3.95072650909424,0.721967696903353,-0.00800249911293169,0.0393045941471121,0.271482554901251,-0.00485177539453013,0.21903582716187,0.12768285689149,-10.9402981140984,-0.150886381075144,-29.1424735654746,0.117435104443616,0.0885182423734309
3.97325658798218,0.721868944480021,-0.00833140026674702,0.0388389682474073,0.271465946028378,-0.00497566888135114,0.21883748291063,0.127487325715922,-10.9605939465322,-0.336342804177026,-29.093056529983,0.11739300988261,0.0885035566142627
3.99203395843506,0.7219452238607,-0.00837136745849102,0.0387070936984959,0.27149078979218,-0.00499062924195285,0.218743264924545,0.127408625028193,-11.6078518474685,-0.942522886030838,-30.460703416302,0.117346293682519,0.0884904900033428
4.01016879081726,0.722061840958941,-0.008385509058661,0.0385548176175327,0.271527599243301,-0.00499585759566894,0.218624168467691,0.127311370140142,-11.080693329354,-0.835269409886489,-29.422785389889,0.117282872877903,0.0884728257043935
4.02761459350586,0.72228094434997,-0.00839489064253649,0.0386313501313048,0.271587254284616,-0.00499910783597781,0.218581950978001,0.1272974998814,-11.1879107432238,-0.522733479728725,-29.622928717368,0.11722126474586,0.0884575543306318
4.04522800445557,0.722532434830853,-0.00839741792805111,0.0388309803632086,0.271652846740865,-0.00499969565060195,0.218589450655726,0.127333646673037,-10.9184263204744,0.060403033091314,-29.1195454720398,0.117168238771162,0.0884454437431159
4.06275391578674,0.722893320590185,-0.00840091356860625,0.0391708588188956,0.271745630273849,-0.00500043958238489,0.218626798438787,0.127410317417038,-10.8787538011809,0.344325078762958,-29.0689791040446,0.117100376887909,0.0884304809870924
4.08219933509827,0.723391638997734,-0.00840624822093508,0.0396980556688886,0.271872349959882,-0.00500163864739655,0.218706959046843,0.127542976966203,-11.0196969197196,0.314382949982975,-29.4404578814483,0.117015308157938,0.0884122937169118
4.09951758384705,0.723862841302186,-0.00841055278856242,0.0401984298085138,0.271992253053719,-0.0050024957374613,0.218783316772951,0.127669093773513,-10.8602638978051,0.43912966532424,-29.279910574974,0.116934582392087,0.088394689293414
4.1175422668457,0.724420955019759,-0.00841586170827363,0.0407925071770784,0.272134397365987,-0.00500364058591048,0.218873823902332,0.127818766355689,-11.3137956332819,0.323368921215937,-30.2138954817518,0.116838320327143,0.088373371657712
4.13509774208069,0.724910004421609,-0.00841873508595863,0.0413155223286775,0.272259042339303,-0.00500393476283054,0.218953793067441,0.127950740308442,-11.1328996866197,0.501703348051224,-29.9503172481211,0.116753588933119,0.0883543367360459
4.15289163589478,0.725409790825962,-0.00842074670026141,0.0418509557002465,0.272386548351927,-0.00500389041679675,0.219035367001023,0.128085684217137,-11.3225047551273,0.706839309060092,-30.3818538866853,0.11666634122044,0.0883345036288267
4.17045307159424,0.725906201788708,-0.00842288554911581,0.0423853533630855,0.272513265370594,-0.00500394944994512,0.219117187148446,0.1282206512432,-11.0970113830721,0.922908615898178,-29.9974548171487,0.116579388870735,0.0883144255508652
4.18715047836304,0.726329695088904,-0.00842319942458251,0.0428429634582031,0.27262144443558,-0.00500339295418513,0.219187407622461,0.128336342239513,-11.0764583516976,1.09949247606975,-29.9621908359865,0.116504887867204,0.0882970127186917
4.20555233955383,0.726769729523001,-0.00842156997381008,0.0433191784730625,0.272733947265605,-0.00500213135992515,0.219260310646669,0.128456649409959,-11.2554279676224,1.15100363026153,-30.5142920404296,0.116427014520336,0.0882785923418846
4.22376036643982,0.727184564436553,-0.00841199227316431,0.043765700132856,0.272840203756249,-0.00499790675375292,0.219327454835001,0.128568710971602,-11.5037439427431,1.1221186538559,-31.144116653445,0.116352695655178,0.0882607623611378
4.24135732650757,0.727444399294302,-0.00825810616109658,0.0440371646887464,0.272907551001124,-0.00493979791953216,0.219365839498801,0.128635316410607,-11.3105396334339,0.943040691265896,-30.8099367772338,0.116305156062513,0.088249157334863
4.25873160362244,0.727571741002858,-0.00772974241931346,0.0441670658607275,0.272942251612367,-0.00474136731870685,0.219384827105818,0.128667571530961,-11.3589472153225,-0.0731324238767927,-30.6792853361783,0.116282971592047,0.0882437938595251
4.2772364616394,0.727726412972224,-0.00743371014709037,0.0443274852411713,0.272983112578222,-0.00463007860945554,0.219407538607406,0.128706931957038,-11.4015224256467,-0.147185077844357,-30.7913052015704,0.116254883631271,0.0882370496165448
4.29500651359558,0.727772685713639,-0.00711658046668554,0.0443723722093964,0.272996213838877,-0.00451108146305984,0.219413342876513,0.128717574875983,-11.3792239843872,-0.332160935223046,-30.53626014936,0.116246544056225,0.088235250302558
4.31328368186951,0.727776610888469,-0.00664269712467322,0.0443715824319112,0.272998974439235,-0.00433332277744731,0.219412750386157,0.128717042072269,-11.414543757792,-0.885547800740998,-30.4782368945618,0.116246287865718,0.0882355061901836
4.33053421974182,0.727778367868757,-0.0063351525103928,0.0443711015124885,0.273000528782803,-0.00421797016838824,0.21941254039251,0.128716804321857,-11.4901684288009,-0.946606892688202,-30.6279184341136,0.11624628591766,0.0882357835647322
4.34803628921509,0.727776436647221,-0.00630622334847106,0.0443687601869071,0.273000156476451,-0.00420718605327543,0.219411718068408,0.128715880091373,-11.6326874790596,-0.254626533025407,-30.9172392845051,0.116246303708674,0.0882361627364314
4.36693334579468,0.727775667056826,-0.00622743744727846,0.0443686397090173,0.27300023375499,-0.00417773619461214,0.219411459472589,0.128715634266261,-11.4360618542945,0.135846425580832,-30.4273246861763,0.116246201544284,0.0882367452199918
4.38370537757874,0.727775736979265,-0.00618482374160445,0.044373768936468,0.273000346298345,-0.0041617295033316,0.219412308194471,0.128716805530116,-11.0009491748219,0.211366401338381,-29.3740360243525,0.116245663134887,0.0882381330092448
4.40167808532715,0.727776006779683,-0.00617914328629289,0.0444036129004551,0.273000230534023,-0.00415959675499709,0.219414964489298,0.128722049834769,-10.9003352876961,0.0213425992916082,-29.0799889864183,0.116240609929408,0.088246927995583
4.42229437828064,0.727774865445098,-0.00617954736612704,0.0444094026114262,0.272999877658407,-0.00415969539880109,0.219415654496361,0.128723150846998,-11.1222296449579,-0.530314988951704,-29.6945664169815,0.116239828291882,0.0882489170031664
4.4411461353302,0.727770228458132,-0.00618091831532537,0.044407807440438,0.272998662480875,-0.00416016128356307,0.219415187779108,0.128722478452347,-11.394482438659,-0.952349974738041,-30.3570823350865,0.116240072933901,0.0882501462528107
4.45857977867126,0.727760231252688,-0.00618232195984228,0.0444029847822683,0.272996033512001,-0.00416067746032692,0.219414527951734,0.128721126026122,-11.2226978932358,-0.948223935606815,-29.953369617894,0.116241212828142,0.0882521085409005
4.47763109207153,0.72773218526307,-0.00618278627214251,0.0443961998533416,0.272988636745613,-0.00416091604401142,0.219412939516353,0.128718274343792,-11.0059947957249,-0.575945480715416,-29.3090130500666,0.116243004024095,0.088259822308333
4.49458694458008,0.727732603802701,-0.00618261929636868,0.0444428982309514,0.272988435302986,-0.00416087231660248,0.219416904580141,0.128726343987928,-10.9699902921976,-0.16274827175133,-29.3364732397815,0.116234941194987,0.0882736663091654
4.51255583763123,0.727727807018415,-0.00618224789584724,0.0444658872895599,0.272987024200571,-0.00416080724025446,0.219418368261309,0.128729795955129,-11.2330610219624,0.0101783064481757,-29.9791268864441,0.116230837763502,0.088282400113047
4.53152322769165,0.727720951553384,-0.0061825107590869,0.0444895568327282,0.272985069743173,-0.00416091262066551,0.219419658695355,0.128733127080513,-11.2626430187689,-0.043556594668598,-30.1201986895763,0.116226536461686,0.0882921419328158
4.54932451248169,0.727710588732292,-0.00618340344590149,0.0445476282054241,0.272981991723424,-0.00416125708955314,0.219423014089046,0.128741654481597,-11.1584217760613,-0.331287474683428,-29.8301001560758,0.11621580727104,0.0883138164576621
4.56817722320557,0.727699751493378,-0.00618612525880409,0.044654265541683,0.272978483053447,-0.00416226433781262,0.219430279456263,0.128758381065295,-10.9759929896488,-0.705130531358553,-29.404160909796,0.116196574922627,0.0883502633317103
4.5866277217865,0.727692810121007,-0.00618922778400567,0.0447104020182457,0.272976254599601,-0.00416341122694569,0.219435209126158,0.128767935965698,-11.0369396113898,-0.851513159570289,-29.553705841008,0.116187397762906,0.0883691793879912
4.60430073738098,0.727663723689926,-0.00619043147204624,0.0446994000985488,0.272968552573768,-0.00416391740186476,0.219434408570149,0.1287651393367,-11.1047742837692,-0.644883748024383,-29.7838302914343,0.116190873073316,0.0883752712752219
4.62441730499268,0.727546632451591,-0.00619006700206174,0.0446638789036455,0.272937382981253,-0.00416393247975988,0.219434659672592,0.128757345851285,-11.1406414801979,-0.322443497382532,-29.8515667667498,0.116205514699305,0.0884007804207604
4.64481496810913,0.727293114097898,-0.00618747636439711,0.0446331176551811,0.272867373414701,-0.00416321474005885,0.219486629721884,0.128782517117685,-11.0888316229284,-0.0548549649834835,-29.8297257252662,0.116267097449926,0.0884414838516671
4.6624858379364,0.727066170690189,-0.00618574489431349,0.0446734728286578,0.272804092366108,-0.00416281160492185,0.219542313127801,0.12881909913331,-11.2664433992781,-0.106639849424814,-30.1508361062338,0.116313074249434,0.0884958883721346
4.68052959442139,0.726826781716358,-0.00618428353556476,0.0446297390000115,0.272741077851144,-0.00416253915409368,0.219526344743648,0.128794400267397,-10.6392404757068,-0.303561479343209,-28.7234951213374,0.116322481619693,0.088567183199145
4.6996545791626,0.726705890576851,-0.00618538710044207,0.0448591810680346,0.272703494038158,-0.00416298859572224,0.219626900059889,0.12888775731116,-11.2024066289881,-0.544013687144256,-30.1996118492141,0.11635336717323,0.0886262415215467
4.71714758872986,0.726612797130866,-0.00618677333199503,0.0449878233443362,0.272675198578659,-0.00416357575803238,0.219692778756683,0.12894598281966,-11.4310290194946,-0.728522296150125,-30.8951168904418,0.11637942007758,0.0886617457434622
4.7373321056366,0.726443151803778,-0.00618736944191759,0.0449617714083457,0.272629174917007,-0.00416397947831099,0.219709630438739,0.128949129454676,-10.5850441092239,-0.57519760021961,-28.7083468503622,0.116407160254511,0.0886969347863424
4.75548267364502,0.726438845595993,-0.00618784088994614,0.0453442494823191,0.272618770823626,-0.0041640850276438,0.219883327129534,0.129115904283056,-11.1423882684497,-0.338349535128709,-30.1827028602056,0.11645382685458,0.0887281700687319
4.77327466011047,0.726432251867528,-0.00618794884899184,0.0455780168449296,0.272611704975254,-0.00416409856435629,0.219981790086057,0.129212154245648,-11.3111645052078,-0.183421252264957,-30.5396526468128,0.116476344931682,0.0887530031900997
4.79389810562134,0.726457690270167,-0.00618854477395801,0.0456851214270132,0.272616811159624,-0.00416427690243647,0.220011589164236,0.129246306480655,-10.4002127034513,-0.107235168802831,-28.4794323032466,0.116473100038395,0.0887643713033251
4.81347250938416,0.726570664091829,-0.00619037880805408,0.0461043999204944,0.2726395864484,-0.00416476371800882,0.220144357109075,0.129392064765556,-11.1704806080049,-0.327112263299572,-30.2792314742958,0.116472633142549,0.0887949946232983
4.83259987831116,0.726648236467711,-0.00619234365956773,0.0464634552055318,0.272654971466905,-0.0041653399953071,0.220238465000234,0.129502160929226,-11.2675547270052,-0.450238147900399,-30.7476710146893,0.116457450704846,0.0888388149140122
4.8510262966156,0.726654698702692,-0.00619473793879922,0.0466132282221158,0.272655809634345,-0.00416622452784152,0.220251763994345,0.12952851496417,-10.6884560037559,-0.632459573572492,-29.0983394625495,0.116431596868845,0.088880627015636
4.86884498596191,0.726730112434087,-0.00619684278679095,0.0470555501802175,0.272670480735231,-0.00416687741523334,0.220348229846217,0.129649443255821,-10.7368077537719,-0.518996424338192,-29.3947319731189,0.116398293460347,0.0889522628186698
