id,condition,Yaw,Pitch,Roll,TwistX,TwistY,TwistZ,AvgVelcoity,MaxVelocity,AvgAccel,MaxAccel,AvgArea,COGZ,PathLengthDifference,RangeX,RangeY,RangeZ,TimeElapsed,Joint7_Distance,Joint6_Distance,Joint5_Distance,Joint4_Distance,Joint3_Distance,Joint2_Distance,Joint1_Distance,NrPks
P10,A,94.327706413908,0.00433039091650244,108.122047017231,0.0856620078677995,0.0144246790837178,-0.0729007242112491,1.72569541003064,9.56179154663768,25.0042530031105,462.224274896846,0.217041829868203,0.336497013626751,0.182147268599214,0.354002331731885,0.058734937536227,0.344930973124454,4.11433720588684,0.0774585727,1.118620585,0.000114519999999452,1.580081433,0.00018496155228,1.189305291,8.17899999998595e-05,77
P10,B,93.1645958808979,0.00297084186968403,111.451089438031,0.0436896018384537,0.00705468843732185,-0.063047938336178,0.397011602860611,2.13748744044896,6.45197489888535,63.0635332351457,0.230778961107247,0.361497615129358,0.0902152983446676,0.251955747125737,0.0401995696287112,0.37673406522659,5.72486567497253,0.0709934827,0.925015315,0.000102750000001262,1.02573914,6.94453386e-05,0.933384243299999,1.3309999999489e-05,96
P10,C,93.3769760473336,0.00484968827913116,109.745352034508,0.0833560545629283,0.0165828405457124,-0.0856299703986567,0.554260270596792,2.11436951694384,7.58753987634084,62.8153851480271,0.205004275876275,0.349421720509028,0.0109175766764127,0.290644624282619,0.0586607467084072,0.296883546994575,3.46165680885315,0.0748188477,0.915725415,7.82400000005623e-05,1.15793925,6.65914132e-05,0.721727242,1.31699999994517e-05,63
P10,D,97.513743921095,0.00340983098948154,102.249215459489,0.0537109564781097,0.00882556900769089,-0.047629011962164,0.714325895361449,3.74631355472365,9.65246613408704,59.0929985912716,0.237913675616239,0.363064930202159,0.353514805192027,0.368711065019042,0.176214019712529,0.359520045078301,6.3855299949646,0.38434474603,1.109009249,0.000133069999999513,1.702614813,0.00016933245273,1.53196777,3.32900000001857e-05,107
P10,E,102.192567304028,0.0023849689225704,95.3222088104366,0.0242819397524799,0.00610880615323064,-0.0278970534567345,1.57900402137938,9.56702105299036,15.8579918063497,127.025890596898,0.28018067595025,0.396404341319125,1.86589967420655,0.4096764059968,0.623405998861981,0.769628582215156,12.0568971633911,1.6912399890738,1.404226648,0.000154769999996862,2.814196146,0.00033185602436,3.288312671,0.000163930000000034,224
P10,F,101.737375492772,0.00228426613703702,95.5790333695718,0.0360869413313981,-0.00802625513287213,-0.0511874942883096,1.05935184972164,3.78280148365903,13.9747014205203,125.458769350444,0.275510609131965,0.373214872284454,0.452068564638454,0.354753972995627,0.155602701907273,0.463055010369174,7.27177619934082,0.313071097,1.168420845,9.35800000005926e-05,1.849597607,0.00016208066582,2.120821979,6.48600000006105e-05,135
P10,G,95.6432101763215,0.00341779239831658,99.7948651524879,0.0437665865612947,0.00658107411833401,-0.0418172251586132,0.490270597808423,2.66310602714712,7.19741631128003,65.5742511014207,0.221832462281411,0.351767219301057,0.167307802946961,0.315160235798999,0.0954842035716203,0.334354096501485,7.12888097763062,0.2349110492673,0.973750113,0.000187020000002924,1.313918995,0.000196920320742,1.0475834437,2.54100000003366e-05,121
P10,H,91.7494351708651,0.00390937404966338,92.9765198234233,0.0716957864703044,0.00641581694741976,-0.040018055620814,1.01809676475803,4.77676918875268,12.6020882077465,63.5574805476171,0.201733599287444,0.312945591158406,0.24745368619649,0.312910781483587,0.0394847758138668,0.298785699470982,4.29266548156738,0.071643294172,1.182640565,9.2610000002491e-05,1.13319236,0.00010083842638,0.232903426,4.07399999997615e-05,73
P11,A,95.5896217714622,0.252070653064028,93.88864987041,0.132987593772457,0.0375304040629221,-0.109906817561129,1.14236843299754,3.05994788435934,14.0299227617182,64.5751243208225,0.173190256221474,0.303042797382691,0.10174510286386,0.359427493329799,0.102679332940336,0.338392583592207,2.70713472366333,0.12953988367782,1.298875204,8.9120000001941e-05,1.59205607,0.0100686380646,0.0544003180000003,2.66800000003897e-05,53
P11,B,92.2626442537662,0.13724304001631,106.320321226851,0.0771094191684756,0.0117757744832133,-0.103123975923059,0.548451646439463,2.12264118711917,7.9603088336325,62.3188920495366,0.157635848115624,0.289295363402097,0.0539905301680527,0.282034037754654,0.0440576910307144,0.378093870907274,3.68517422676086,0.0575924643836,1.136705985,6.95799999999025e-05,1.13808886,0.0105090667574,0.183616639,1.43200000000121e-05,63
P11,C,92.1780210883224,0.223366338993063,93.9479200482977,0.0911708144675412,0.0144725095403745,-0.0879219572467452,0.735507436075911,2.65350602386191,10.3997645736442,62.913459334267,0.200106277018245,0.336220715743696,0.0206150110935574,0.298721018533197,0.0526045823961482,0.29512888084716,3.25164771080017,0.0720299010532,1.046485941,0.000113729999999812,1.09769242,0.009539689333,0.000144742000000031,2.26000000000948e-05,64
P11,D,100.200663345498,1.30791530809223,110.190893884989,0.0492553245873678,0.00982317691588275,-0.053381673850297,1.60918973071545,5.89350251521196,16.7464445237495,99.8832429991209,0.149552936783511,0.28048487172907,0.482593140043272,0.328439352814343,0.204887625428397,0.390729039341716,6.67641544342041,0.4510401426461,1.438435842,0.000247380000000685,1.78754489,1.0134861385465,0.454591126,9.65600000002453e-05,122
P11,E,91.6826338674865,0.00994030967303776,94.4562185558943,0.117774558232992,0.015094913205048,-0.123545243479378,0.370562454823804,1.42192573262805,2.53456745962191,60.7326014651325,0.161983702859641,0.285588528801188,0.144315801909695,0.334236097739861,0.0541212212385145,0.37509256682131,2.82312989234924,0.0861811577624,1.320316212,0.000110589999999355,1.483802307,0.0001550628612,0.0837759269999997,9.29999999899067e-07,56
P11,F,90.9705539645971,0.484522056224359,95.697993913311,0.0181906185934515,0.00650034684863449,0.00182189872650204,0.376631960244896,2.67651289328511,5.05923338187412,64.0572933481016,0.140674639688886,0.239888662500303,0.122480538481472,0.107495483151136,0.0438810015538985,0.0643437433540445,5.51510524749756,0.06016913293,0.2085131,0.000101719999999528,0.492507400000001,0.0605135154523,0.776957995,1.53900000008367e-05,97
P11,G,92.5644303565769,0.18465073213287,105.385175089246,0.0685611916682295,0.00606866266395107,-0.0797875788900183,0.715496316403672,2.92253322069863,10.4851553327022,64.0899450029777,0.159675200293027,0.298314430376132,0.118756745609438,0.294244056498822,0.027298197640638,0.375697519631291,4.26195979118347,0.0290769357,1.15294785,6.95399999974811e-05,1.22097892,0.009910687573,0.0520311410000008,2.38100000002905e-05,71
P11,H,102.221418623502,4.66895565192008,95.1724714895408,0.120752647860045,0.0271186468108481,-0.129079086119262,1.50753528487619,9.65553395272956,25.5110973260773,487.885371739313,0.157611207627866,0.291250065552576,0.192587726513515,0.316733736976831,0.114033017393516,0.349340724859878,2.58986449241638,0.3009064869623,1.256731666,0.000208499999998946,1.37088507,0.3248851884752,0.630760509,6.28000000002515e-05,52
P12,A,92.227347240512,-0.695726338656533,87.1115434866733,0.073712843591849,0.00713939973288434,-0.0484602527718054,2.51498784396926,9.81050723036183,30.4179200152691,482.851625988822,0.228041119020683,0.385915577103533,1.04754959915955,0.363361291294059,0.211743535801782,0.534950345194225,4.97573232650757,0.762012906348001,1.463242225,0.000349329999997483,1.45766551,0.768305444772001,0.369541301,0.000202559999999741,87
P12,B,92.2268241581416,0.655433471877227,90.7350537062862,0.0479224719105624,0.00441868287344503,-0.0340496903648956,1.2069379420124,4.90076703494252,13.4340145237077,84.4667433240074,0.209268260436767,0.350769299558433,0.584043411112135,0.343052517002041,0.218909336076278,0.322186312042398,6.92685770988464,0.912169959289501,1.1173028,0.00546933000000038,1.19422666,0.319449565364999,0.514715316,7.00399999995494e-05,128
P12,C,92.0016192727929,2.07976804694729,92.3018278890056,0.0130389634116217,0.0078928079783331,-0.012740837540234,1.73584386617866,7.28940032920719,19.7908671007618,118.076022559373,0.209869992023997,0.416414093014775,0.600964517129017,0.0654271139772238,0.304476955252405,0.0416841803097926,2.5637047290802,1.2763443395807,0.125002927,0.00358249999999982,0.164431010000001,0.1774956121093,0.00258480799999994,3.82799999996131e-05,44
P12,D,103.647081203391,6.4866106450435,98.1228764962833,0.0271379486591046,0.00153218871167275,-0.0279317986874013,1.65408710348199,9.76023230301693,18.5193545518353,123.216626431109,0.235458476138113,0.397786101827729,2.32635182383316,0.510292268924037,0.954607635639001,0.421488318653297,10.0530364513397,4.0260932604439,1.414884928,0.000639530000002164,1.05759793,0.954060069495399,0.388008288,0.000137180000000958,178
P12,E,97.8063681334801,-5.89117336443545,87.6742939611708,0.0220056165613309,0.00152726821847537,-0.0269467223983321,3.13983380448541,9.85907393381085,61.2324375177395,515.069594611569,0.197009922148925,0.365314258587107,1.70408225642205,0.405170746843447,0.597434746961203,0.427167509624535,11.7067551612854,3.3980891455831,2.216045629,0.000666370000001582,1.48779967,2.748397189013,0.84548448,2.1982163,207
P12,F,96.4022288564891,0.296819175098326,93.4793001112137,0.0285050510268233,0.00225569808691895,-0.0312736488987774,0.763306630342068,5.81602290949654,6.33068805699583,111.555039790449,0.189100968151368,0.364520619517982,1.29040180676375,0.395502420068909,0.492415181703815,0.309166683490303,9.71240568161011,2.520267784862,1.094873539,0.000266030000006801,1.03066971,0.0972933115954998,0.820329196,4.12500000006588e-05,174
P12,G,95.4188961950788,3.82878768778397,89.401959396167,0.0313591161381448,0.000485427466704027,-0.0355388087349842,1.15921708336776,3.69315323035981,15.8260739502869,64.8696693455812,0.222050953964309,0.40556063548324,0.963052916470623,0.316644944315683,0.37951488729856,0.435673010961003,8.24378538131714,1.831809529879,1.455259688,0.000423699999997584,1.05602408,0.2872744194256,0.171760994,8.02300000000145e-05,152
P12,H,99.8761064146951,8.02739054424103,93.2522431755228,0.0739056808452933,0.00829865318219374,-0.0745808281526399,1.6557017344781,6.46649498597263,20.5979929307201,66.7033342199337,0.206145648341465,0.389269045209551,1.08240538520423,0.354484867069945,0.489182433944702,0.303743584208382,3.84528136253357,2.1840041157083,1.23563553,0.00053308999999846,1.09184649,1.013977755313,0.0472540720000002,4.52400000001685e-05,73
P13,A,95.1170856434458,1.13664398093837,117.565223497258,0.085465856378173,0.0205629918244916,-0.0198699239007003,2.80376857451116,9.53550149123805,40.0730200068911,479.549952770729,0.20890620657084,0.331688198286714,0.471437174388626,0.345144370271906,0.0869134738341291,0.369291364141813,3.93322134017944,0.1233783964074,1.43454451,0.000134029999999008,1.470377842,0.1588335585145,1.279272727,0.000170259999999978,74
P13,B,94.7503108575079,0.274287299634205,119.542373594179,0.0499797594969438,0.0111998697016195,-0.0596515278140164,1.00696753778652,5.84350856814287,10.8337347742459,105.007640755978,0.190737124695233,0.322800602198345,0.148578625955132,0.262753760183256,0.0595069801163759,0.367776062372815,5.20700597763062,0.0778846388,0.947463918,7.56100000032234e-05,1.04622231,0.0124773335896,1.31147824,4.18499999998989e-05,94
P13,C,93.1159166806451,0.263479094726162,99.1564643526031,0.114001473873252,0.0211902958533806,-0.137999805068518,4.30529046896332,9.54745458730053,42.6161688836085,476.44486106343,0.190154717099126,0.322077789459077,0.0102336950973559,0.282513625939451,0.0509381635708463,0.34018116063067,2.42051935195923,0.06472653501,1.040904242,5.98799999975697e-05,1.04635679,0.010125700125,0.296756238,0.000143029999999822,43
P13,D,94.4548635722282,-3.89952633719646,98.6467476219065,0.0526516423492305,0.0109506164545222,-0.0744217573292854,3.15306683258752,9.67391041413688,63.3759909307176,499.542504065847,0.180200963542666,0.332599093927181,0.286927737649224,0.259317640465235,0.1690112775775,0.373680076370222,4.9571897983551,0.2215124902,1.089355596,25.1329108,1.03910927,1.95477454789,0.642386469,0.61200289,85
P13,E,95.0201890292575,-0.25185522495351,107.174547000189,0.107542508237441,0.00436092899015938,-0.136978185936296,2.40982467501032,9.58323802384775,32.5272117586694,513.763283394834,0.151376397880201,0.28196372288979,0.110262866162804,0.279994576503336,0.0399635226584733,0.35104606328896,2.5642306804657,0.186036185,1.070566134,7.26900000009856e-05,1.12678454,0.0268272671554,0.564120354,0.000140909999999828,43
P13,F,94.3661743786517,0.260161966078678,96.1546176365815,0.0566397002923928,0.00958283913540366,-0.0696677001641657,2.26094051334196,9.57077133152672,22.8791686834314,487.642053046875,0.148375628097244,0.286153909653672,0.155182885364876,0.300694083213592,0.0543178250324044,0.380175330075155,5.32924675941467,0.093693199879,1.215140534,0.000116410000000844,1.24418969,0.0511733626686,1.813835087,0.000130860000000066,91
P13,G,94.3543624778543,1.35376310212304,102.025293819428,0.0940973892850703,0.013871719052797,-0.102915047495771,2.43602965343838,7.38728751322147,23.3904922825622,65.7689646621101,0.152977780793699,0.271541239431674,0.0433396465207718,0.296633446783233,0.047364669010415,0.328740464717904,3.12167525291443,0.05608617057,1.069399824,6.58999999951781e-05,1.23653872,0.0636052823952,0.470909682,7.21700000001491e-05,56
P13,H,93.1859825014001,0.5452099808612,100.187430984535,0.107236452896219,0.0220179917757425,-0.143192048920396,2.09126472495352,7.41712514186549,22.7317108817002,99.6783874988056,0.182811355421106,0.325532781509563,0.0137640352306905,0.278821200541541,0.0577489432154733,0.372377361509164,2.63719630241394,0.0731304151,1.085397374,6.34499999963012e-05,1.08420724,0.036600547315189,0.304610092,5.41599999999143e-05,52
P14,A,97.7131463622746,-0.0691764354486394,68.7044056055553,0.0366454937440959,0.00940716041766812,0.0417746167416,2.01141036789859,10.2994311112948,49.8675724490999,522.265432783406,0.239169110951015,0.382660550130788,1.23093363582644,0.357159239167779,0.117639652167034,0.622478944826184,6.65767979621887,0.2259316523792,1.892581452,0.000255029999998602,1.96837648,0.3245675210226,2.88034966,0.36217833,117
P14,B,92.782186734633,0.09499312302567,89.4612266228604,0.0713459694469165,0.0127673523669358,-0.0726689262947059,0.113996128645626,1.06565437254875,1.87584549152994,63.2704119118093,0.196026226098864,0.300550203495751,0.062226380291335,0.205537490976274,0.0372770241730289,0.231586078027363,2.94167447090149,0.0434388205,0.794351848,8.3019999996381e-05,0.8565019,0.002524765479,0.0107583710000001,9.29999999899067e-07,57
P14,C,91.9446740447661,0.107376862870963,95.1464465636022,0.0790780292084875,0.0182718833428555,-0.0968508238775792,0.451829861264744,2.15907433621455,6.02930951930804,64.4470458424619,0.196631610367859,0.362532798724282,0.0369127257111861,0.268139968322904,0.0618289391105817,0.3075371536573,3.16923999786377,0.086370579964,1.020542428,9.08499999998647e-05,1.02473319,0.0115146178621,0.0608692110000002,1.04899999999741e-05,60
P14,D,93.9076452164431,0.00509722663997122,96.7908215393721,0.0718361920529585,0.0134565756784136,-0.0728490827195978,0.740966425063022,2.12952777664905,10.9096939389122,65.3603144814108,0.173068605609111,0.301586763908347,0.438823652857221,0.289488793035869,0.19404894767762,0.320540555743735,3.99730920791626,0.56968202316,1.102304653,0.000189389999999179,1.09111468,0.00017975963921,0.149615544,1.99800000000305e-05,75
P14,E,97.896742452925,4.56583445366353,75.5618973199297,0.0557475651425005,0.0150663898403193,-0.0416219195930652,2.7376261175176,9.63313549880213,34.6662406443439,507.407980055654,0.195112652632529,0.316006458347618,1.07626324960417,0.330510100838561,0.235044035407358,0.346115762441497,5.8752281665802,0.786399360317301,1.399844095,0.000185809999993403,1.41402002,0.6057986748206,1.425082815,0.00198013000000063,109
P14,F,93.621361422227,0.00355545703244813,76.4244160072373,0.064205130998568,0.0161192779949241,0.0136605924613457,0.560250927210768,1.40250471842524,6.75263406612392,61.4184059521888,0.252254099862099,0.362713024336499,0.699111951641456,0.31301133264813,0.074083901466523,0.342213638527115,4.43055319786072,0.138639905397,1.392694024,9.82499999868658e-05,1.14994895,6.870955612e-05,0.000234959000000035,1.34399999993651e-05,82
P14,G,91.1176938118227,-1.56709379493299,96.9903677080913,0.0600322735735893,0.00901267483438833,-0.0517451447229325,0.457781428482237,1.51040386755699,4.06786234861409,64.0029734911598,0.169645312752603,0.305707407221508,0.456255961952131,0.312080574317094,0.13925952196832,0.299431899289235,5.22618269920349,0.5964713015782,1.274444528,0.000186500000001644,1.25877425,0.14610417829,0.215366115,5.66000000001843e-06,93
P14,H,93.217982973384,0.00610807827254947,92.6810745546163,0.129157459981208,0.028331513660773,-0.106389999086405,2.96021761621062,9.58871300993647,38.0615562581361,484.319116680565,0.17829364747165,0.305163868856944,0.448999019149555,0.34000174071776,0.0981413729962006,0.337128725683716,2.65134596824646,0.16862869726,1.500421982,0.000131019999998649,1.364065277,0.00011987692434,0.252358746,0.000137940000000114,46
P15,A,93.8387378814808,4.97839106739001,88.1943778568295,0.155479667277524,0.0113682296825215,-0.0904704675589585,4.44635407038045,9.89418655046047,112.652403746898,763.393977723868,0.145111879459135,0.273324118539004,0.20566077821258,0.415304201087053,0.0405981482148407,0.334702391996667,2.64628386497498,0.125990482605,1.44252385,0.00013071999999692,2.02128332,0.14115371,0.5783037,0.0514350800000001,49
P15,B,95.1589738760986,1.79559624077742,100.695304392873,0.106157184810184,0.0124044698336295,-0.118602875391818,3.33026166195458,9.58121728810903,42.4374414535933,499.157712126262,0.180850603253866,0.314467639050372,0.0361247960664242,0.302385401795528,0.0477278123198397,0.341291895955652,2.82086563110352,0.0571128995582,1.100177342,0.000158469999999689,1.14870448,0.1503367877841,0.283567065,0.00015213000000025,50
P15,C,93.2783336533122,0.393512423112427,114.921687072781,0.0894925101943321,0.0124195423488792,-0.0929242453825928,0.669326897704099,2.97058951679605,9.34288696898374,64.9853162415745,0.192305985370176,0.318300766427528,0.0247363501344786,0.309869201370847,0.0497599488566257,0.326883522597031,3.45341157913208,0.0777248668146,0.996097471,0.000150409999995382,1.25856787,0.019942217535,0.897711234,1.63499999998873e-05,67
P15,D,84.2221984370792,-12.0202317281373,128.928320702354,0.0529872208551654,0.00569050104872347,-0.0640347426732373,3.81893046716494,10.1323026815607,132.309950867445,696.888256519098,0.212273823667768,0.332618202881021,0.228304046198345,0.291519033701848,0.0544993361825835,0.396670850724241,5.11633253097534,0.14073956,0.958135671999999,0.000103759999993791,1.31769698,0.247979830986,1.406681159,0.101428150000001,92
P15,E,113.153869311632,8.92311419213731,94.4963035130828,0.0462926252791823,-0.00428958579858841,-0.0504863921026251,2.52180844962803,9.93628404202118,97.4229696030181,752.686866561263,0.159135812192473,0.272364152038847,0.418381227216985,0.328628253862104,0.192877991151446,0.378898274363545,7.05547118186951,0.65542685212,1.27274895,0.00018782999999889,1.69758863,2.7910040429679,0.985369131,0.3293486,126
P15,F,98.1248615243158,2.44542660245356,96.6235386671396,0.0737015057882313,0.0064739618901032,-0.0651877131998263,1.08032572790029,3.69642534099082,16.1237489672701,60.7740666055927,0.148138744876518,0.26325094498278,0.0555666953172301,0.280056889750601,0.0270368080078985,0.243504350980635,3.75100636482239,0.0369705139,0.927296975,6.88299999942465e-05,1.15708145,0.137643425946,0.696899983,3.51600000001451e-05,67
P15,G,93.6402422630546,1.65596925396601,103.047792546035,0.0670946526493332,0.00456881444219219,-0.0861728597000154,2.60979141817559,9.56607568350471,30.3641401104723,519.906945009577,0.176696027598924,0.301156932724101,0.0195830215563622,0.279137324457499,0.0244020783222984,0.351907750804087,4.1276433467865,0.03689420786926,1.048628412,0.000163060000000215,1.05689836,0.1041442317301,0.247745753,0.000166300000000064,77
P15,H,95.7580032332652,2.84506966647587,106.343661065159,0.0231003506394721,0.00805659075028161,-0.0222801352414673,3.4495765379853,10.0888988345941,87.7466211179506,680.796870138277,0.176787648274849,0.289862783396289,1.83047017811075,0.393768876860495,0.301680165953905,0.367047486172731,9.99026393890381,1.081771175125,3.789919968,0.000520219999989191,6.62480311,0.1895696046355,1.035133158,0.0869475400000006,177
P16,A,91.4023540734159,0.680902722461913,90.7973364376327,0.249222730168472,0.00379310884916345,-0.125660222774197,0.920209339946069,2.42844410887617,13.0604971443697,65.6125180864474,0.184193467181467,0.322317092924139,0.170320339128332,0.386471397194174,0.0171737910643577,0.32678316962565,1.52913331985474,0.0294114184135,1.245597226,0.000106229999998764,1.75648709,0.032115132945,0.020720603,7.74999999997306e-06,27
P16,B,92.8122603361936,0.00588664937196811,102.428268511374,0.0451158683535379,0.00636664203704552,-0.0342986041801091,0.726940339611452,3.71454468889427,9.5119323263897,63.9391002915276,0.211274607985271,0.330620935609829,0.297389991104715,0.28697783125318,0.0554841352569926,0.281187795989197,6.30617451667786,0.092387585715,0.968552623,0.000147000000007225,1.03164787,0.00018118017256,0.462411787,3.90000000001223e-05,113
P16,C,96.3614248419272,1.18558785499159,107.469284635208,0.102492369478697,0.0255470275427368,-0.0411221073310452,1.67030247022499,9.55804707007849,23.447133264734,498.896410976304,0.227114242262984,0.351738165629722,0.463138881794922,0.351725106001286,0.0970245464167125,0.41797718321833,3.23393034934998,0.1706601573071,1.233500417,0.00013294000000208,1.47016214,0.05126112659584,0.911449068999999,5.23300000001559e-05,61
P16,D,96.6903442031744,2.31804687285448,93.2560973565929,0.0251447781092168,-0.000253925315338735,-0.0192999171825481,0.261627929831809,2.19248939314503,4.57841621494749,62.3935833781888,0.181124656350689,0.322612595897092,0.586704116221259,0.336253730004183,0.111170457714307,0.368071488573304,8.53986597061157,0.3422351779405,1.742503464,0.000189510000003779,1.9803077,0.3251310079452,0.388598903,1.26099999995244e-05,152
P16,E,86.4558961507282,-2.51217865426728,86.9246648016754,0.0757429153671454,0.0388024722031199,-0.0265827824849718,1.41854893781113,3.89477838636287,11.4008231292411,59.8531480784464,0.231479955958484,0.363481311813537,2.53628761609903,0.387781461849167,0.57190101538018,0.721376026706504,5.10785317420959,2.630812205538,2.321798043,0.00019932000000189,3.64321475,0.15725053473467,1.069818617,2.44999999996498e-05,92
P16,F,92.533129586072,1.16787278989461,93.7157746682736,0.00119298995928103,0.00117212822530039,-0.0163860078008956,0.590679397929486,3.75099439573429,9.41785831360821,64.9356308616847,0.17861910433064,0.320010840494258,0.83040552167629,0.321900836148831,0.0238599981913487,0.327188370593544,6.4170982837677,0.07735014572,1.963820674,0.000193490000004015,2.54895409,0.1579500764144,1.335395435,2.94999999999046e-05,112
P16,G,90.7005411577463,0.00400555091331089,92.781589644172,0.101022015785863,0.0025060173557716,-0.0788796624503828,0.237010098422293,0.556543142302967,1.60092818591353,7.05434024542159,0.175980861289999,0.30169743335986,0.124172690491197,0.344174519451994,0.0269578130799738,0.306130187215003,3.45595455169678,0.0568644426543,1.195808268,6.66399999929013e-05,1.395592014,6.331337002e-05,0.234709182,0,61
P16,H,93.002646196681,0.70579443477551,84.6663246668693,0.117438051072345,0.0130857813754744,0.02277412744106,0.926121599777448,3.09736623742959,13.0258667940609,62.5501340408175,0.199569036015114,0.313166808819002,0.515637593956373,0.37117710343704,0.0729538678021231,0.368306349054456,2.9136643409729,0.1285419868773,1.510784384,8.41100000030792e-05,1.52792929,0.0250890247598,0.0762499390000002,2.00899999998061e-05,52
P17,A,93.9123843215841,1.64759646005515,100.505449822509,0.0908623515745853,0.012624982651999,-0.0821348240060316,0.280254117212252,1.15738297803419,2.77975161026501,61.7422974295009,0.117226754221178,0.254885863141689,0.131838001428231,0.398454335489429,0.0584880192067367,0.359416537329753,4.31671738624573,0.0679595607975,1.517925179,0.000165770000002841,2.20344809,0.0756288186169,0.74359683,1.86999999973736e-06,74
P17,B,84.4660539625234,0.377039504018709,109.340401912054,0.0609217915594627,0.00472852704420904,-0.0292261103048003,0.211470202375826,1.00573556481058,1.26169785888433,57.8440364641275,0.137427394113996,0.256593675499471,0.177780777590328,0.305955943979023,0.105536168840184,0.145337542223325,4.59677648544312,0.2834169847,0.683668269,0.000101320000009064,1.15739678,0.0240766090643,7.23539999998302e-05,9.49999999999562e-07,81
P17,C,93.2343089820952,0.315808246826659,107.474744115303,0.0820226255943765,0.0116477510866788,-0.0726103376403401,0.389824707745436,1.15617447666005,6.14287786590889,62.9317291831147,0.167277111240153,0.289684365448278,0.058932358423764,0.380625950722942,0.0555702222673019,0.346701787498308,4.65563654899597,0.072267552542,1.249213434,9.14499999988827e-05,1.67659813,0.0099287964172,0.785534183,1.30099999993138e-05,79
P17,D,98.7661470400933,0.633057622396873,81.3641459482515,0.0305912747644866,0.00479269216119199,-0.107245403457232,0.136973653069017,0.345773896839159,1.2605957326207,5.08235875666746,0.218626458447061,0.305370854504779,0.0423079166011318,0.142255190541839,0.0406754438630931,0.456447576699937,4.12500691413879,0.0651553170000001,0.805959638,9.01400000028474e-05,0.4099361,0.0276107216378,0.151401309,3.99999999789458e-08,70
P17,E,99.4281922997988,0.984089590355523,76.2611899581404,0.108135870377523,-0.0182679919117722,-0.0797812516816155,0.66200094376261,1.34041175334696,3.9732612468196,59.8268115275668,0.218675026452097,0.329070820140834,0.919577784475167,0.418751025223891,0.416171871565147,0.618281743150501,3.8850154876709,0.8991023940409,1.447175572,0.00010849000000146,2.085643152,0.0235904772751,0.727885109,5.0999999998691e-06,64
P17,F,89.8507705750231,0.00620168450338812,64.6530368976261,0.0327729949907794,0.000302579747574649,-0.0362877771868088,0.501277699314667,3.77845382174547,3.48516771913249,63.6982796016566,0.227519611614428,0.327519722302223,1.23472672380586,0.378626979541193,0.0188458966953609,0.725086311438319,10.9981710910797,0.06683451635074,1.527834857,0.000112410000021157,1.831316861,0.0002573005147,0.818234368000001,2.1850000000212e-05,196
P17,G,92.9212493545354,0.314075751092791,96.8991990887309,0.082636449794547,0.0135588281710697,-0.0667651241423739,0.19070668276246,0.415708564493464,1.42384678487956,5.51474228651842,0.220758708751964,0.332746231322851,0.228239012543684,0.374643488949342,0.0687134287238752,0.409284779399339,4.58496570587158,0.08846382178,1.23007572,7.74500000022549e-05,1.64066517,0.0117847772751,0.857330228,6.99999997966216e-08,77
P17,H,85.2759675815332,1.81044750362625,84.4948504926454,0.0936765024940172,0.0712113102709628,-0.0761809851645431,0.440320871632241,1.09707100253339,2.29426834630373,60.5210171794993,0.144754557141547,0.28619190890642,0.573734877400705,0.389980772126003,0.542208194077802,0.306731556069128,3.84653329849243,1.055787684258,1.492721177,9.44000000062672e-05,2.0375502,0.1038987886169,0.224864091,1.1299999997938e-06,66
P18,A,93.1812195101106,-0.00146000366025063,90.8611795011669,0.115685127467265,0.0210816367757555,-0.080480276873374,0.386823751978134,1.17467739790866,2.93044587873038,53.0434926913508,0.1694623436145,0.30127660739341,0.176532663327352,0.3649051107511,0.067760813429696,0.33166469653448,3.16126728057861,0.0907711826715,1.234595978,7.22499999934456e-05,1.568606145,0.00027743347067,0.281827355,2.11999999999435e-06,52
P18,B,90.8424893439506,-0.117535746384931,105.569799196504,0.064132689027187,0.0102131018222877,-0.0676150520066791,0.228417700150527,1.11865764417072,4.23662273897147,61.5465813432739,0.216185880605369,0.359913195149897,0.018998344219598,0.278210816901716,0.0459353771622822,0.296022946938836,4.36617422103882,0.0609577549722,0.884203902,9.61099999949866e-05,1.03609857,0.00873715672112,0.680475745000001,4.74000000050268e-06,68
P18,C,92.7935518033499,-0.276451768325474,118.937928281811,0.0964480399775603,0.0201041407768696,-0.118563501480001,0.307381860111609,0.670585107808724,1.83622125751981,7.3176442755828,0.199573419784025,0.329934807884146,0.037872991078597,0.270705378254653,0.055504302898701,0.323814913773759,2.67281651496887,0.0761272110833,0.90768254,9.59599999981187e-05,1.09598027,0.00992084833337999,1.034977907,2.70000000357484e-07,43
P18,D,84.9659382807503,-7.26446238213578,132.323002869621,0.029555769995585,0.0053980326887737,-0.033224013623908,1.17882433580375,5.8509501398676,15.0252525652239,125.737476671046,0.222298904342467,0.359879100203576,1.26822635165731,0.362127539537446,0.616769332337585,0.363940493066298,9.16508388519287,1.69931867203,1.294911923,0.000247619999997895,1.85137393,0.2354820415016,2.135727752,9.13100000001776e-05,153
P18,E,83.2084221925295,-12.3096971496094,130.528166308389,0.0337821003966199,0.00399352723591291,-0.0303907761124036,1.30313376036059,9.31020835347571,17.8164341820731,432.358059808776,0.184695100765243,0.314906924089131,1.1878730981261,0.31097858869619,0.235822119768488,0.381897288154275,9.02042436599731,1.32765214367782,1.785677064,0.000350449999997782,2.36899926,1.1388161578359,4.085558181,0.000143969999999216,158
P18,F,89.0319838540337,-2.75449149670729,122.573523159518,0.0514252346141138,0.00743071975557356,-0.0556365516310331,0.270680379873347,1.1876511881343,2.83595642560486,59.6449474138832,0.218769601014312,0.353929010174798,0.123789308251194,0.306028702793931,0.0459013439184544,0.325391176211465,5.57891893386841,0.0421135563,1.034175786,0.000103620000002635,1.60733195,0.157030618817,1.75940413,3.35000000073471e-06,99
P18,G,91.0739886162832,-0.0291679086196862,95.9234639888088,0.0445330371908168,0.0109672938790355,-0.0790975788174493,0.188681146207088,1.06059867832769,2.04918641071186,59.9536533397475,0.181552012844441,0.352070433588226,0.0521512855258506,0.220473370613287,0.0543496444512712,0.387568097721444,4.86374711990356,0.0828408733173,1.168952152,7.8379999997491e-05,0.910780869999999,0.0085121819826,0.346931791,1.8699999999594e-06,88
P18,H,84.6735939887411,-9.29331090600186,133.474611565172,0.0668960769248233,0.0132556858488676,-0.073786965624019,1.21062769439531,3.03280416831013,12.9097740294749,62.0772060233921,0.200661712719777,0.338191926862554,0.0781503679362337,0.289036297536767,0.0712430801440199,0.306229180069804,4.08213663101196,0.0932049858645,0.970694968,0.000144390000004435,1.48037668,0.307258994937,1.698310089,4.11899999999132e-05,69
P19,A,92.6961532027469,-0.00684956969077247,106.619164925461,0.229463697450869,0.0389642930005887,-0.0614513181629635,0.493111161119511,0.951871048261536,1.59785321644509,4.12861592963085,0.160070681886651,0.286540979328823,0.0282756118965047,0.276738775525989,0.0488990025650148,0.0929025561614744,1.1957859992981,0.076178657625,0.620734582,3.21700000029956e-05,1.173248431,6.12527051e-05,1.53140000003216e-05,0,24
P19,B,91.7355593309448,-0.00739829871114714,95.5956195153415,0.0239412012853649,0.00575046206534236,-0.0198608720472311,0.031288766999818,0.0958158424275119,1.0585508980625,3.70273327065779,0.196045140064676,0.314368654556894,0.0638237700757996,0.21287118839075,0.0505308741566866,0.193954570743137,8.85267543792725,0.06855509272,0.729846353,0.00018177000002062,0.83780144,3.46210944e-05,9.33399999990536e-05,0,143
P19,C,92.3866552911337,-0.221473709536919,115.142576244751,0.0819721497697201,0.0116890124513243,-0.0939464881994692,1.18219274316905,4.76945081036286,13.4890130986043,61.943101820255,0.183115744284993,0.319454340011857,0.0283456542328609,0.31066674691307,0.0475263448156969,0.360093047272439,3.72215700149536,0.0697173162978999,1.053244959,8.57399999958375e-05,1.29415675,0.0136439084376,0.841509999000001,4.20699999998941e-05,67
P19,D,92.7739729768104,-18.519308901842,97.227751874952,0.0272843148262218,0.00351499653356633,-0.0282293095798886,2.57909265868167,10.0415161501678,59.1761724353822,504.940221114887,0.283759428796914,0.438266187986983,1.04116530411881,0.363903993131741,0.104323295518303,0.730515430921534,10.7771389484406,0.223445453045,1.838876416,0.000208909999990237,1.7379989,0.723506440230101,2.213028266,0.127246349999999,187
P19,E,87.9729297163357,2.45082974456778,82.7168816296046,0.0388825787432877,0.00195969687342592,-0.0245454505134133,0.711224576975919,1.50341309448788,2.78462968241933,59.079468594445,0.216919009101309,0.345628043044336,2.75334961948011,0.390710217873902,0.422249886569575,0.677069029536438,8.96257543563843,3.394347319339,2.261732786,0.000342849999986683,5.04732436999999,0.11956954316109,0.00745503799999958,2.10999999983308e-06,161
P19,F,92.118221908906,0.0144845876601074,93.8377854601142,0.0292605635320619,0.00244451798865637,-0.0311439343844179,0.958610738947295,9.55384928959807,11.3271801071362,97.711765222932,0.150763444693472,0.320468305984678,0.261309581953267,0.337745497495015,0.0296307335212235,0.339171629901309,10.4374349117279,0.0655867058548,1.212726642,0.000168329999989947,1.47021573,0.0138892398896999,1.695515564,9.31500000007635e-05,182
P19,G,91.8626302947384,-0.0072872600082191,89.0812906297733,0.0214361800536356,0.00312732506921142,-0.0163345268740693,0.10894885488491,1.08635386853314,2.97673361866816,60.8621054868955,0.165818236268333,0.291099879697993,0.106449578468468,0.278557600503729,0.0407932034872949,0.236047998406238,12.9992027282715,0.0578569593254,0.897123033999999,0.000238239999986956,1.14266868,0.0001757686345,0.977694152,6.50999999951551e-06,220
P19,H,92.7987427803876,3.23875348982852,97.4968993975339,0.100324812501334,0.0121304098898928,-0.106895125901055,3.51987740858893,9.55890517053974,83.7656583577663,462.279492918925,0.153748969330338,0.275024807178524,0.0870563871367596,0.295157318989148,0.0353888096481227,0.323100504389641,2.91411066055298,0.04921840589002,1.088674191,0.000123530000001981,1.17554195,0.0301640105931,1.223278645,0.0736664900000001,44
P20,A,92.6530836670991,2.17427553359865,79.7204334768321,0.153076211846679,0.00352310621856969,-0.0756171413975058,2.06653366981844,9.51876250198371,30.3626421957045,478.703967775962,0.129536836057842,0.260860471923451,0.236619582230181,0.391232568362635,0.0586149098400546,0.337132816707156,2.6580650806427,0.141822146459,1.37728091,7.29900000000505e-05,1.99444081,0.06734484121159,0.185768266,7.62299999998994e-05,45
P20,B,92.0370548909418,0.188995614592841,122.297241137588,0.0452078520452018,0.00499408917445519,-0.045751532270475,1.10493913992533,7.4578560926517,14.6247506379124,229.570690654601,0.202587339162379,0.323813576191759,0.16685836198229,0.338840280373286,0.0414015427447095,0.328844666815319,6.77516531944275,0.0731884758319999,1.026762399,0.000121329999998032,1.49578521,0.009951707541,1.55040177,0.00060905,116
P20,C,91.7015433300724,0.104489652813919,105.621991938282,0.0786237550092854,0.0106175183332194,-0.0971837901875895,2.24323299612566,9.59502315076565,24.1682235920923,473.605863143612,0.145937880968713,0.287109560522945,0.203878746482948,0.346155223993768,0.0395267186078305,0.38860134415245,3.84725046157837,0.060195956646,1.158130791,0.000119389999995612,1.56692089,0.177733799768,0.865167159,9.6460000000187e-05,69
P20,D,93.5579118701258,-2.13408697831165,109.311018899049,0.0580780969325693,0.0124318733229663,-0.0556258105483262,1.91491522684213,9.57672898489435,21.1619748561943,461.700979610306,0.246853202699072,0.367730967274462,0.607905581344059,0.374983571995932,0.0721279330401047,0.556274839259173,5.24002027511597,0.111039549782,1.33093729,8.61299999987963e-05,1.74414678,0.05580780060565,1.967603406,0.000100189999999944,90
P20,E,91.8221652729631,-0.179351851752404,94.3354660700284,0.0432221783135249,0.00458312962368772,-0.0516894956866713,1.68904473276521,7.62319094550003,19.052238245038,87.1622194828751,0.148665165530664,0.267970511182007,1.00585247832401,0.302842147123045,0.500963079982609,0.378884835867607,7.16435599327087,1.7289035867782,1.222411218,0.000270090000007883,1.23012821,1.5473286454419,1.08669488,0.000103200000000525,128
P20,F,96.5001103286807,-0.159097986517418,105.430563950238,0.0436329688355641,0.00797671260355823,-0.0595758615210397,1.31279797958971,5.82384753715183,9.64386687447422,61.5457023850319,0.143515275955208,0.283829345620979,0.314751937524564,0.257175142793473,0.0730779315183937,0.374669874945223,5.76560211181641,0.1946711788996,1.110037747,0.00017443999999589,1.02055744,0.1009216736854,1.449643849,6.08699999997686e-05,102
P20,G,93.1089231126317,0.25516341851315,97.3359904687311,0.056927656212877,0.00511490954873991,-0.0599222055900659,0.634200639286843,3.71203454045108,10.9523941904974,63.8397421475068,0.179814493575698,0.299906400362063,0.0324529746224239,0.298878801417004,0.027147883450244,0.315042793023025,5.24455332756042,0.0455847916,1.063052703,8.16699999899306e-05,1.21400598,0.010077224977,0.208127573,2.92699999999702e-05,95
P20,H,92.9904598174143,-0.599252226459655,114.490498732366,0.117608577254145,0.0204895124937509,-0.128916485030895,1.81761125570564,9.544962184769,30.3298145497906,441.13431866088,0.196096470875411,0.32573040371793,0.0638092194652395,0.312042123482776,0.0550564768611718,0.31180921121533,2.3679621219635,0.07850251586,0.993336011000001,8.86699999975704e-05,1.20727402,0.03031766986979,1.032478991,3.98200000000237e-05,43
P21,D,90.5319903005722,-3.0973266387669,89.9968194226523,0.0285311417364754,0.00573943618753681,-0.0272988903946562,0.345205410225205,2.12940283666747,5.98429556168185,72.6205139093865,0.209051121220277,0.326332557183314,0.369858561363429,0.313341425833821,0.0983997502102273,0.332801183795528,10.8935496807098,0.545966690332,1.089934551,0.000271460000007551,1.20714536,0.68061062938156,0.0857059739999995,2.37600000003724e-05,195
P21,E,93.0684954640084,-1.12474836193463,87.9554611238694,0.0279247434694874,0.00465857017276273,-0.0317286718822238,0.250292270127451,1.86836621521709,3.66825017107488,63.6483420552581,0.193391246545033,0.290095631312756,0.307308818251821,0.17341559192162,0.0634953039631314,0.188999836017617,5.87276697158813,0.32729987,0.65981291,0.000168030000000208,0.83285039,0.01626126,0.000239590000000511,6.49999999957629e-06,103
P21,F,92.8356169230794,0.00619526694743151,88.0422457692433,0.0446382539070725,0.00887173886097287,-0.0454439593395431,0.0734324114307874,1.06031328372293,1.04597742052365,56.7189141870521,0.211637094979512,0.332635708392632,0.0922931062954367,0.291918858030205,0.057762105458845,0.298602221212467,6.46782493591309,0.076996780867,1.044249036,7.84399999917973e-05,1.06085928,9.62142326e-05,0.0182126930000002,9.30000000121112e-07,113
P21,H,92.0947025265574,0.00752230480535364,90.1313519211751,0.068571857407256,0.0107170356072782,-0.0641164669458603,0.120185438097575,1.07215129999255,2.15399141427849,57.7923277267646,0.202028608565328,0.330812739562326,0.062342993808911,0.303850072221482,0.0505652803979732,0.296512355234275,4.44157981872559,0.071154870736,1.077184248,7.4709999998479e-05,1.12020785,0.0001666876654,0.000116978999999851,2.79000000036334e-06,78
P22,A,92.1605322809675,0.799766985175755,93.3285647702896,0.0926102846628718,0.00840324217704515,-0.111675116308628,1.53478415891934,9.6144689766293,21.9469760541424,125.899820755788,0.195423138367467,0.307970118175977,0.226324805542462,0.300185552813597,0.0305250153045647,0.42117992587939,3.22260713577271,0.0618609003891,1.168978779,0.000113520000001976,1.37582575,0.0566207711399,0.324926034,4.58599999997311e-05,58
P22,B,89.6397573070721,0.124596070260117,85.3693807623806,0.0657666162857797,-0.00107190011091372,-0.0728660089325705,0.296179960626573,1.87843604152221,5.20777143236564,60.5529120402366,0.197468962551194,0.326188246014416,0.0321873085751732,0.272230472034977,0.0169220811957267,0.301299548655695,4.0802481174469,0.041877201766,1.060955177,6.8050000003872e-05,0.99453539,0.0072032899536,0.225843861,8.60000000035832e-06,67
P22,C,93.0556715878529,0.277042585511819,96.4467420661185,0.00788912440046381,0.00397309194010262,-0.0150371175426738,0.501294440457831,2.12705087950313,8.23348195157409,64.0420129773699,0.197267480190585,0.323533792089045,0.80133216176722,0.305570573254065,0.0532769071886266,0.333990860513015,4.03659629821777,0.1077963533285,2.046843363,0.000122549999999944,2.23056759,0.0104215208796,0.128808576,1.70400000003568e-05,67
P22,D,46.7743686150675,-28.429817863317,125.655279258398,0.0544017285124014,-0.015091189492791,-0.0508107481077263,2.78463617048683,10.0994627317169,52.2899371568891,793.890203488256,0.185888078465061,0.303271015856658,0.785238722283655,0.307021664245493,0.434948750101523,0.366094819732491,5.62539792060852,1.355827596905,1.103766121,0.000231260000003619,1.25311663,1.2309465971811,0.97892878,0.36701538,96
P22,E,100.521601310415,0.333743202951029,84.1314682831307,0.0626154576256985,0.021796477685935,-0.0196266523638842,0.603758514740141,1.93758745590835,8.86484254560893,64.6600216007344,0.224866096829259,0.327127096391124,0.736650280040945,0.340998268102238,0.233111450965156,0.439154815591855,5.04508328437805,0.4834042046749,1.598315108,8.87900000021702e-05,1.48667026,0.0163225050574,0.288471292,1.88199999993088e-05,93
P22,F,94.369934573509,0.227030142147303,90.1637885185194,0.0524763774270212,0.00910211171406522,-0.0289196722713197,1.0224393043803,7.41769437943119,12.2844812325195,66.5514456347818,0.203812042872132,0.321841241344673,0.403481627966872,0.310281539885043,0.0682740311001687,0.300056238903141,4.55623316764832,0.12444635722,1.492594348,0.000135970000002761,1.51658127,0.0523921580803,0.222813845,4.12399999996094e-05,81
P22,G,91.2155956142372,0.484065985407383,105.070541350454,0.0216134144625516,0.000688894835020291,-0.0357405615959563,0.729433412021815,2.90800057291826,11.4625764288997,65.6022494290733,0.146186107817011,0.267165490387161,0.686763661728822,0.373081261275666,0.0457017363709883,0.388397922086411,6.91310238838196,0.1454044413539,1.906748558,0.000140370000007994,2.68873222,0.02490752740411,1.516040025,4.13400000003339e-05,126
P22,H,93.3892804065531,0.922453669979763,114.982736432138,-0.00357189438624478,0.00246647702227708,-0.0214264847381661,1.13651640415144,4.94554094004262,13.0087468604386,64.8599495209318,0.15336504194035,0.302309425340343,1.11536615235036,0.419179537307108,0.0380088450142734,0.385729901391253,6.05651783943176,0.0811124689337999,2.239175242,0.00015108000001085,3.32786748,0.19072276211549,1.828855159,5.3430000000132e-05,113
P23,A,89.7457703254228,-0.0302753782264036,98.6193309217888,0.0769086944346658,-0.00066171681064125,-0.0791526996761852,0.289976667573599,1.21207480019995,3.83747672174589,60.8858934954341,0.143566234259015,0.261982171364853,0.112120714670699,0.34769517925099,0.00864041474762055,0.373330520100048,4.56520318984985,0.02830739675413,1.290578913,0.000117969999998024,1.496180664,0.00271109797862,0.529876441,4.78999999975471e-06,73
P23,B,89.6772827026891,0.00251361501617508,97.4640419759679,0.0469059316832476,-0.00187445820419541,-0.0456464416200992,0.241953582682499,1.86714566652662,4.19354693213201,63.3144276133978,0.144731456037436,0.25971928684412,0.068338719166964,0.255899778982362,0.0127635047466728,0.245816850975888,5.41348505020142,0.0470283500843699,0.917331923,0.000136789999996001,1.10759727,3.67516228e-05,0.361870121,6.52000000012087e-06,93
P23,C,89.3655409340698,0.00195526810577013,100.439641574006,0.0557894383863024,-0.00146419841886958,-0.0776014238316017,0.355933432590103,1.89273940153803,5.71600776956027,61.5578153953938,0.158889930340977,0.297440908075416,0.0687910922484673,0.268064083585176,0.0145467445255655,0.37931054459072,4.86884498596191,0.0521552322382,1.173407728,0.000181470000002015,1.09632034,0.0001257012037,0.134551629,1.02500000001005e-05,84
P23,D,94.1770002279957,3.38156154232649,95.6820190117591,0.0266448722585399,-0.0029540671896336,-0.033689655104082,0.47313093005147,1.66013431657236,7.5143034866697,62.2921738021094,0.165134339653353,0.322908927431698,0.365675073987233,0.329153796278489,0.200493867150969,0.377625236313626,11.1020605564117,0.401995039082999,1.217640125,0.000274110000008765,1.3000921,1.773191781547,0.77169668,3.04200000005306e-05,186
P23,E,88.7966410202754,0.0467942820216466,93.5769462775589,0.0285315077005274,0.00887238840531294,-0.0367166350105795,0.441921588162106,1.28439233262881,5.04357994317076,63.0028988067168,0.165166437512719,0.306434135850469,1.11629804674094,0.322165809507927,0.366927809343855,0.374138647870452,9.93553709983826,2.385680323383,1.232598026,0.000301919999996514,1.19922835,0.1914768244048,0.637833688,1.58400000003223e-05,166
P23,F,89.2688020628081,0.150028590946466,91.4725575173364,0.0345750775935202,-0.00150314902796205,-0.0455715440108663,0.148513673059485,1.09478935667566,2.6847122683457,59.8662966114524,0.141741485475752,0.260760493026476,0.142990715209729,0.275111088575926,0.0138998236587476,0.369242678469928,7.87513709068298,0.0314756422483,1.20938952,0.000174639999997339,1.13188925,0.0191241080872,1.336520037,3.92999999965227e-06,128
P23,G,82.8412855843772,0.00220636911639392,97.1373523026009,0.0321940216096843,-0.00204318885364601,-0.0407826691533628,0.25838474451041,1.10048188285532,3.98459921653189,61.38236277215,0.151292738425535,0.28215530323231,0.26437265970316,0.272307790079465,0.141162669129752,0.356778162486673,8.38560748100281,0.488415341863,1.162383102,0.00017494999999812,1.11400349,0.000235254955648,0.857705036,9.44999999985541e-06,151
P23,H,89.9932631878931,0.00144711274904682,99.6224357587175,0.0832654036871802,-1.85358767418825e-06,-0.120928873208246,0.597562302214594,2.97575458512779,8.83071451520968,63.1269087661416,0.153238322803634,0.279194297660619,0.0490368461036813,0.255164013101688,2.84660483614205e-05,0.375153052117467,3.08002281188965,0.0001037768784,1.14393251,5.09300000013369e-05,1.04595705,4.58063706e-05,0.0992744679999999,1.33299999998115e-05,50
P24,A,91.0000930067854,-0.295011663301935,90.2752010716583,0.0588103601808901,0.00256038180385284,-0.0344101005069812,1.90667521632285,9.68544154155143,70.5596246869131,859.551716264826,0.200208442008651,0.323973012227715,0.392271103321904,0.371031852422347,0.0745279376458242,0.327980207911671,6.36425995826721,0.2027222604642,1.081498602,0.000272269999995967,1.62734535,0.1954458221371,2.466843417,0.133838119999999,118
P24,B,91.8175918260135,0.299620692542237,120.617152168286,0.0674542841823726,0.00647936634069073,-0.0777390440106466,2.31977068317347,9.54299023113532,26.3087612367502,477.603381082484,0.208353500040915,0.343610445621929,0.0613318251024601,0.262092564969673,0.0349598928405754,0.303494240766845,3.89469289779663,0.0583051139,0.877632746,0.000112450000004483,1.26531416,0.0134800161954,1.3650441,9.53400000001103e-05,76
P24,C,90.61074513041,0.130708266507203,99.1335932665444,0.155191918440632,0.000197388420945685,-0.150006175117183,2.43464528894246,6.67913165813158,26.8058952388165,104.086508163433,0.160684119887003,0.282966870440702,0.067773743334154,0.345220943000183,0.0192767856983998,0.363634701724978,2.17916369438171,0.0515545294323,1.325686694,0.000108140000000034,1.441111035,0.0469984074505,0.36301828,5.24999999997888e-05,41
P24,D,93.9653715625087,-11.1658312276441,97.8621854351879,0.0545642617120473,0.00821805664849281,-0.0626706972974599,3.40511319179708,10.3703549955122,93.6388943769234,666.749625849388,0.182030459687687,0.324463755750364,0.886828757890688,0.415396289642005,0.446177431045137,0.377195532308407,5.30556201934814,1.565181845764,1.216154543,0.000240379999998819,1.775799,2.6507144153373,0.198783978,0.11983708,98
P24,E,97.3436859897264,-7.40150302671542,94.5653205462911,0.0411626433909997,0.00758331646512611,-0.0315820288493857,2.96330087307633,10.1796352316198,68.1753824634522,498.781090606757,0.207634735501535,0.343723144659185,3.4417158137021,0.524578324823769,0.599910535623837,0.672407847161527,9.47305583953857,3.986467871153,3.486064483,0.000920379999998833,4.1880938,2.6650807500569,4.45008817500001,0.408173360000001,167
P24,F,92.6767517702026,-0.621593647837099,95.7613529720894,0.0491884958405394,0.00152934532387721,-0.0548506341194802,1.81100601278403,8.4492070462319,16.1968181552932,106.230290969699,0.150898265866899,0.290829003175238,0.180722472925791,0.317845344389991,0.0222851206156457,0.362314862385053,6.2713680267334,0.0858362125530999,1.219447347,0.000160880000006802,1.4005378,0.276654295331,1.745065999,0.000107489999999544,112
P24,G,90.7556503759046,0.456760151341845,100.817012905795,0.069716683482789,0.00253040346367515,-0.0757911669657564,1.54635275455426,5.83060963502198,19.0498678802787,118.0068639917,0.162653630101135,0.306009111827922,0.0487384248766908,0.296506185840295,0.0288230792484369,0.319478082967429,4.1970374584198,0.089051932682,1.02834263,0.000112030000002594,1.14319946,0.0328428864,1.108423633,6.09199999999088e-05,72
P24,H,84.1152604500815,-4.33103165069935,106.871579268229,0.0384483325199336,0.00404389786355048,-0.0546545450780911,1.95225741723654,10.4402176254685,39.9712277831334,591.187585196622,0.178851095528549,0.326256893746574,0.966541819195141,0.399786779356395,0.163677101121052,0.514492963534393,7.30900859832764,0.594843694583501,2.294240047,0.000497410000000809,1.67590331,0.529998910023101,2.183302876,0.0172323000000005,136
P25,A,91.7835812491199,0.293252647078027,93.2101512470157,0.189070105977318,0.0153788861965706,-0.133175739705886,0.901757140414665,2.94317787131248,13.9086796893643,65.9437409553751,0.200973675357408,0.331129257597096,0.0948151226132967,0.387645559252501,0.0333129974906458,0.323246321660627,2.03174805641174,0.049085074708,1.226806728,0.000102809999998232,1.63973039,0.0111198003475,0.297115696,1.50999999999346e-05,37
P25,B,93.1761532733381,0.399291633926207,109.838482953009,0.0569160814258652,0.0071285307551453,-0.0521851387814943,1.04144235424971,7.58575309902473,21.8384306793957,378.773376133739,0.227092468071869,0.355836387532621,0.233777310142943,0.294459239585463,0.0413669329282537,0.380813287717642,5.32808327674866,0.06077332367782,1.001908565,7.68999999944953e-05,1.20361857,0.0303048072878,1.031434173,0.00515820999999961,99
P25,C,93.1330112257993,0.152694961058648,98.4175462991665,0.120009547566776,0.0155195831101444,-0.13713901232949,0.403570685356516,1.92575510399221,5.93014231193115,64.7712140492885,0.171606686052452,0.297617406656789,0.026582264913987,0.293095697185479,0.0462840362053843,0.342420470513915,2.4760148525238,0.0799225325350999,1.119635915,5.02500000063577e-05,1.1161135,0.01345791789665,0.030573212,5.63000000020075e-06,43
P25,D,91.7324012167589,8.26077576410251,116.500447085736,0.0806979377092084,-0.0224116154266758,-0.0772401961288178,1.78005356588543,5.76530078340438,21.3426032052384,66.1689103054215,0.205572100787634,0.340946331215196,0.180909692903976,0.277369481001375,0.0986235653497688,0.339727608681027,3.38669729232788,0.3392269119,1.024674173,0.000110709999999958,1.05638812,0.3065516793794,0.788250198,6.10599999999462e-05,63
P25,E,87.3732642631341,-1.38945805756445,124.121487041154,0.065615999341392,0.0080092288743652,-0.0715790208837627,2.96314820076747,9.69325577621616,39.5587430336587,518.640252104244,0.188943792030477,0.331290145002613,0.374831251547536,0.313654721987698,0.166799899843155,0.3253710214621,4.322594165802,0.608209106423901,0.970253168,0.000183189999999112,1.23634591,0.9489609807557,1.189353717,0.00021405999999935,85
P25,F,92.0190018312554,0.127127437126106,93.2687080678805,0.0635491201531882,0.00657450432533785,-0.0786581887032472,0.863849015234652,4.82639999991336,13.0071444851292,66.8017517734172,0.161222310384656,0.281362310737639,0.0409057176641881,0.271222291857352,0.039185114024032,0.334565222484053,4.22717428207397,0.0740768940205999,1.097175626,0.000114360000001756,1.11362825,0.016307269715,0.475816466,3.25300000001416e-05,80
P25,G,91.4527834864198,0.291834593725886,112.001387548744,0.0487472471955984,0.00376142239944646,-0.0565684630112811,0.459841581787094,1.8581769254314,6.35263859683213,66.5733158429442,0.220778056060151,0.344441608152984,0.128799795028635,0.297672842984815,0.0233704536051981,0.344081971566459,5.7599925994873,0.0342609611906,0.994949921,0.000121509999998271,1.27982519,0.0098983359808,1.226261109,1.66399999999012e-05,113
P25,H,90.7191870910348,1.22530751690126,122.882644868464,0.090392486490743,0.00176725799814837,-0.0913867144823806,1.50126573927134,4.81408969552525,20.8433982146624,116.020443550628,0.192447380405558,0.323038666058042,0.0884319683027678,0.316084234626201,0.0413212050339576,0.340270019076727,3.4652693271637,0.1507388739949,1.045036127,0.000259979999997384,1.35676151,0.0931994498288,1.090792501,4.94800000001572e-05,72
P26,A,90.551846494759,0.00283214341757423,116.062831428829,0.04921688681491,0.00242223852791501,-0.0683914398846307,1.14737756650471,3.7899059820941,12.7500536761732,65.6387021384859,0.203371737642844,0.308138347719678,0.320903804792284,0.3595107437133,0.0180040562885506,0.40724954887998,5.87306952476501,0.0337460117793,1.276156969,0.000114380000007408,1.690300096,0.00026266143411,1.86616486,5.69800000003173e-05,110
P26,B,89.4978681754136,0.0010266301010643,103.660504173743,0.0285402269669193,-0.000853411764766302,-0.0273468439609163,0.227673413943385,2.11972416549919,3.53418039530085,66.7459538296465,0.149362514848426,0.265751282412238,0.140185759771262,0.270708800872183,0.00929266153880057,0.257987154331005,8.86860942840576,0.018436128479114,0.9605064,0.000156939999999661,1.18880874,5.805691195e-05,0.0104579000000004,1.13099999998756e-05,155
P26,C,91.7776338646414,0.00332266730161916,112.2251966144,0.0908056606971704,0.00431930757696275,-0.0795339034903273,0.886190042156545,3.73412177121049,12.7585957687562,120.166715582776,0.192779635454529,0.306351860799644,0.089102640094632,0.34782849235992,0.0353875683972753,0.326248698476181,3.59678649902344,0.07838162443,1.086205364,7.69300000018625e-05,1.552714795,0.00016364167496,1.196983786,2.68799999998404e-05,64
P26,D,60.1721522307881,-10.2872013012521,108.931178719973,0.00944887779250417,-0.00299466977424497,-0.0129484018550011,1.88690438051669,9.8739898929335,22.1885800519125,507.240821372603,0.211552265524189,0.359422101561684,2.36716094947311,0.466454014472588,0.459425092078547,0.453124079711775,29.2013108730316,1.472601007327,1.182474463,0.000697319999999113,1.67627411,6.92557008788452,5.85132670200001,0.000695379999998469,525
P26,E,76.9245719423237,-13.567894892589,113.078206189387,0.0217309649238252,0.000704599579159784,-0.0226180802003613,1.53912441648228,9.81401802753427,18.403389830563,545.747104334616,0.195112386023098,0.352985717809095,0.72607348412933,0.350703045537603,0.361601935301939,0.316583294683106,13.3111751079559,2.213132282499,0.961751491,0.000296809999998704,1.52846001,5.697505446475,0.59735627,0.000187139999999975,237
P26,F,89.9907907947813,0.00350022405232645,108.885000584827,0.0230855874467356,-2.13616753625538e-06,-0.0212372795841523,0.170132012228006,0.564503717324713,0.395274117441183,3.51410397637344,0.166899206040413,0.299039852962742,0.700518829741218,0.385143217254768,6.02199154216777e-05,0.387416106678033,13.6727414131165,0.000224084645,1.116644061,6.43800000093009e-05,1.19361309,2.993860021e-05,0.00396537799999885,0,244
P26,G,89.7610954807534,0.00547616227406118,123.732759171244,0.0392993299486371,-0.000202637515853701,-0.0475449364222383,0.368019465582483,1.16145027943798,4.39625702571399,61.5917953802854,0.171427527391431,0.362525295877004,0.192309253273176,0.360977614014842,0.0104718736949328,0.3283181946403,6.88572955131531,0.0295250581165,0.986342296,0.000102030000000308,1.21112018,0.0051712991076232,1.15254042,9.3199999997573e-06,117
P26,H,88.9675081318577,-0.368854378456066,107.060431464718,0.133403474252495,0.0106796555681345,-0.107271932007395,1.90910895457409,9.71883858117793,41.1102005804753,552.508069724195,0.149870552974994,0.284694155506528,0.456707887158864,0.397202692956612,0.0981999027911084,0.39277354910926,2.95771932601929,0.43892033561363,1.276956713,25.427249,1.76756479,0.1755536797353,0.54520773,0.000102669999999971,52
P27,A,91.3508492754653,1.46795238053422,86.2162529766097,0.0525251656818929,0.000140248926017484,-0.0208276899587727,1.44723272499772,9.9816032396679,20.1986746760953,650.886905675434,0.246281330156807,0.356220325926902,0.581532721405938,0.387648336696697,0.0250273000871104,0.409545784405294,7.49722528457642,0.0964391090783,1.483750054,0.000138380000000993,2.094999712,0.22281740291799,1.239690434,0.000123420000000873,141
P27,B,89.70300310589,0.211992701185766,94.0957635384452,0.0465726256859456,-0.0013717739410642,-0.0423993528964937,0.145614032027573,1.0879414916026,2.97390306298839,65.3299226710856,0.210489820801528,0.330663860295583,0.107400713864021,0.29005843136141,0.00917623235784977,0.294073535492638,6.28866410255432,0.0230821036097001,1.002394791,0.000145539999992561,1.00512042,0.0112445167243,0.150008639,5.53000000014237e-06,114
P27,C,89.9019781317889,0.0662590278832204,107.812136780024,0.0686469111178525,-0.00146013810756077,-0.0721128340640849,1.46437445613939,7.47326896956358,14.3582446973187,125.836559358308,0.198428514213341,0.345461862982886,0.0448237938122817,0.293302051535659,0.00902562941765838,0.320531875865818,4.35474634170532,0.0205980956963,0.946522555,0.000110009999998884,1.1287438,0.0034860859398,0.84086685,6.09700000002711e-05,83
P27,D,91.8212318368146,-8.61292280861181,118.879426042242,0.0247724064618995,-0.000938601835241359,-0.0266741068848485,1.30144022353312,5.79440265153303,15.6170881851706,93.8001485017419,0.266814756164767,0.423571919449737,0.950453850745889,0.365675598649097,0.0663977498461232,0.740192508443838,11.7003197669983,0.207384634988,1.943541936,0.000216319999991388,1.87588331,0.426177162297899,2.19020661299999,0.000141170000000024,224
P27,E,79.5227594948119,-23.6769458590825,102.311885585026,0.0313863056103575,-0.00180735219536532,-0.0308945475595409,3.18034677780689,10.4555063281855,41.2090691300694,519.704275970395,0.270285092661887,0.383663892024807,2.34770343085066,0.319168915762465,0.638699636911836,0.679345635546725,9.44798374176025,2.21977363175,1.265265832,0.000467230000004815,2.41704979,3.1437871650001,1.163670019,0.0974905900000016,175
P27,F,27.8498969856933,-41.4761952896229,-29.2913344155049,0.026091276395198,0.000424841422478614,-0.0297716185255692,1.53082997530757,10.1558704638017,14.0835018055143,464.077504425735,0.258893797580373,0.438433678499745,0.732987597855187,0.302682032300939,0.0492533895479314,0.65069054175649,10.3967938423157,0.2288250373533,1.733355245,0.000296419999995745,1.19253829,1.6860516918402,1.2438962287,0.000131739999998715,176
P27,G,89.7084329075114,-0.425477362432255,108.80048951944,0.0320714956648459,-0.000492575175245654,-0.0352316683081663,0.268291791314877,2.12213000684343,5.11347519115854,63.3453652782198,0.231938429869259,0.373917100242238,0.179611703901735,0.277226441580391,0.00913641591730947,0.366888053645139,8.58279824256897,0.0200373368865,0.929836233,0.000212699999991184,1.06478562,0.0149064166682,0.823976427999998,1.42900000004165e-05,153
P27,H,90.5061541149262,-3.45074989263983,122.16581869189,0.0463041322146616,0.000314845723466033,-0.0526931505277684,3.34215458611752,10.635159036428,74.4638641892212,471.745726384587,0.19977873542072,0.327222714126625,1.17897914933121,0.290100888640378,0.454474618255795,0.363935138123291,5.77168893814087,1.6835855646992,1.411816705,0.000501859999998189,1.71731837,1.5449471803949,1.01758813,0.14578156,99
P28,A,89.467272384098,0.637845352194216,126.062979497435,0.0870936573332202,-0.00644945487680388,-0.0902869246891851,2.64485774358066,9.64331588069321,34.0795773901257,511.672049049533,0.182794590589423,0.321919685546595,0.0855243699840272,0.337301664780091,0.0232023124893355,0.331805232243165,3.36145782470703,0.032274152512,1.112424661,0.00016694999999789,1.55070732,0.0920576740443,1.535884016,0.000786660000000161,69
P28,B,88.2826399147832,-1.52824766043217,96.2760342490386,0.0771377184119689,-0.00254699979507871,-0.0586241803456274,0.528248420475287,2.81816204828809,7.21587720334238,64.1256332523388,0.209758918088867,0.311956845251009,0.201990840511142,0.377374373066631,0.0178592358717158,0.293455447099477,4.64521908760071,0.0596827306011,1.084974476,0.000136340000001844,1.46694664,0.0808446591805,0.788036942,1.47300000001849e-05,79
P28,C,90.3999155320663,-0.114727267299549,117.052173028149,0.081381673490953,0.00210649074200197,-0.100738368572902,0.541724089744921,2.98606142015768,9.60224503898125,64.8156485272265,0.188621461915986,0.317159842949764,0.0101066644908067,0.269178908281041,0.0122446389834981,0.331175717416106,3.30766940116882,0.0263373130894,0.938041574,8.43300000004099e-05,1.04696559,0.00564771977376,0.623470634999999,1.41700000002576e-05,60
P28,D,41.0314734837191,-45.4405420831305,87.8358923039677,0.0382724597426591,-0.0314497815826496,0.0228713024816558,1.42798372843949,10.2150207633691,15.6368062422003,472.216048610516,0.1210369997267,0.257692836389734,1.09707567722781,0.471741754980182,0.437028195738582,0.387854162104452,7.73487687110901,1.320781441,1.674965388,0.000166160000009796,2.05826183999999,1.6468426951394,0.312815054999999,9.96400000001785e-05,136
P28,E,84.2045677036713,-6.72692442729243,119.866525725866,0.0282280991615015,0.00519469696813031,-0.0309764324620133,0.818199473248771,3.46881692492243,9.90237018001892,65.276647547053,0.194217718506124,0.312921817788636,2.33474123541965,0.365056581445862,0.500805857000446,0.382743007828827,9.85905051231384,2.310852855,2.018985941,0.000416370000002608,4.22091991,1.1682836211718,4.962693056,4.02599999997921e-05,195
P28,F,89.000802668547,-3.63681162482347,139.629533358006,0.0395669237212787,-0.00234676567972867,-0.0505386735798183,1.78862487962211,7.79609708032989,18.1522146153246,106.857872053504,0.231810444766599,0.358245355886497,0.56567853009579,0.320048862025199,0.0206634241923324,0.527907975061874,6.66069793701172,0.08203812211548,1.278896883,0.000148610000000549,1.95320739,0.266110183297199,2.837094695,0.000109270000000272,125
P28,G,86.7938580026362,-2.65812405474038,110.699952334184,0.0591809079259792,-0.00157284637470007,-0.0561247505132436,0.257017786876363,1.18841128255693,4.32868597121262,60.1312978471783,0.216984005634621,0.335866736434435,0.106766614211789,0.327642817836366,0.0240685813876433,0.324068286623542,5.47545289993286,0.06423275836,1.026473066,9.13199999996728e-05,1.33198855,0.0690680120652,0.929108127,6.93999999956674e-06,97
P28,H,90.0331833597317,-0.536885844286691,129.099267183222,0.108829162304862,0.000485841444779939,-0.115145725881822,1.77233413002208,9.53703956498288,17.5790416010535,107.504679932596,0.187700363750321,0.316996955883756,0.109318265332662,0.323087907044842,0.0222894304478483,0.360487679775878,2.97278881072998,0.0743479403587001,1.082575742,0.000254289999999102,1.551934758,0.0259753731921,1.458849087,4.58200000001963e-05,54
P29,A,81.2345195240903,0.0675596991676104,64.9660407254306,0.0593408989448667,-0.00475933823480709,-0.0560124650119492,0.809984467892881,4.79721481084084,9.26023713413555,63.0826053646489,0.16215384095895,0.278394613758244,0.332915151471018,0.380153484721378,0.169248540262892,0.402404203367863,6.40981650352478,0.4277132501233,1.383844237,9.88799999941392e-05,1.79623855,0.00543720638485,1.816714544,3.34199999998397e-05,109
P29,B,82.4079883924799,0.446863423533044,92.7799644059873,0.0368910187848468,-0.0114144268929326,-0.0383589950035273,0.299212787500568,1.86200184256799,5.3355924926624,63.5232922305718,0.151655020652474,0.261153527189442,0.130632022875991,0.328887157587114,0.134391259430079,0.360108834337038,8.84319424629211,0.2747630741056,1.260211554,0.000193349999991987,1.37092152,0.02477356504784,0.408854932,1.79899999999122e-05,168
P29,C,88.7778494882793,0.00146599916414027,97.8220156217485,0.0417374861477107,-0.00405266971319601,-0.0543112983766685,0.439362357631525,2.1238142287178,7.4262410105491,61.1337782328728,0.15153723029652,0.276966052299605,0.116431676836654,0.268382828564323,0.0262619312903041,0.366063071377148,6.42568349838257,0.036212621944,1.149039737,0.000158319999997492,1.0464665,0.00013298842718,0.727871751,1.98299999991658e-05,109
P29,D,93.1054753995102,1.73623244315226,90.6917675775543,0.0216616447086167,-0.00276217755158401,-0.0266904105544456,0.654087939024551,3.72361575218383,9.6878682147733,64.3499029240764,0.160314178746602,0.295691676943326,0.532837691975915,0.275764054965209,0.256475251806124,0.362057042359619,12.7464213371277,0.638409195301199,1.188649952,0.000324329999999762,1.08609969,1.2052221276351,1.338386592,6.1770000000072e-05,229
P29,E,90.1152595077663,0.018237034893919,111.922425272368,0.0205708258965259,0.000473922080840887,-0.0224324186889484,0.313350009932774,1.88417655891599,3.24697322942022,61.0524149221038,0.185161163757844,0.303032947193556,0.722286702461926,0.365921664411372,0.0374548525085491,0.381463875038049,13.7340707778931,0.1119831789894,1.529583377,0.000251149999995093,1.468734363,0.020339348173,1.623486467,1.60300000002778e-05,242
P29,F,89.9203304717939,-0.00169448299887096,72.2984553672544,0.0190398749015233,-0.000737456175976165,-0.0196517047785084,0.524567233647587,3.72664155851878,5.63155503439368,60.7253350941629,0.165325596223659,0.359891391434012,0.550562592823636,0.507715590364049,0.0157947277082212,0.317726245230499,15.7179610729218,0.046865138572,1.100216258,0.000272669999993536,1.663904749,0.0003249056542,1.899142656,5.91000000005337e-05,275
P29,G,89.234348576393,0.000630230303876746,99.1236001117029,0.0229854868773185,-0.00218140994726979,-0.0311606343574574,0.157331445932285,1.07619304246558,2.16570276589465,60.6431870638265,0.152033583382346,0.287190832159686,0.20378674222157,0.264279032709933,0.024827635013296,0.371579291828081,11.4420709609985,0.0488731253014,1.17296002,0.000180950000001623,1.04434351,0.0001559684146,0.963937747,3.72000000004036e-06,191
P29,H,89.3333292781819,-0.000186769444967804,95.8542351738439,0.0739479401812967,-0.00759911583380149,-0.0863391270533534,0.63813308257466,3.06261673127972,9.86459277157297,65.3670556851211,0.175717909211262,0.339119405870622,0.138794975361394,0.303445795106187,0.0309148203196402,0.367150057157447,4.16917538642883,0.0409780967606,1.239535053,6.11399999952411e-05,1.25448946,0.00015405835866,0.193943715,1.81300000001716e-05,73
P2,A,92.4196489374655,0.0124942323063922,85.8939799818814,0.159372375972072,0.0347921676865641,-0.0334032168508431,3.54172326331456,9.53866106295145,51.2542012702356,489.702992551037,0.255170924560952,0.362363029774224,0.125094239423211,0.251226229489943,0.0474121563892054,0.0613362182784322,1.21532106399536,0.070359117993,0.720580317,6.25900000001955e-05,1.2120632,5.7524278e-05,0.252418601,5.03299999996543e-05,23
P2,B,90.5357124572284,0.0093953861080202,91.0568378956091,0.0593239138564107,0.00122264093441155,-0.00945730758239971,0.279755961399928,2.6457560412478,5.34956923240435,64.3408921904121,0.262888693451228,0.381151548410742,0.0130791545713937,0.281303235659939,0.00761518991586787,0.0513471792763188,4.51715564727783,0.01261645902891,0.566859797,9.27000000023881e-05,0.94513188,0.0001235706746,0.388646483,9.31999999997934e-06,77
P2,C,90.9925640457941,-0.0985027304416119,87.2348764681815,0.119207179614082,0.00687801720979504,-0.0116766982127571,0.186484821167572,1.11330712925862,4.08652375540715,64.1106161918118,0.261910548991006,0.381469715847751,0.00846213174004579,0.343111723038839,0.0225749007300473,0.0395205904217475,2.83898878097534,0.0306865252079,0.702617814000001,4.87599999989818e-05,1.28701894,0.00618226212762,0.52969661,3.98999999973171e-06,51
P2,D,94.151134499564,-6.29368963777451,81.7987715624638,0.0491519442027981,0.00182421592395436,-0.00482955789931212,2.91506749464324,9.71262096857658,75.483141318324,629.466853062949,0.259540235977458,0.386321886749996,0.454490379535833,0.326997970557612,0.23237539475014,0.086119965383175,6.46639800071716,0.590499842475101,0.693590936,0.000297539999998708,1.18792565,1.1681054678607,0.648078152,0.21560611,106
P2,E,106.202149806012,2.65581928189072,86.6032103819708,0.0641640416689541,0.0059699415839919,-0.0111982821129357,4.05397062561572,9.69604189475038,59.9923385375138,540.631507436086,0.263281542286168,0.394725486259854,0.202492722247265,0.331387922234446,0.16069918174051,0.113795700395598,5.19245004653931,0.3979998536293,0.701714025,0.000114749999998054,1.18851979,0.552773209672,0.468942621,1.40243806,84
P2,F,90.5217501816925,-0.0322740052006282,89.535219129412,0.077578602304308,0.00250709704735079,-0.0531388819905523,1.59146618121791,7.68518328444177,18.4130765247268,100.503395489206,0.187634221462619,0.32288182012818,0.0820698082838866,0.323401350791118,0.00962448382947669,0.227548761274586,4.20086765289307,0.0177864453424,0.992341206,0.000160099999999996,1.17078872,0.0048347033557,1.003336688,6.75599999999665e-05,72
P2,G,91.0647710633158,1.54679754742818,86.2242830564072,0.0418826648869096,0.000238562480512004,-0.00657057256269887,1.4776305082785,10.1833611343548,32.5496177822887,480.167992023401,0.256428146572973,0.384571716278831,0.130604910485554,0.33640401922353,0.04829640574086,0.0565321202042179,7.80042243003845,0.1446358998229,0.742623494,0.000178319999991849,1.19675083,0.4524765278175,0.337457527,0.0437279500000001,131
P2,H,93.6460228772178,-0.433642183027343,82.0084515929097,0.0743262629357686,0.0359048260040861,-0.00461220767077013,1.88417848065816,9.54676820184741,35.7873920981488,456.451547177658,0.260224139666769,0.357791238078841,0.464723845645174,0.367958486233807,0.318777637232559,0.063008720729655,4.73284554481506,0.614155072805801,0.828338165,25.98878689,1.40830005,0.340928610701815,0.427765064000001,0.000179959999999202,73
P30,A,90.2405021328562,0.286440302948425,95.6317592336928,0.0879513165628957,-0.0017759885877,-0.0670428631280819,1.11452696544278,3.76970922070277,16.5152325140913,103.775469827602,0.147318652802313,0.272173126107639,0.249900105668764,0.375392798117017,0.0204065708964079,0.373523782550354,4.31601452827454,0.0601457053809,1.33770042,0.000113159999998391,1.76539883,0.0146910244559,0.459842041,4.1009999999897e-05,81
P30,B,89.4744329539176,0.00130380021677714,105.058055590947,0.0482445141603339,-0.00229972586692331,-0.0634458937361526,0.819386653284113,4.77980753008756,10.2951097484551,114.71773412111,0.155281987582677,0.286962694935769,0.167265604486354,0.277574352353385,0.0131932683741686,0.372973444615598,5.66017127037048,0.019910921524,1.123047347,0.000109820000002259,1.089663,0.0001474524058,0.260925196,3.9030000000162e-05,103
P30,C,90.0009876187584,-0.000468885498439819,100.084513033589,0.08068329695031,5.24164207185244e-06,-0.0930821278599735,0.788782686851804,2.91230495019665,10.4465540134382,62.4101272469818,0.182299825977133,0.339246038732066,0.040816104042055,0.30628476554885,4.05683927961135e-05,0.365277338816286,3.79166173934937,0.00017112222066,1.164595789,6.94100000049325e-05,1.21810536,0.0001503063376,0.102508799,2.58300000000045e-05,67
P30,D,85.9979920942081,-0.461032127239651,104.125622376087,0.0310369264183289,-0.001438174728131,-0.0346381980747373,1.288846800456,8.32649832585884,16.7373397298026,123.434114709506,0.166002582983293,0.326749240251525,0.215173689412905,0.350299633037904,0.092678407716604,0.373863586851875,10.4644598960876,0.146849625228,1.199385006,0.000244600000002038,1.53057272,0.856636973024001,0.337809376000001,0.00012750000000139,180
P30,E,92.6935884659779,2.17830499665793,95.8384090692958,0.0395658757593087,0.000941930631926279,-0.0359563336599175,2.6153394068626,9.63138767773559,34.833460618624,490.269957402405,0.176633848555747,0.318882410131028,0.893907920412608,0.333459820040402,0.209564942184378,0.393702630969333,8.42169952392578,1.1801585307392,1.151249711,0.00020770999999753,1.61964749,2.0916080896047,0.677756726999999,0.000326569999999249,159
P30,F,89.7601921901085,-7.10973940884299e-05,101.449966863564,0.0584257522326683,-0.00237180742226428,-0.0804377856194244,0.793091360782574,2.1200184549192,12.7531610242128,119.551639967204,0.1498278080261,0.289591900126366,0.156518062747429,0.287664637832793,0.0128047049973597,0.374119457842191,4.74718117713928,0.0172292606211,1.144794839,0.000101070000003034,1.1439241,0.00017616267282,1.123382738,2.91500000002554e-05,81
P30,G,89.254278361583,0.00157062981922915,109.151445948807,0.0469909648767188,-0.0035527930488293,-0.0222965371479686,0.335308495742821,1.89011871367931,6.53170784819823,61.3656849659778,0.139663003110194,0.255513688218539,0.152036935600345,0.345140822710139,0.0251453031406034,0.147760118633925,6.74969744682312,0.032402722934,0.705658858,0.00011212000000782,1.473144074,7.1347943e-05,0.811025494,1.5199999999993e-05,111
P30,H,85.4178739011277,-0.000958463031322443,95.4777607789713,0.0951485173705953,0.00570073144022394,-0.0832143395322102,0.675925681919556,2.17308413914562,8.68685777088717,64.4448336453069,0.167020129899491,0.306487707787042,0.258108165526339,0.355108793232987,0.166148360875291,0.336443336850436,3.74193334579468,0.3885781874687,1.275597795,0.000127140000003134,1.550413013,0.0002119876229,0.200527772,1.61200000001749e-05,69
P31,A,90.1175770936231,-0.00655143535709807,85.9942912774899,0.0691945998388916,-0.00204556126243699,-0.0619124845798445,0.429126419030373,0.872368272579973,1.52784726123028,24.5778234465739,0.187438922028529,0.310826668338052,0.674663050069958,0.382749708278015,0.0239565124726792,0.326169801822713,5.04512071609497,0.0453248579577,1.353630712,6.30000000083619e-05,1.747995342,0.0001324420743,0.08902348,0,92
P31,B,89.6317208847459,0.226399777077775,78.4085385681061,0.0198025087719204,-0.000850985480158079,-0.0192232817781883,0.135117487685128,1.06072425105955,1.12713211816963,60.4623846094607,0.239335484194978,0.348463349573499,0.682636793542356,0.310753017740656,0.0248966011774637,0.416554440071391,14.8681945800781,0.0884870363951003,1.119161303,0.00024518000000251,1.2943435,0.005855301036,0.0303526889999997,2.19000000001301e-06,267
P31,C,89.7947032840483,-0.00621711390468952,100.884228429546,0.0793019340802322,-0.00169641021930065,-0.0699696268315594,0.234743747940967,0.476720741642035,0.827288389983724,6.2734836685709,0.175298653558339,0.316450152296604,0.123470295615808,0.320034622953117,0.00720270378698458,0.303888982013669,3.96105122566223,0.0092930803081,1.113681765,6.35300000095818e-05,1.20168966,6.1824952e-05,5.02670000004368e-05,0,78
P31,D,88.4065978413608,2.12688405718539,93.9470664137295,0.0143798201610956,-0.00133151546739326,-0.0164251209022972,0.205655875843854,1.24367934873963,2.112732805206,64.8884086840392,0.210627976985494,0.353805650125897,0.719357907382508,0.282081754844734,0.217534577892254,0.41466813024237,19.4751992225647,0.751548673854501,1.143065033,0.000411190000003447,1.26112576,0.20009566380775,2.022493893,8.08999999968307e-06,331
P31,E,88.3230994385139,0.236952678820968,82.51049595789,0.0182604800565329,0.00341916932911822,-0.0166277617626856,0.64744059057349,3.88437923715836,5.02672933590768,61.7161557944822,0.222737872684976,0.350971961279333,3.78892275582633,0.388405350490622,0.898013568479422,0.533306853735364,17.2864484786987,3.96282838152,2.426180602,0.000429000000018664,2.60651038,0.0318228928621,1.632311604,3.6469999999067e-05,313
P31,F,89.9967865054423,-0.00595523494757167,99.9176445729689,0.0110631669379114,-1.00638059219574e-06,-0.0115155811140177,0.0896172511859258,1.14341198436679,1.21137727766626,62.3731874428079,0.177957418097384,0.340259402539546,0.304953321771737,0.312407454823021,5.21839361999315e-05,0.304699226557698,26.5081214904785,0.000813684177,1.275123778,0.000110989999952071,1.24779681,0.0002362929271,0.216438683000001,7.4400000005248e-06,464
P31,G,95.40599786331,0.610362705136527,95.6327631611186,0.0234895252932906,-0.00145880416649851,-0.0183461428649355,0.233042147084799,0.53140294071989,0.946626879641388,10.9428162233028,0.189667964138892,0.326200663260829,1.6684390275909,0.401827624587486,0.654707462827795,0.326365983103117,15.0133514404297,2.3483108294225,1.248739704,0.000317100000019721,1.52479952,0.0422456018866399,0.000213023999998674,6.3000000083413e-07,274
P31,H,87.8428187472045,-0.00598566941104677,99.7292637333456,0.0296806444236206,0.000294562003878187,-0.0210064053366379,0.462229610153931,1.18825313551543,3.07252245361681,63.1865037466265,0.17469321913924,0.316965644436425,2.12052091890188,0.450501522162467,0.608023950477653,0.37933463857265,12.0092782974243,3.00949391453141,1.664715152,0.00038753000000602,1.789426176,0.00041711784155,0.325895217999999,7.99999999978596e-06,219
P3,A,88.6581771636408,0.00175873622462738,74.9293551517522,0.179834861515606,-0.0154350494099536,0.0257503072254559,2.27650301588528,9.54104526962843,32.0975808408587,471.101680705607,0.277327892391418,0.390109672872584,0.0326152798056205,0.305690566177769,0.0270129530651096,0.0433215654203025,1.67806386947632,0.035574628398,0.634481851,4.65899999984032e-05,1.15961117,4.7404267e-05,0.122025774,3.88899999999026e-05,28
P3,B,89.4842657122728,-0.00926067453810843,89.0949703273489,0.0424423312451413,-0.00194968319541627,-0.0242304177088152,0.691824261696332,5.82015294961625,7.76230143085248,108.237327314649,0.20844484366274,0.351259352709727,0.0498864359050172,0.339447747261118,0.0155238537707893,0.197269591314615,8.14971995353699,0.0196320100585,0.989179885,0.000121999999999289,1.25183193,7.297061364e-05,0.000186287999999757,6.37799999998467e-05,135
P3,C,90.0221874895673,-0.00792941865079042,99.9921428713774,0.0930529182503878,-0.000247982902185217,-0.0994020464649899,0.288302019644279,1.09785906003303,4.86345415481765,63.7238724637804,0.15752916597624,0.276624282771993,0.0240868294628251,0.31407839790962,0.00214674674892582,0.347555741168215,3.33208417892456,0.00444827554322,1.162583154,4.36299999981848e-05,1.344817255,4.31432094e-05,0.203882026,5.83999999959062e-06,54
P3,D,93.9630877773909,-2.5842096524882,73.4224619136946,0.0673219417993416,0.025120902908034,-0.0631555226519205,2.51602614232311,9.58314182271013,33.8014294030134,508.831523396299,0.255507375223562,0.374731207234273,2.28216506144942,0.368931880380769,0.666232764151951,0.652317059330814,5.22201609611511,3.131226880165,1.664750646,0.000282520000003395,1.72959047,0.2906478179089,0.155080049,0.000145799999999419,94
P3,E,94.4544583057857,-1.68767020753161,73.4738625833316,0.0486204071357452,-0.00620766208895845,-0.043290354971724,2.40113849615535,9.8527855001555,27.5805994536978,477.170386954622,0.23009345594085,0.356837596344621,4.68271896856645,0.39062254791902,0.676442435176662,0.818558134052178,7.70599555969238,4.68200595263,3.557528323,0.000453650000000749,2.48753603,0.552625870972701,0.83414028,0.000162749999999656,127
P3,F,99.7901587633808,4.29540173574444,102.716077631543,0.0446417706630744,0.0178334777008033,-0.0546605268583016,0.873457050943255,2.6704403296807,13.7190622867587,110.279824191308,0.193941187423029,0.364261961448483,0.679249143260774,0.240956411538774,0.182264894624036,0.273322815101986,5.03436923027039,1.6703575556962,0.861952593,0.26295411,0.774783069999999,0.287081294231,0.0234826580000003,3.17399999993917e-05,81
P3,G,116.243737883525,1.9321380109195,74.6163378328223,0.0361693679086341,0.00902201923906137,-0.0289549632690901,0.467674397053916,7.42404451910562,5.87099397140425,265.415424390419,0.22719676229598,0.390909303796855,0.887846541715142,0.519861928134737,0.297792518540601,0.552229169212492,8.87066721916199,1.495711133988,1.825485949,0.000160860000010032,1.23789219,0.0518166974853,0.236167414,7.21500000007147e-05,157
P3,H,92.5653243623293,0.738065429727368,82.2775437602094,0.0707529842564136,0.00186707827881577,-0.0202336058091874,1.03502117728005,2.52394877277021,12.114927490394,62.756249347417,0.233183874763173,0.412604664322327,1.36798395239819,0.453067022669504,0.621837731657131,0.213323362131249,4.63378810882568,2.71615989928,1.181641806,12.56693284,1.34952919,0.4647813897357,0.0830595959999998,2.36799999999704e-05,73
P4,A,90.6068039061732,-0.0018542073072012,102.181163343608,0.163257507483241,0.012654389313855,-0.236188853409905,1.32004079497361,3.73940612738364,17.3843251920628,60.5399736123194,0.154420814363898,0.291998680220924,0.1411568725532,0.287379776013978,0.0305531175176109,0.372233371466143,1.55143642425537,0.06601613286,1.172211881,0.000101519999998967,1.25786425,6.56401081e-05,0.152758844,1.33100000003772e-05,29
P4,B,91.4297852907081,-0.00139026978279076,108.581783805553,0.0112634308889377,0.00211248497987338,-0.011391080638552,0.270992390278632,1.12563270280432,4.37442591881043,65.0739146772912,0.150998096286691,0.278810683470404,0.761875708254898,0.29297650171474,0.0383619321813739,0.37824288548564,13.9639437198639,0.0587231138822,1.715690388,0.000196299999999816,1.67543729,9.41792679999999e-05,0.000401805999999616,2.17300000000531e-05,255
P4,C,93.7448865364854,-0.00119036511922697,99.6422107554473,0.0667493271344674,0.0146058743274953,-0.0612448757610425,0.289867237957936,1.92583522418181,3.69480914806108,64.8401157223342,0.172181640499043,0.292369289774555,0.020291019523053,0.254219531840037,0.0551576013166718,0.23506774039244,3.84936475753784,0.07661328575,0.861797916999999,4.33600000033785e-05,0.9795551,2.94904943e-05,0.000125433999999869,6.5099999999596e-06,67
P4,D,90.3843223885959,-0.000717592653522182,114.436503198315,0.0997506389515844,0.00452121805836824,-0.0626890452240677,0.356016092248921,1.21923756831905,1.79540828365528,62.9029892411887,0.138692092672733,0.263541849948452,0.13509974534565,0.268366729172054,0.0116306824209027,0.175910742391158,2.52573609352112,0.016149594011778,0.688780539,3.75600000013243e-05,1.02247516,1.99774186e-05,0.000105394999999509,9.29999999899067e-07,46
P4,E,83.3492612491152,-0.00115358810227727,108.29493838955,0.0321236304612521,0.00369819776662049,-0.0449973727554924,0.389737919219182,2.15642519697335,4.14734972196016,66.3554075974095,0.153262106946413,0.290348573596806,0.592387971381725,0.291256235959895,0.305320127370602,0.377904852503839,8.02063369750977,1.059999543364,1.105056405,0.000155540000003729,0.9792164,0.00020949240894,0.00013928200000124,1.23799999995899e-05,142
P4,F,94.3457508955926,-0.0016591359028429,90.6947352763619,0.0236972168583959,0.00450614374442895,-0.0352125524503383,0.707306843310858,6.62394933327536,9.81587716234241,129.945863208879,0.208828599921591,0.317121547066604,0.221243258718671,0.27184254360003,0.0735159492681889,0.365619351925464,10.189183473587,0.1361121852707,1.12300771,0.00027577999999906,0.933113880000003,0.0002614198072002,0.766918225000001,6.36199999997089e-05,193
P4,G,95.5295266638073,-0.0607792234682215,114.196509789473,0.0214816531434033,0.00133514101305845,-0.0289326632399243,1.21699696974267,9.556255418465,18.0897740747628,481.774326959035,0.181299022806999,0.310021599167442,0.776794191800272,0.413154036279373,0.150438763433918,0.525527714533077,10.3579776287079,0.325341993515299,1.852980599,0.000172730000007615,3.42433807,0.0002281062942,2.571587811,0.00216516000000011,186
P4,H,92.8981511704834,-0.00173868168036681,104.259320082274,0.0453414031076455,0.00950202729295268,-0.0745137805651836,1.52318788703983,9.70568742326372,25.4445985568645,459.754862063667,0.180538342972403,0.312730485679516,0.515837276332462,0.233883316129749,0.0496480335988275,0.516544435301075,5.18379878997803,0.197781788736,1.091571675,0.000465259999998135,1.91192539,0.0002346118339,0.104916562999999,8.56300000005028e-05,90
P5,A,92.8590423053381,0.00744055702572536,99.9757124054068,0.118974899389469,0.0269972782351023,-0.0684607506524236,0.523729460531666,1.15685908415901,5.77079747120581,62.4429407961494,0.159408612648302,0.288958062240859,0.255668075289859,0.381313286951076,0.0861258664506538,0.377527703103,3.21525073051453,0.1021049756073,1.211036387,8.87200000030397e-05,1.657899543,4.85165952e-05,0.136393261,7.45000000024199e-06,60
P5,C,93.2461091116047,0.00745068338573141,97.6854290059752,0.0992627288693662,0.0233680474714865,-0.117887262005633,0.195393179353763,1.08716238720518,3.12933702676636,63.4344163312688,0.18898257660722,0.330120999950739,0.0174044391688048,0.273082004068507,0.0647040942214819,0.325122357656794,2.76352572441101,0.088067541184,1.04847894,7.95999999985142e-05,1.00768209,3.51983287e-05,0.0272332219999999,2.78999999991925e-06,48
P5,D,91.2481885020687,0.006850480822572,120.733981468412,0.0680069562222515,0.0163355237403931,-0.114940101348737,1.57405885529705,9.54741742786878,29.9448410867228,493.796284818346,0.144782724553779,0.32482253029648,0.321548855711023,0.350206692104059,0.0564887745917527,0.387071006454563,3.36115884780884,0.082024296365,1.087108873,0.000157669999998777,1.26479727,7.03966379e-05,0.0402239170000002,5.56500000006288e-05,65
P5,E,112.093434544868,-0.00325715379087569,87.237797795649,0.0393440013396429,0.0127844870007037,-0.0383002546747237,0.399441365424387,6.2369608990742,3.7456595057612,60.2073327364046,0.174559724352176,0.270312436935474,0.896149535208852,0.322622402196125,0.375938464839678,0.630604375484231,8.19867563247681,0.8123538763312,1.335850113,0.000135480000001298,1.336153981,9.98871158e-05,0.179978356,1.80999999999099e-05,110
P5,F,109.960540117359,0.00919215681790363,94.4202520332152,0.0744746793703861,0.0324122198339826,-0.0913816965071761,0.342087570034107,1.28018390721319,2.2678177654363,61.9389196624413,0.182807147493493,0.312574839435434,0.387914523867401,0.289355040365274,0.357611565829908,0.363084039187038,3.8364884853363,1.0469067348451,1.189213305,0.000151329999997785,1.1953098,8.27636109e-05,0.000137086999999925,1.87999999967658e-06,67
P5,G,95.3751977185111,-0.00439497686288857,93.6411242095026,0.0774864985744201,0.0223683179680821,-0.080042611140519,0.194796296269504,1.07110864893731,2.94117069169025,62.9478629668485,0.201749974002428,0.340692166440262,0.0351047133969518,0.281705892843354,0.0879215021527422,0.29469603546433,3.63529801368713,0.14130945936,1.018647403,6.65399999952854e-05,1.02634366,4.47113683e-05,0.000134557000000646,2.7899999996972e-06,58
P5,H,92.4747493631756,0.274715026559904,103.748107402305,0.0649636148275253,0.0128405651670823,-0.0737608555507264,1.00034409605659,4.83435640993237,21.5655862178568,130.327783517622,0.169054151484321,0.308525769475843,0.29111291774626,0.299428311649876,0.0706662983843242,0.391071785039747,4.6304087638855,0.13411732503,1.175403706,12.59028261,1.20952628,0.0003453240679,0.0441451540000003,4.49700000006992e-05,91
P6,C,91.1555158470658,-0.00193592532118115,87.5646507808262,0.0936425272678828,0.00877648995161236,-0.0914119799139278,0.518985902461196,1.86448172844076,8.73118648525725,124.338406404618,0.179483815099423,0.287204202460642,0.0671356591972821,0.305719192570213,0.0287052791777932,0.315109216069983,3.25365662574768,0.03765042138,1.116673173,5.67100000026244e-05,1.27683128,9.41792745e-05,0.00120808000000028,1.39599999999795e-05,65
P6,D,98.0823773234602,18.3639918196504,97.3609477328046,0.0451411380513649,-0.008241321878807,-0.0609808720964113,2.76423914373373,9.6746490507602,87.0866684855637,781.776095616063,0.160522561260546,0.284935259608351,0.707076316025358,0.365530869188411,0.368156841680069,0.37007300314705,5.84882044792175,0.978852066272,1.216402791,0.000289129999997861,1.4446629,1.1080808109606,0.28112341,0.10703503,104
P6,G,90.2521725327127,-0.00508188551914734,97.1087782744552,0.0710827244011551,0.00270316445779477,-0.0601312321218303,0.975971514434429,5.83060910227869,10.8393591779885,68.8419795899529,0.15440044299143,0.283800483549609,0.144951347488971,0.375024456972491,0.0150154213739819,0.327187345634302,5.27161240577698,0.0189111067786,1.277985296,25.13285414,1.708880687,0.0001267664673,1.119043052,4.20599999995108e-05,98
P6,H,89.5202019579192,1.51929900066733,100.167245634498,0.059149312463503,0.0032605078225933,-0.0769816042310414,1.57287780873667,8.80370437293734,18.6064659621847,119.859234922225,0.194016010212971,0.355111268751124,0.742813522662846,0.249789643709273,0.157139246215281,0.437144651467826,4.05017900466919,1.0831130608633,1.063760411,56.62950562,1.44007481,0.31689288139632,0.17279799,5.19300000003664e-05,69
P7,A,93.371023650747,0.17989294520901,96.7550353146678,0.097172067586251,0.011962139472792,-0.106668197282032,1.85481213137527,9.54144434965791,25.2180241669139,469.922540083474,0.165339705026089,0.295553758134555,0.111109373112754,0.343642981587177,0.0483093557484454,0.364500853242813,3.46854734420776,0.0851753544,1.234100353,0.000154249999999578,1.43304699,0.0134457588837,0.837403231,7.50000000000473e-05,62
P7,B,91.4431953402911,-0.00172523861704191,99.994402242485,0.0805034036509758,0.010294690921886,-0.0972393808468547,0.656997815500279,4.75803753596126,8.1920742740062,64.5281408562362,0.177001250877831,0.308442215180648,0.0117889369131066,0.287369215334336,0.037069367918726,0.350072856974467,3.56691813468933,0.0495779395171,1.095426104,9.31999999993494e-05,1.09884636,0.0001241033061,0.136904391,1.98500000001545e-05,67
P7,C,95.9530606787762,1.18570944267564,119.008250400874,0.124270528744364,0.0317295776168343,-0.146366394806453,1.05278908587037,3.70287179724479,13.5633445411412,59.5174684396057,0.204199245630147,0.351535695677839,0.0169254208617499,0.279684273226145,0.0737045137404984,0.336375468662634,2.24303388595581,0.0985300483,0.952888457,0.000118760000001217,1.16382777,0.0368059979574,0.964081288,1.7559999999861e-05,38
P7,D,105.194895983017,8.91751542912203,104.748752160153,-0.0032065557331634,-0.000363274060384937,-0.013816433375504,0.655499149757466,8.37899737168969,8.81629656201452,125.736986387401,0.168794432557592,0.31291798892014,0.928839282421532,0.323182427300894,0.107833013715626,0.384003347789142,11.2214193344116,0.59568500270526,1.99994565,0.000314929999990721,2.43903452,1.3658137632216,0.836643093,5.68399999991698e-05,194
P7,E,90.2203603202801,0.885538905586055,95.9527988062769,0.0569984079752873,0.00686015032299738,-0.0668804576070275,3.73311664713092,9.98239876798267,76.5734892662333,501.63107101386,0.168293196790547,0.304976756591872,0.338776441247733,0.299176252999554,0.214363648215487,0.368244335576678,5.53833675384521,0.971654069173259,1.150190972,0.00693525999999789,1.42669213,1.048884202236,1.151336067,0.0359448500000001,92
P7,F,98.1428731884724,2.32694976354476,100.563250822273,0.0985819497580803,0.016847236713598,-0.117262838980313,1.05239244223372,8.48533252902836,12.43090841804,95.6273706540324,0.172410292581741,0.31234531517547,0.072456143685433,0.303899889403151,0.0582849586908834,0.36439814862712,3.08424019813538,0.0556202350281,1.116518934,0.000172790000001477,1.19058188,0.2513312262814,0.991239752,2.48700000000657e-05,50
P7,G,92.3200820446234,0.537150768918728,102.45694842425,0.0831619697001054,0.00892960579857628,-0.0937564737191479,0.916179800017093,4.78550472036659,11.0758540573783,60.2938616128117,0.168806146422493,0.310797936877489,0.053409180610981,0.328221361111007,0.0371376973908329,0.374558573011942,3.95126080513,0.04864528833,1.192356099,0.000152089999996718,1.34140068,0.047567234141,0.552333949,3.13899999999645e-05,66
P7,H,92.4506431656623,0.122304589866925,94.9460514785366,0.142969680673997,0.0131723903721639,-0.146178724466272,1.30550849439007,8.48782350735454,15.9102784728444,112.610166757255,0.147556561424639,0.266569960013958,0.071198023487027,0.366840349435602,0.033358300488151,0.37488981582602,2.52702450752258,0.0342525302,1.354451097,8.84499999993515e-05,1.65825133,0.0062672128379,0.74713286,2.7660000000207e-05,44
P8,A,91.3506236033102,0.00593493200139562,98.6282097279359,0.0157807308131754,0.00554869176606627,-0.0182237712049298,0.508825337843708,2.93511771238855,4.57237198602065,113.856425497035,0.181475495083381,0.308987861270657,1.33119681573803,0.32444907202167,0.145779062427214,0.445158611745245,6.51267862319946,0.39403702964,1.960972305,0.000393650000004797,2.36667111,0.00020453077639,0.111543574,7.579999999896e-06,116
P8,B,80.6684479035094,-0.599236016502593,95.4945584223799,0.0352696659231917,-0.00238592887316543,-0.0260728718535278,0.287846227877198,2.11972763156085,3.58216201780328,63.9617736485339,0.191781993889473,0.33573034204661,0.480722635950969,0.322560017045229,0.137102480096126,0.379120501685238,9.22012376785278,0.53160509208,1.171966117,0.000147779999994935,1.21095319,0.03131089927756,0.133331368000001,1.17599999998053e-05,161
P8,C,92.4541833749966,0.0744054471996311,103.697389135006,0.0837262103490579,0.0197095250497016,-0.0300143783880795,0.611837131333731,2.70741547330151,10.3816152666208,64.8389332894571,0.156413732150085,0.264938903914713,0.0415074412545185,0.177071200718866,0.0466115498281167,0.0736566257249823,2.07466506958008,0.07580900261,0.393763156,25.13857461,0.7294558,0.005772490106,0.047622371,1.09000000001469e-05,41
P8,D,82.7672947891827,-0.836513640443092,97.9757973511658,0.0309456348477774,0.00889705229183561,-0.0465602040053373,0.987039770754505,6.03907362298313,9.53793217918329,99.4337365653363,0.229989522719888,0.359716484318244,1.73866114455469,0.34948358001589,0.320414145742915,0.696435943331504,7.44213461875916,0.887414590680001,2.317829562,0.00021359999999726,2.19011554,0.059385287246,0.747090888,4.72600000005485e-05,140
P8,E,97.9085711983487,-2.45288229116855,103.835454359305,0.0212229319815365,0.00444867615664581,-0.0159257311459476,2.10354954551575,9.92252896751723,26.1095295757605,542.849979018366,0.242233029193792,0.374591958383798,1.76418879857147,0.341754369586396,0.411604383570615,0.70155237289395,15.6731371879578,1.4344604847296,1.287737501,0.000387020000001126,1.48209384,0.940214668166582,2.472535296,1.58969378,281
P8,F,71.4428171826248,-5.20914342561486,88.2183846373184,0.014757081539218,0.00259434433746939,-0.0229699820047411,0.921400824109618,7.51787351669566,10.897373305224,104.024895949156,0.204136098701699,0.377545203569808,0.898340209504337,0.27355425061113,0.252551141207174,0.539908460673509,15.980094909668,0.622781704747701,1.186676179,0.000349669999995417,1.44135709,0.684441471336999,1.61645442800001,0.000121159999998843,290
P8,G,86.2198144315296,0.00544728849890216,104.732763783662,0.0176545924466007,0.0029756353622069,-0.0265055252606751,0.697628207353642,9.52864035567234,9.93899944574741,434.320836390883,0.175603805942671,0.340310782179821,0.593856946180767,0.264664236255781,0.245596501264132,0.37834425539398,14.0851929187775,1.183789989533,1.094729895,0.000391760000001184,0.984450060000002,0.00023592386826,0.000236954000000011,0.000124360000000712,257
P8,H,90.0005115800771,1.27972200535869,104.036877121408,0.0686922297754874,0.0170838856332074,-0.0994307379811964,1.33723715621561,5.91182341460801,20.2073526490874,124.064899343019,0.165309160815913,0.290104560875338,0.508881707182799,0.280251171235375,0.193680284690283,0.370382849887368,3.61878180503845,0.5036884644377,1.281712259,25.5741682,1.46620653,0.0828253184619999,0.114680815,4.24399999989777e-05,61
P9,A,93.8130027282991,1.49822111248793,121.938653722164,0.0957291516874892,0.0182114681044466,-0.109650584037665,2.93921035002184,8.49153597365855,21.14419429683,114.761548976323,0.245529637237502,0.390077251128898,0.252602304677687,0.287273847722877,0.0722036537182264,0.434001439037102,2.97926640510559,0.11641265468,1.069446873,0.000105389999996763,1.62785189,0.082789293702,1.798345044,8.04299999996871e-05,55
P9,B,91.7956915010215,0.286985123147519,98.9690988037597,0.105782580381482,0.0123211880848597,-0.0969527130390552,0.550801226612276,2.97189701104462,9.77153000737534,63.5677960945904,0.209365956041353,0.341403311761204,0.0422556564763026,0.318176008820058,0.0367389922845693,0.296067737059569,2.94905614852905,0.0463713029106,0.987243379,0.000124640000003673,1.17094719,0.0101587400121,0.476844877,1.34099999999915e-05,56
P9,C,96.7300471940189,4.23642451243072,123.364306293709,0.0958663721543757,0.010474465881438,-0.105162135113017,0.586666511642305,1.87563592594088,10.0908210871751,59.9213654070801,0.199771847788133,0.359404754316703,0.0267823941061041,0.29867273737215,0.0332842489915857,0.327404243328093,3.10214853286743,0.04617227420669,0.97310625,0.000158469999999244,1.27864302,0.139835319905,1.067236769,1.13599999995717e-05,58
P9,D,92.6921441229875,0.293688187405448,133.047109494365,0.041101808574411,0.00886752371154689,-0.0385082059627703,1.52040572360007,9.53766372735385,24.1248352697497,498.92064090975,0.201097364016238,0.354448984840852,0.373566331444673,0.295092107917259,0.0623194876617147,0.288067678287099,7.03010654449463,0.0953715084605,1.589753032,0.000259969999995668,1.89965948,0.00944283771490001,2.218394945,0.000128769999999667,139
P9,E,93.6012667844133,2.18284327187357,110.329358729669,0.109090367439877,0.00800007519748417,-0.127650412943602,2.21412395906624,8.51094673942593,18.5853062915912,61.5748600309556,0.180982199689901,0.316394222741176,0.118554677800696,0.291026603964215,0.0299332042612869,0.342220724704103,2.6426420211792,0.052267682456,1.018791503,0.000182990000001659,1.1017636,0.1569768837345,0.641561699,5.40499999999167e-05,47
P9,F,91.8138640759147,0.296821608201114,91.7919800720704,0.059135773964131,0.00476267839638762,-0.0770839017675344,1.80597476082312,8.49000567097056,23.566267021022,421.409061057139,0.148277837026693,0.279483858215676,0.0989542712633847,0.285738096041851,0.023366146035627,0.373307638250239,4.7945339679718,0.02289571828,1.204749229,0.000169130000001516,1.260178,0.042099074141,1.074916747,0.000119109999999978,82
P9,G,91.2074028124367,0.324499017710481,108.946851760302,0.0809072923818405,0.00951159455644214,-0.0867066510616852,0.480762198820206,2.95487318660685,6.42836632887502,63.5811347850649,0.218634489848923,0.353420134743222,0.0518925930647809,0.299551859517004,0.0350873879679414,0.320468112821631,3.68376564979553,0.04520822226,0.955478322,7.72199999987677e-05,1.24983294,0.010158068452,1.03596634,1.15200000001536e-05,67
P9,H,92.3792267681601,0.00705780360707483,115.662658135171,0.145939177746194,0.0187499504530217,-0.146220464745103,2.54055943804867,9.62720257363402,43.3952344707335,484.00783531835,0.212329986980536,0.34263031815262,0.123478495588023,0.317022290323418,0.0478744649595008,0.360439532718426,2.15082144737244,0.083542334424,1.065421895,0.000165119999997465,1.642341613,0.0001636246,1.632560093,9.13400000002174e-05,38
