id,condition,Yaw,Pitch,Roll,TwistX,TwistY,TwistZ,AvgVelocity,MaxVelocity,AvgAccel,MaxAccel,AvgArea,COGZ,PathLengthDifference,RangeX,RangeY,RangeZ,TimeElapsed,Joint7_Distance,Joint6_Distance,Joint5_Distance,Joint4_Distance,Joint3_Distance,Joint2_Distance,Joint1_Distance
P10,A,94.32770641,0.004330391,108.122047,0.085662008,0.014424679,-0.072900724,1.72569541,9.561791547,25.004253,462.2242749,0.127590313,0.336497014,0.182147269,0.354002332,0.058734938,0.344930973,4.114337206,0.077458573,1.118620585,0.00011452,1.580081433,0.000184962,1.189305291,8.18E-05
P10,B,93.16459588,0.002970842,111.4510894,0.043689602,0.007054688,-0.063047938,0.397011603,2.13748744,6.451974899,63.06353324,0.137070002,0.361497615,0.090215298,0.251955747,0.04019957,0.376734065,5.724865675,0.070993483,0.925015315,0.00010275,1.02573914,6.94E-05,0.933384243,1.33E-05
P10,C,93.37697605,0.004849688,109.745352,0.083356055,0.016582841,-0.08562997,0.554260271,2.114369517,7.587539876,62.81538515,0.131397647,0.349421721,0.010917577,0.290644624,0.058660747,0.296883547,3.461656809,0.074818848,0.915725415,7.82E-05,1.15793925,6.66E-05,0.721727242,1.32E-05
P10,D,97.51374392,0.003409831,102.2492155,0.053710956,0.008825569,-0.047629012,0.714325895,3.746313555,9.652466134,59.09299859,0.124576043,0.36306493,0.353514805,0.368711065,0.17621402,0.359520045,6.385529995,0.384344746,1.109009249,0.00013307,1.702614813,0.000169332,1.53196777,3.33E-05
P10,E,102.1925673,0.002384969,95.32220881,0.02428194,0.006108806,-0.027897053,1.579004021,9.567021053,15.85799181,127.0258906,0.106993273,0.396404341,1.865899674,0.409676406,0.623405999,0.769628582,12.05689716,1.691239989,1.404226648,0.00015477,2.814196146,0.000331856,3.288312671,0.00016393
P10,F,101.7373755,0.002284266,95.57903337,0.036086941,-0.008026255,-0.051187494,1.05935185,3.782801484,13.97470142,125.4587694,0.105297516,0.373214872,0.452068565,0.354753973,0.155602702,0.46305501,7.271776199,0.313071097,1.168420845,9.36E-05,1.849597607,0.000162081,2.120821979,6.49E-05
P10,G,95.64321018,0.003417792,99.79486515,0.043766587,0.006581074,-0.041817225,0.490270598,2.663106027,7.197416311,65.5742511,0.129577165,0.351767219,0.167307803,0.315160236,0.095484204,0.334354097,7.128880978,0.234911049,0.973750113,0.00018702,1.313918995,0.00019692,1.047583444,2.54E-05
P10,H,91.74943517,0.003909374,92.97651982,0.071695786,0.006415817,-0.040018056,1.018096765,4.776769189,12.60208821,63.55748055,0.125266797,0.312945591,0.247453686,0.312910781,0.039484776,0.298785699,4.292665482,0.071643294,1.182640565,9.26E-05,1.13319236,0.000100838,0.232903426,4.07E-05
P11,A,95.58962177,0.252070653,93.88864987,0.132987594,0.037530404,-0.109906818,1.142368433,3.059947884,14.02992276,64.57512432,0.113877405,0.303042797,0.101745103,0.359427493,0.102679333,0.338392584,2.707134724,0.129539884,1.298875204,8.91E-05,1.59205607,0.010068638,0.054400318,2.67E-05
P11,B,92.26264425,0.13724304,106.3203212,0.077109419,0.011775774,-0.103123976,0.548451646,2.122641187,7.960308834,62.31889205,0.122223588,0.289295363,0.05399053,0.282034038,0.044057691,0.378093871,3.685174227,0.057592464,1.136705985,6.96E-05,1.13808886,0.010509067,0.183616639,1.43E-05
P11,C,92.17802109,0.223366339,93.94792005,0.091170814,0.01447251,-0.087921957,0.735507436,2.653506024,10.39976457,62.91345933,0.123764972,0.336220716,0.020615011,0.298721019,0.052604582,0.295128881,3.251647711,0.072029901,1.046485941,0.00011373,1.09769242,0.009539689,0.000144742,2.26E-05
P11,D,100.2006633,1.307915308,110.1908939,0.049255325,0.009823177,-0.053381674,1.609189731,5.893502515,16.74644452,99.883243,0.122491504,0.280484872,0.48259314,0.328439353,0.204887625,0.390729039,6.676415443,0.451040143,1.438435842,0.00024738,1.78754489,1.013486139,0.454591126,9.66E-05
P11,E,91.68263387,0.00994031,94.45621856,0.117774558,0.015094913,-0.123545243,0.370562455,1.421925733,2.53456746,60.73260147,0.114530942,0.285588529,0.144315802,0.334236098,0.054121221,0.375092567,2.823129892,0.086181158,1.320316212,0.00011059,1.483802307,0.000155063,0.083775927,9.30E-07
P11,F,90.97055396,0.484522056,95.69799391,0.018190619,0.006500347,0.001821899,0.37663196,2.676512893,5.059233382,64.05729335,0.118776382,0.239888663,0.122480538,0.107495483,0.043881002,0.064343743,5.515105247,0.060169133,0.2085131,0.00010172,0.4925074,0.060513515,0.776957995,1.54E-05
P11,G,92.56443036,0.184650732,105.3851751,0.068561192,0.006068663,-0.079787579,0.715496316,2.922533221,10.48515533,64.089945,0.120602456,0.29831443,0.118756746,0.294244056,0.027298198,0.37569752,4.261959791,0.029076936,1.15294785,6.95E-05,1.22097892,0.009910688,0.052031141,2.38E-05
P11,H,102.2214186,4.668955652,95.17247149,0.120752648,0.027118647,-0.129079086,1.507535285,9.655533953,25.51109733,487.8853717,0.112332266,0.291250066,0.192587727,0.316733737,0.114033017,0.349340725,2.589864492,0.300906487,1.256731666,0.0002085,1.37088507,0.324885188,0.630760509,6.28E-05
P12,A,92.22734724,-0.695726339,87.11154349,0.073712844,0.0071394,-0.048460253,2.514987844,9.81050723,30.41792002,482.851626,0.116679687,0.385915577,1.047549599,0.363361291,0.211743536,0.534950345,4.975732327,0.762012906,1.463242225,0.00034933,1.45766551,0.768305445,0.369541301,0.00020256
P12,B,92.22682416,0.655433472,90.73505371,0.047922472,0.004418683,-0.03404969,1.206937942,4.900767035,13.43401452,84.46674332,0.121311911,0.3507693,0.584043411,0.343052517,0.218909336,0.322186312,6.92685771,0.912169959,1.1173028,0.00546933,1.19422666,0.319449565,0.514715316,7.00E-05
P12,C,92.00161927,2.079768047,92.30182789,0.013038963,0.007892808,-0.012740838,1.735843866,7.289400329,19.7908671,118.0760226,0.114053585,0.416414093,0.600964517,0.065427114,0.304476955,0.04168418,2.563704729,1.27634434,0.125002927,0.0035825,0.16443101,0.177495612,0.002584808,3.83E-05
P12,D,103.6470812,6.486610645,98.1228765,0.027137949,0.001532189,-0.027931799,1.654087103,9.760232303,18.51935455,123.2166264,0.129722034,0.397786102,2.326351824,0.510292269,0.954607636,0.421488319,10.05303645,4.02609326,1.414884928,0.00063953,1.05759793,0.954060069,0.388008288,0.00013718
P12,E,97.80636813,-5.891173364,87.67429396,0.022005617,0.001527268,-0.026946722,3.139833804,9.859073934,61.23243752,515.0695946,0.114771226,0.365314259,1.704082256,0.405170747,0.597434747,0.42716751,11.70675516,3.398089146,2.216045629,0.00066637,1.48779967,2.748397189,0.84548448,2.1982163
P12,F,96.40222886,0.296819175,93.47930011,0.028505051,0.002255698,-0.031273649,0.76330663,5.816022909,6.330688057,111.5550398,0.114218676,0.36452062,1.290401807,0.39550242,0.492415182,0.309166683,9.712405682,2.520267785,1.094873539,0.00026603,1.03066971,0.097293312,0.820329196,4.13E-05
P12,G,95.4188962,3.828787688,89.4019594,0.031359116,0.000485427,-0.035538809,1.159217083,3.69315323,15.82607395,64.86966935,0.120744244,0.405560635,0.963052916,0.316644944,0.379514887,0.435673011,8.243785381,1.83180953,1.455259688,0.0004237,1.05602408,0.287274419,0.171760994,8.02E-05
P12,H,99.87610641,8.027390544,93.25224318,0.073905681,0.008298653,-0.074580828,1.655701734,6.466494986,20.59799293,66.70333422,0.117389752,0.389269045,1.082405385,0.354484867,0.489182434,0.303743584,3.845281363,2.184004116,1.23563553,0.00053309,1.09184649,1.013977755,0.047254072,4.52E-05
P13,A,95.11708564,1.136643981,117.5652235,0.085465856,0.020562992,-0.019869924,2.803768575,9.535501491,40.07302001,479.5499528,0.130722433,0.331688198,0.471437174,0.34514437,0.086913474,0.369291364,3.93322134,0.123378396,1.43454451,0.00013403,1.470377842,0.158833559,1.279272727,0.00017026
P13,B,94.75031086,0.2742873,119.5423736,0.049979759,0.01119987,-0.059651528,1.006967538,5.843508568,10.83373477,105.0076408,0.135031025,0.322800602,0.148578626,0.26275376,0.05950698,0.367776062,5.207005978,0.077884639,0.947463918,7.56E-05,1.04622231,0.012477334,1.31147824,4.18E-05
P13,C,93.11591668,0.263479095,99.15646435,0.114001474,0.021190296,-0.137999805,4.305290469,9.547454587,42.61616888,476.4448611,0.125743111,0.322077789,0.010233695,0.282513626,0.050938164,0.340181161,2.420519352,0.064726535,1.040904242,5.99E-05,1.04635679,0.0101257,0.296756238,0.00014303
P13,D,94.45486357,-3.899526337,98.64674762,0.052651642,0.010950616,-0.074421757,3.153066833,9.673910414,63.37599093,499.5425041,0.119756353,0.332599094,0.286927738,0.25931764,0.169011278,0.373680076,4.957189798,0.22151249,1.089355596,25.1329108,1.03910927,1.954774548,0.642386469,0.61200289
P13,E,95.02018903,-0.251855225,107.174547,0.107542508,0.004360929,-0.136978186,2.409824675,9.583238024,32.52721176,513.7632834,0.12099917,0.281963723,0.110262866,0.279994577,0.039963523,0.351046063,2.56423068,0.186036185,1.070566134,7.27E-05,1.12678454,0.026827267,0.564120354,0.00014091
P13,F,94.36617438,0.260161966,96.15461764,0.0566397,0.009582839,-0.0696677,2.260940513,9.570771332,22.87916868,487.642053,0.11100981,0.28615391,0.155182885,0.300694083,0.054317825,0.38017533,5.329246759,0.0936932,1.215140534,0.00011641,1.24418969,0.051173363,1.813835087,0.00013086
P13,G,94.35436248,1.353763102,102.0252938,0.094097389,0.013871719,-0.102915047,2.436029653,7.387287513,23.39049228,65.76896466,0.119399303,0.271541239,0.043339647,0.296633447,0.047364669,0.328740465,3.121675253,0.056086171,1.069399824,6.59E-05,1.23653872,0.063605282,0.470909682,7.22E-05
P13,H,93.1859825,0.545209981,100.187431,0.107236453,0.022017992,-0.143192049,2.091264725,7.417125142,22.73171088,99.6783875,0.123221555,0.325532782,0.013764035,0.278821201,0.057748943,0.372377362,2.637196302,0.073130415,1.085397374,6.34E-05,1.08420724,0.036600547,0.304610092,5.42E-05
P14,A,97.71314636,-0.069176435,68.70440561,0.036645494,0.00940716,0.041774617,2.011410368,10.29943111,49.86757245,522.2654328,0.104654976,0.38266055,1.230933636,0.357159239,0.117639652,0.622478945,6.657679796,0.225931652,1.892581452,0.00025503,1.96837648,0.324567521,2.88034966,0.36217833
P14,B,92.78218673,0.094993123,89.46122662,0.071345969,0.012767352,-0.072668926,0.113996129,1.065654373,1.875845492,63.27041191,0.123183057,0.300550203,0.06222638,0.205537491,0.037277024,0.231586078,2.941674471,0.043438821,0.794351848,8.30E-05,0.8565019,0.002524765,0.010758371,9.30E-07
P14,C,91.94467404,0.107376863,95.14644656,0.079078029,0.018271883,-0.096850824,0.451829861,2.159074336,6.029309519,64.44704584,0.119534174,0.362532799,0.036912726,0.268139968,0.061828939,0.307537154,3.169239998,0.08637058,1.020542428,9.08E-05,1.02473319,0.011514618,0.060869211,1.05E-05
P14,D,93.90764522,0.005097227,96.79082154,0.071836192,0.013456576,-0.072849083,0.740966425,2.129527777,10.90969394,65.36031448,0.120093451,0.301586764,0.438823653,0.289488793,0.194048948,0.320540556,3.997309208,0.569682023,1.102304653,0.00018939,1.09111468,0.00017976,0.149615544,2.00E-05
P14,E,97.89674245,4.565834454,75.56189732,0.055747565,0.01506639,-0.04162192,2.737626118,9.633135499,34.66624064,507.4079801,0.108660061,0.316006458,1.07626325,0.330510101,0.235044035,0.346115762,5.875228167,0.78639936,1.399844095,0.00018581,1.41402002,0.605798675,1.425082815,0.00198013
P14,F,93.62136142,0.003555457,76.42441601,0.064205131,0.016119278,0.013660592,0.560250927,1.402504718,6.752634066,61.41840595,0.120160138,0.362713024,0.699111952,0.313011333,0.074083901,0.342213639,4.430553198,0.138639905,1.392694024,9.82E-05,1.14994895,6.87E-05,0.000234959,1.34E-05
P14,G,91.11769381,-1.567093795,96.99036771,0.060032274,0.009012675,-0.051745145,0.457781428,1.510403868,4.067862349,64.00297349,0.115618152,0.305707407,0.456255962,0.312080574,0.139259522,0.299431899,5.226182699,0.596471302,1.274444528,0.0001865,1.25877425,0.146104178,0.215366115,5.66E-06
P14,H,93.21798297,0.006108078,92.68107455,0.12915746,0.028331514,-0.106389999,2.960217616,9.58871301,38.06155626,484.3191167,0.114975591,0.305163869,0.448999019,0.340001741,0.098141373,0.337128726,2.651345968,0.168628697,1.500421982,0.00013102,1.364065277,0.000119877,0.252358746,0.00013794
P15,A,93.83873788,4.978391067,88.19437786,0.155479667,0.01136823,-0.090470468,4.44635407,9.89418655,112.6524037,763.3939777,0.091813665,0.273324119,0.205660778,0.415304201,0.040598148,0.334702392,2.646283865,0.125990483,1.44252385,0.00013072,2.02128332,0.14115371,0.5783037,0.05143508
P15,B,95.15897388,1.795596241,100.6953044,0.106157185,0.01240447,-0.118602875,3.330261662,9.581217288,42.43744145,499.1577121,0.124147953,0.314467639,0.036124796,0.302385402,0.047727812,0.341291896,2.820865631,0.0571129,1.100177342,0.00015847,1.14870448,0.150336788,0.283567065,0.00015213
P15,C,93.27833365,0.393512423,114.9216871,0.08949251,0.012419542,-0.092924245,0.669326898,2.970589517,9.342886969,64.98531624,0.132090916,0.318300766,0.02473635,0.309869201,0.049759949,0.326883523,3.453411579,0.077724867,0.996097471,0.00015041,1.25856787,0.019942218,0.897711234,1.63E-05
P15,D,84.22219844,-12.02023173,128.9283207,0.052987221,0.005690501,-0.064034743,3.818930467,10.13230268,132.3099509,696.8882565,0.134690689,0.332618203,0.228304046,0.291519034,0.054499336,0.396670851,5.116332531,0.14073956,0.958135672,0.00010376,1.31769698,0.247979831,1.406681159,0.10142815
P15,E,113.1538693,8.923114192,94.49630351,0.046292625,-0.004289586,-0.050486392,2.52180845,9.936284042,97.4229696,752.6868666,0.115100013,0.272364152,0.418381227,0.328628254,0.192877991,0.378898274,7.055471182,0.655426852,1.27274895,0.00018783,1.69758863,2.791004043,0.985369131,0.3293486
P15,F,98.12486152,2.445426602,96.62353867,0.073701506,0.006473962,-0.065187713,1.080325728,3.696425341,16.12374897,60.77406661,0.115868358,0.263250945,0.055566695,0.28005689,0.027036808,0.243504351,3.751006365,0.036970514,0.927296975,6.88E-05,1.15708145,0.137643426,0.696899983,3.52E-05
P15,G,93.64024226,1.655969254,103.0477925,0.067094653,0.004568814,-0.08617286,2.609791418,9.566075684,30.36414011,519.906945,0.126358427,0.301156933,0.019583022,0.279137324,0.024402078,0.351907751,4.127643347,0.036894208,1.048628412,0.00016306,1.05689836,0.104144232,0.247745753,0.0001663
P15,H,95.75800323,2.845069666,106.3436611,0.023100351,0.008056591,-0.022280135,3.449576538,10.08889883,87.74662112,680.7968701,0.124815322,0.289862783,1.830470178,0.393768877,0.301680166,0.367047486,9.990263939,1.081771175,3.789919968,0.00052022,6.62480311,0.189569605,1.035133158,0.08694754
P16,A,91.40235407,0.680902722,90.79733644,0.24922273,0.003793109,-0.125660223,0.92020934,2.428444109,13.06049714,65.61251809,0.112001985,0.322317093,0.170320339,0.386471397,0.017173791,0.32678317,1.52913332,0.029411418,1.245597226,0.00010623,1.75648709,0.032115133,0.020720603,7.75E-06
P16,B,92.81226034,0.005886649,102.4282685,0.045115868,0.006366642,-0.034298604,0.72694034,3.714544689,9.511932326,63.93910029,0.131795295,0.330620936,0.297389991,0.286977831,0.055484135,0.281187796,6.306174517,0.092387586,0.968552623,0.000147,1.03164787,0.00018118,0.462411787,3.90E-05
P16,C,96.36142484,1.185587855,107.4692846,0.102492369,0.025547028,-0.041122107,1.67030247,9.55804707,23.44713326,498.896411,0.131496036,0.351738166,0.463138882,0.351725106,0.097024546,0.417977183,3.233930349,0.170660157,1.233500417,0.00013294,1.47016214,0.051261127,0.911449069,5.23E-05
P16,D,96.6903442,2.318046873,93.25609736,0.025144778,-0.000253925,-0.019299917,0.26162793,2.192489393,4.578416215,62.39358338,0.11743375,0.322612596,0.586704116,0.33625373,0.111170458,0.368071489,8.539865971,0.342235178,1.742503464,0.00018951,1.9803077,0.325131008,0.388598903,1.26E-05
P16,E,86.45589615,-2.512178654,86.9246648,0.075742915,0.038802472,-0.026582782,1.418548938,3.894778386,11.40082313,59.85314808,0.115943251,0.363481312,2.536287616,0.387781462,0.571901015,0.721376027,5.107853174,2.630812206,2.321798043,0.00019932,3.64321475,0.157250535,1.069818617,2.45E-05
P16,F,92.53312959,1.16787279,93.71577467,0.00119299,0.001172128,-0.016386008,0.590679398,3.750994396,9.417858314,64.93563086,0.117607123,0.32001084,0.830405522,0.321900836,0.023859998,0.327188371,6.417098284,0.077350146,1.963820674,0.00019349,2.54895409,0.157950076,1.335395435,2.95E-05
P16,G,90.70054116,0.004005551,92.78158964,0.101022016,0.002506017,-0.078879662,0.237010098,0.556543142,1.600928186,7.054340245,0.115091964,0.301697433,0.12417269,0.344174519,0.026957813,0.306130187,3.455954552,0.056864443,1.195808268,6.66E-05,1.395592014,6.33E-05,0.234709182,0
P16,H,93.0026462,0.705794435,84.66632467,0.117438051,0.013085781,0.022774127,0.9261216,3.097366237,13.02586679,62.55013404,0.108142732,0.313166809,0.515637594,0.371177103,0.072953868,0.368306349,2.913664341,0.128541987,1.510784384,8.41E-05,1.52792929,0.025089025,0.076249939,2.01E-05
P17,A,93.91238432,1.64759646,100.5054498,0.090862352,0.012624983,-0.082134824,0.280254117,1.157382978,2.77975161,61.74229743,0.085265322,0.254885863,0.131838001,0.398454335,0.058488019,0.359416537,4.316717386,0.067959561,1.517925179,0.00016577,2.20344809,0.075628819,0.74359683,1.87E-06
P17,B,84.46605396,0.377039504,109.3404019,0.060921792,0.004728527,-0.02922611,0.211470202,1.005735565,1.261697859,57.84403646,0.119331724,0.256593675,0.177780778,0.305955944,0.105536169,0.145337542,4.596776485,0.283416985,0.683668269,0.00010132,1.15739678,0.024076609,7.24E-05,9.50E-07
P17,C,93.23430898,0.315808247,107.4747441,0.082022626,0.011647751,-0.072610338,0.389824708,1.156174477,6.142877866,62.93172918,0.119714382,0.289684365,0.058932358,0.380625951,0.055570222,0.346701787,4.655636549,0.072267553,1.249213434,9.14E-05,1.67659813,0.009928796,0.785534183,1.30E-05
P17,D,98.76614704,0.633057622,81.36414595,0.030591275,0.004792692,-0.107245403,0.136973653,0.345773897,1.260595733,5.082358757,0.117575281,0.305370855,0.042307917,0.142255191,0.040675444,0.456447577,4.125006914,0.065155317,0.805959638,9.01E-05,0.4099361,0.027610722,0.151401309,4.00E-08
P17,E,99.4281923,0.98408959,76.26118996,0.10813587,-0.018267992,-0.079781252,0.662000944,1.340411753,3.973261247,59.82681153,0.090628003,0.32907082,0.919577784,0.418751025,0.416171872,0.618281743,3.885015488,0.899102394,1.447175572,0.00010849,2.085643152,0.023590477,0.727885109,5.10E-06
P17,F,89.85077058,0.006201685,64.6530369,0.032772995,0.00030258,-0.036287777,0.501277699,3.778453822,3.485167719,63.6982796,0.082494084,0.327519722,1.234726724,0.37862698,0.018845897,0.725086311,10.99817109,0.066834516,1.527834857,0.00011241,1.831316861,0.000257301,0.818234368,2.19E-05
P17,G,92.92124935,0.314075751,96.89919909,0.08263645,0.013558828,-0.066765124,0.190706683,0.415708564,1.423846785,5.514742287,0.119980882,0.332746231,0.228239013,0.374643489,0.068713429,0.409284779,4.584965706,0.088463822,1.23007572,7.75E-05,1.64066517,0.011784777,0.857330228,7.00E-08
P17,H,85.27596758,1.810447504,84.49485049,0.093676502,0.07121131,-0.076180985,0.440320872,1.097071003,2.294268346,60.52101718,0.083645866,0.286191909,0.573734877,0.389980772,0.542208194,0.306731556,3.846533298,1.055787684,1.492721177,9.44E-05,2.0375502,0.103898789,0.224864091,1.13E-06
P18,A,93.18121951,-0.001460004,90.8611795,0.115685127,0.021081637,-0.080480277,0.386823752,1.174677398,2.930445879,53.04349269,0.107783818,0.301276607,0.176532663,0.364905111,0.067760813,0.331664697,3.161267281,0.090771183,1.234595978,7.22E-05,1.568606145,0.000277433,0.281827355,2.12E-06
P18,B,90.84248934,-0.117535746,105.5697992,0.064132689,0.010213102,-0.067615052,0.2284177,1.118657644,4.236622739,61.54658134,0.13214373,0.359913195,0.018998344,0.278210817,0.045935377,0.296022947,4.366174221,0.060957755,0.884203902,9.61E-05,1.03609857,0.008737157,0.680475745,4.74E-06
P18,C,92.7935518,-0.276451768,118.9379283,0.09644804,0.020104141,-0.118563501,0.30738186,0.670585108,1.836221258,7.317644276,0.135851428,0.329934808,0.037872991,0.270705378,0.055504303,0.323814914,2.672816515,0.076127211,0.90768254,9.60E-05,1.09598027,0.009920848,1.034977907,2.70E-07
P18,D,84.96593828,-7.264462382,132.3230029,0.02955577,0.005398033,-0.033224014,1.178824336,5.85095014,15.02525257,125.7374767,0.130836815,0.3598791,1.268226352,0.36212754,0.616769332,0.363940493,9.165083885,1.699318672,1.294911923,0.00024762,1.85137393,0.235482042,2.135727752,9.13E-05
P18,E,83.20842219,-12.30969715,130.5281663,0.0337821,0.003993527,-0.030390776,1.30313376,9.310208353,17.81643418,432.3580598,0.133577567,0.314906924,1.187873098,0.310978589,0.23582212,0.381897288,9.020424366,1.327652144,1.785677064,0.00035045,2.36899926,1.138816158,4.085558181,0.00014397
P18,F,89.03198385,-2.754491497,122.5735232,0.051425235,0.00743072,-0.055636552,0.27068038,1.187651188,2.835956426,59.64494741,0.131156952,0.35392901,0.123789308,0.306028703,0.045901344,0.325391176,5.578918934,0.042113556,1.034175786,0.00010362,1.60733195,0.157030619,1.75940413,3.35E-06
P18,G,91.07398862,-0.029167909,95.92346399,0.044533037,0.010967294,-0.079097579,0.188681146,1.060598678,2.049186411,59.95365334,0.115499479,0.352070434,0.052151286,0.220473371,0.054349644,0.387568098,4.86374712,0.082840873,1.168952152,7.84E-05,0.91078087,0.008512182,0.346931791,1.87E-06
P18,H,84.67359399,-9.293310906,133.4746116,0.066896077,0.013255686,-0.073786966,1.210627694,3.032804168,12.90977403,62.07720602,0.131391103,0.338191927,0.078150368,0.289036298,0.07124308,0.30622918,4.082136631,0.093204986,0.970694968,0.00014439,1.48037668,0.307258995,1.698310089,4.12E-05
P19,A,92.6961532,-0.00684957,106.6191649,0.229463697,0.038964293,-0.061451318,0.493111161,0.951871048,1.597853216,4.12861593,0.122702837,0.286540979,0.028275612,0.276738776,0.048899003,0.092902556,1.195785999,0.076178658,0.620734582,3.22E-05,1.173248431,6.13E-05,1.53E-05,0
P19,B,91.73555933,-0.007398299,95.59561952,0.023941201,0.005750462,-0.019860872,0.031288767,0.095815842,1.058550898,3.702733271,0.127127236,0.314368655,0.06382377,0.212871188,0.050530874,0.193954571,8.852675438,0.068555093,0.729846353,0.00018177,0.83780144,3.46E-05,9.33E-05,0
P19,C,92.38665529,-0.22147371,115.1425762,0.08197215,0.011689012,-0.093946488,1.182192743,4.76945081,13.4890131,61.94310182,0.130010406,0.31945434,0.028345654,0.310666747,0.047526345,0.360093047,3.722157001,0.069717316,1.053244959,8.57E-05,1.29415675,0.013643908,0.841509999,4.21E-05
P19,D,92.77397298,-18.5193089,97.22775187,0.027284315,0.003514997,-0.02822931,2.579092659,10.04151615,59.17617244,504.9402211,0.118668207,0.438266188,1.041165304,0.363903993,0.104323296,0.730515431,10.77713895,0.223445453,1.838876416,0.00020891,1.7379989,0.72350644,2.213028266,0.12724635
P19,E,87.97292972,2.450829745,82.71688163,0.038882579,0.001959697,-0.024545451,0.711224577,1.503413094,2.784629682,59.07946859,0.117005995,0.345628043,2.753349619,0.390710218,0.422249887,0.67706903,8.962575436,3.394347319,2.261732786,0.00034285,5.04732437,0.119569543,0.007455038,2.11E-06
P19,F,92.11822191,0.014484588,93.83778546,0.029260564,0.002444518,-0.031143934,0.958610739,9.55384929,11.32718011,97.71176522,0.102608767,0.320468306,0.261309582,0.337745497,0.029630734,0.33917163,10.43743491,0.065586706,1.212726642,0.00016833,1.47021573,0.01388924,1.695515564,9.32E-05
P19,G,91.86263029,-0.00728726,89.08129063,0.02143618,0.003127325,-0.016334527,0.108948855,1.086353869,2.976733619,60.86210549,0.114867362,0.29109988,0.106449578,0.278557601,0.040793203,0.236047998,12.99920273,0.057856959,0.897123034,0.00023824,1.14266868,0.000175769,0.977694152,6.51E-06
P19,H,92.79874278,3.23875349,97.4968994,0.100324813,0.01213041,-0.106895126,3.519877409,9.558905171,83.76565836,462.2794929,0.116361594,0.275024807,0.087056387,0.295157319,0.03538881,0.323100504,2.914110661,0.049218406,1.088674191,0.00012353,1.17554195,0.030164011,1.223278645,0.07366649
P20,A,92.65308367,2.174275534,79.72043348,0.153076212,0.003523106,-0.075617141,2.06653367,9.518762502,30.3626422,478.7039678,0.076738749,0.260860472,0.236619582,0.391232568,0.05861491,0.337132817,2.658065081,0.141822146,1.37728091,7.30E-05,1.99444081,0.067344841,0.185768266,7.62E-05
P20,B,92.03705489,0.188995615,122.2972411,0.045207852,0.004994089,-0.045751532,1.10493914,7.457856093,14.62475064,229.5706907,0.13040901,0.323813576,0.166858362,0.33884028,0.041401543,0.328844667,6.775165319,0.073188476,1.026762399,0.00012133,1.49578521,0.009951708,1.55040177,0.00060905
P20,C,91.70154333,0.104489653,105.6219919,0.078623755,0.010617518,-0.09718379,2.243232996,9.595023151,24.16822359,473.6058631,0.11436907,0.287109561,0.203878746,0.346155224,0.039526719,0.388601344,3.847250462,0.060195957,1.158130791,0.00011939,1.56692089,0.1777338,0.865167159,9.65E-05
P20,D,93.55791187,-2.134086978,109.3110189,0.058078097,0.012431873,-0.055625811,1.914915227,9.576728985,21.16197486,461.7009796,0.121635332,0.367730967,0.607905581,0.374983572,0.072127933,0.556274839,5.240020275,0.11103955,1.33093729,8.61E-05,1.74414678,0.055807801,1.967603406,0.00010019
P20,E,91.82216527,-0.179351852,94.33546607,0.043222178,0.00458313,-0.051689496,1.689044733,7.623190946,19.05223825,87.16221948,0.115324865,0.267970511,1.005852478,0.302842147,0.50096308,0.378884836,7.164355993,1.728903587,1.222411218,0.00027009,1.23012821,1.547328645,1.08669488,0.0001032
P20,F,96.50011033,-0.159097987,105.430564,0.043632969,0.007976713,-0.059575862,1.31279798,5.823847537,9.643866874,61.54570239,0.113250447,0.283829346,0.314751938,0.257175143,0.073077932,0.374669875,5.765602112,0.194671179,1.110037747,0.00017444,1.02055744,0.100921674,1.449643849,6.09E-05
P20,G,93.10892311,0.255163419,97.33599047,0.056927656,0.00511491,-0.059922206,0.634200639,3.71203454,10.95239419,63.83974215,0.123422385,0.2999064,0.032452975,0.298878801,0.027147883,0.315042793,5.244553328,0.045584792,1.063052703,8.17E-05,1.21400598,0.010077225,0.208127573,2.93E-05
P20,H,92.99045982,-0.599252226,114.4904987,0.117608577,0.020489512,-0.128916485,1.817611256,9.544962185,30.32981455,441.1343187,0.132221475,0.325730404,0.063809219,0.312042123,0.055056477,0.311809211,2.367962122,0.078502516,0.993336011,8.87E-05,1.20727402,0.03031767,1.032478991,3.98E-05
P21,D,90.5319903,-3.097326639,89.99681942,0.028531142,0.005739436,-0.02729889,0.34520541,2.129402837,5.984295562,72.62051391,0.124635013,0.326332557,0.369858561,0.313341426,0.09839975,0.332801184,10.89354968,0.54596669,1.089934551,0.00027146,1.20714536,0.680610629,0.085705974,2.38E-05
P21,E,93.06849546,-1.124748362,87.95546112,0.027924743,0.00465857,-0.031728672,0.25029227,1.868366215,3.668250171,63.64834206,0.120857157,0.290095631,0.307308818,0.173415592,0.063495304,0.188999836,5.872766972,0.32729987,0.65981291,0.00016803,0.83285039,0.01626126,0.00023959,6.50E-06
P21,F,92.83561692,0.006195267,88.04224577,0.044638254,0.008871739,-0.045443959,0.073432411,1.060313284,1.045977421,56.71891419,0.123429976,0.332635708,0.092293106,0.291918858,0.057762105,0.298602221,6.467824936,0.076996781,1.044249036,7.84E-05,1.06085928,9.62E-05,0.018212693,9.30E-07
P21,H,92.09470253,0.007522305,90.13135192,0.068571857,0.010717036,-0.064116467,0.120185438,1.0721513,2.153991414,57.79232773,0.121787201,0.33081274,0.062342994,0.303850072,0.05056528,0.296512355,4.441579819,0.071154871,1.077184248,7.47E-05,1.12020785,0.000166688,0.000116979,2.79E-06
P22,A,92.16053228,0.799766985,93.32856477,0.092610285,0.008403242,-0.111675116,1.534784159,9.614468977,21.94697605,125.8998208,0.125096992,0.307970118,0.226324806,0.300185553,0.030525015,0.421179926,3.222607136,0.0618609,1.168978779,0.00011352,1.37582575,0.056620771,0.324926034,4.59E-05
P22,B,89.63975731,0.12459607,85.36938076,0.065766616,-0.0010719,-0.072866009,0.296179961,1.878436042,5.207771432,60.55291204,0.118985034,0.326188246,0.032187309,0.272230472,0.016922081,0.301299549,4.080248117,0.041877202,1.060955177,6.81E-05,0.99453539,0.00720329,0.225843861,8.60E-06
P22,C,93.05567159,0.277042586,96.44674207,0.007889124,0.003973092,-0.015037118,0.50129444,2.12705088,8.233481952,64.04201298,0.125820898,0.323533792,0.801332162,0.305570573,0.053276907,0.333990861,4.036596298,0.107796353,2.046843363,0.00012255,2.23056759,0.010421521,0.128808576,1.70E-05
P22,D,46.77436862,-28.42981786,125.6552793,0.054401729,-0.015091189,-0.050810748,2.78463617,10.09946273,52.28993716,793.8902035,0.130760678,0.303271016,0.785238722,0.307021664,0.43494875,0.36609482,5.625397921,1.355827597,1.103766121,0.00023126,1.25311663,1.230946597,0.97892878,0.36701538
P22,E,100.5216013,0.333743203,84.13146828,0.062615458,0.021796478,-0.019626652,0.603758515,1.937587456,8.864842546,64.6600216,0.119654829,0.327127096,0.73665028,0.340998268,0.233111451,0.439154816,5.045083284,0.483404205,1.598315108,8.88E-05,1.48667026,0.016322505,0.288471292,1.88E-05
P22,F,94.36993457,0.227030142,90.16378852,0.052476377,0.009102112,-0.028919672,1.022439304,7.417694379,12.28448123,66.55144563,0.123343773,0.321841241,0.403481628,0.31028154,0.068274031,0.300056239,4.556233168,0.124446357,1.492594348,0.00013597,1.51658127,0.052392158,0.222813845,4.12E-05
P22,G,91.21559561,0.484065985,105.0705414,0.021613414,0.000688895,-0.035740562,0.729433412,2.908000573,11.46257643,65.60224943,0.116049088,0.26716549,0.686763662,0.373081261,0.045701736,0.388397922,6.913102388,0.145404441,1.906748558,0.00014037,2.68873222,0.024907527,1.516040025,4.13E-05
P22,H,93.38928041,0.92245367,114.9827364,-0.003571894,0.002466477,-0.021426485,1.136516404,4.94554094,13.00874686,64.85994952,0.117574037,0.302309425,1.115366152,0.419179537,0.038008845,0.385729901,6.056517839,0.081112469,2.239175242,0.00015108,3.32786748,0.190722762,1.828855159,5.34E-05
P23,A,89.74577033,-0.030275378,98.61933092,0.076908694,-0.000661717,-0.0791527,0.289976668,1.2120748,3.837476722,60.8858935,0.11263755,0.261982171,0.112120715,0.347695179,0.008640415,0.37333052,4.56520319,0.028307397,1.290578913,0.00011797,1.496180664,0.002711098,0.529876441,4.79E-06
P23,B,89.6772827,0.002513615,97.46404198,0.046905932,-0.001874458,-0.045646442,0.241953583,1.867145667,4.193546932,63.31442761,0.116593487,0.259719287,0.068338719,0.255899779,0.012763505,0.245816851,5.41348505,0.04702835,0.917331923,0.00013679,1.10759727,3.68E-05,0.361870121,6.52E-06
P23,C,89.36554093,0.001955268,100.4396416,0.055789438,-0.001464198,-0.077601424,0.355933433,1.892739402,5.71600777,61.5578154,0.117507783,0.297440908,0.068791092,0.268064084,0.014546745,0.379310545,4.868844986,0.052155232,1.173407728,0.00018147,1.09632034,0.000125701,0.134551629,1.03E-05
P23,D,94.17700023,3.381561542,95.68201901,0.026644872,-0.002954067,-0.033689655,0.47313093,1.660134317,7.514303487,62.2921738,0.111992935,0.322908927,0.365675074,0.329153796,0.200493867,0.377625236,11.10206056,0.401995039,1.217640125,0.00027411,1.3000921,1.773191782,0.77169668,3.04E-05
P23,E,88.79664102,0.046794282,93.57694628,0.028531508,0.008872388,-0.036716635,0.441921588,1.284392333,5.043579943,63.00289881,0.114582823,0.306434136,1.116298047,0.32216581,0.366927809,0.374138648,9.9355371,2.385680323,1.232598026,0.00030192,1.19922835,0.191476824,0.637833688,1.58E-05
P23,F,89.26880206,0.150028591,91.47255752,0.034575078,-0.001503149,-0.045571544,0.148513673,1.094789357,2.684712268,59.86629661,0.111481883,0.260760493,0.142990715,0.275111089,0.013899824,0.369242678,7.875137091,0.031475642,1.20938952,0.00017464,1.13188925,0.019124108,1.336520037,3.93E-06
P23,G,82.84128558,0.002206369,97.1373523,0.032194022,-0.002043189,-0.040782669,0.258384745,1.100481883,3.984599217,61.38236277,0.114751965,0.282155303,0.26437266,0.27230779,0.141162669,0.356778162,8.385607481,0.488415342,1.162383102,0.00017495,1.11400349,0.000235255,0.857705036,9.45E-06
P23,H,89.99326319,0.001447113,99.62243576,0.083265404,-1.85E-06,-0.120928873,0.597562302,2.975754585,8.830714515,63.12690877,0.118682037,0.279194298,0.049036846,0.255164013,2.85E-05,0.375153052,3.080022812,0.000103777,1.14393251,5.09E-05,1.04595705,4.58E-05,0.099274468,1.33E-05
P24,A,91.00009301,-0.295011663,90.27520107,0.05881036,0.002560382,-0.034410101,1.906675216,9.685441542,70.55962469,859.5517163,0.116197355,0.323973012,0.392271103,0.371031852,0.074527938,0.327980208,6.364259958,0.20272226,1.081498602,0.00027227,1.62734535,0.195445822,2.466843417,0.13383812
P24,B,91.81759183,0.299620693,120.6171522,0.067454284,0.006479366,-0.077739044,2.319770683,9.542990231,26.30876124,477.6033811,0.135273627,0.343610446,0.061331825,0.262092565,0.034959893,0.303494241,3.894692898,0.058305114,0.877632746,0.00011245,1.26531416,0.013480016,1.3650441,9.53E-05
P24,C,90.61074513,0.130708267,99.13359327,0.155191918,0.000197388,-0.150006175,2.434645289,6.679131658,26.80589524,104.0865082,0.116057515,0.28296687,0.067773743,0.345220943,0.019276786,0.363634702,2.179163694,0.051554529,1.325686694,0.00010814,1.441111035,0.046998407,0.36301828,5.25E-05
P24,D,93.96537156,-11.16583123,97.86218544,0.054564262,0.008218057,-0.062670697,3.405113192,10.370355,93.63889438,666.7496258,0.118425421,0.324463756,0.886828758,0.41539629,0.446177431,0.377195532,5.305562019,1.565181846,1.216154543,0.00024038,1.775799,2.650714415,0.198783978,0.11983708
P24,E,97.34368599,-7.401503027,94.56532055,0.041162643,0.007583316,-0.031582029,2.963300873,10.17963523,68.17538246,498.7810906,0.119276177,0.343723145,3.441715814,0.524578325,0.599910536,0.672407847,9.47305584,3.986467871,3.486064483,0.00092038,4.1880938,2.66508075,4.450088175,0.40817336
P24,F,92.67675177,-0.621593648,95.76135297,0.049188496,0.001529345,-0.054850634,1.811006013,8.449207046,16.19681816,106.230291,0.110210966,0.290829003,0.180722473,0.317845344,0.022285121,0.362314862,6.271368027,0.085836213,1.219447347,0.00016088,1.4005378,0.276654295,1.745065999,0.00010749
P24,G,90.75565038,0.456760151,100.8170129,0.069716683,0.002530403,-0.075791167,1.546352755,5.830609635,19.04986788,118.006864,0.11768381,0.306009112,0.048738425,0.296506186,0.028823079,0.319478083,4.197037458,0.089051933,1.02834263,0.00011203,1.14319946,0.032842886,1.108423633,6.09E-05
P24,H,84.11526045,-4.331031651,106.8715793,0.038448333,0.004043898,-0.054654545,1.952257417,10.44021763,39.97122778,591.1875852,0.124178563,0.326256894,0.966541819,0.399786779,0.163677101,0.514492964,7.309008598,0.594843695,2.294240047,0.00049741,1.67590331,0.52999891,2.183302876,0.0172323
P25,A,91.78358125,0.293252647,93.21015125,0.189070106,0.015378886,-0.13317574,0.90175714,2.943177871,13.90867969,65.94374096,0.120567559,0.331129258,0.094815123,0.387645559,0.033312997,0.323246322,2.031748056,0.049085075,1.226806728,0.00010281,1.63973039,0.0111198,0.297115696,1.51E-05
P25,B,93.17615327,0.399291634,109.838483,0.056916081,0.007128531,-0.052185139,1.041442354,7.585753099,21.83843068,378.7733761,0.134920592,0.355836388,0.23377731,0.29445924,0.041366933,0.380813288,5.328083277,0.060773324,1.001908565,7.69E-05,1.20361857,0.030304807,1.031434173,0.00515821
P25,C,93.13301123,0.152694961,98.4175463,0.120009548,0.015519583,-0.137139012,0.403570685,1.925755104,5.930142312,64.77121405,0.121289185,0.297617407,0.026582265,0.293095697,0.046284036,0.342420471,2.476014853,0.079922533,1.119635915,5.03E-05,1.1161135,0.013457918,0.030573212,5.63E-06
P25,D,91.73240122,8.260775764,116.5004471,0.080697938,-0.022411615,-0.077240196,1.780053566,5.765300783,21.34260321,66.16891031,0.135288598,0.340946331,0.180909693,0.277369481,0.098623565,0.339727609,3.386697292,0.339226912,1.024674173,0.00011071,1.05638812,0.306551679,0.788250198,6.11E-05
P25,E,87.37326426,-1.389458058,124.121487,0.065615999,0.008009229,-0.071579021,2.963148201,9.693255776,39.55874303,518.6402521,0.133176978,0.331290145,0.374831252,0.313654722,0.1667999,0.325371021,4.322594166,0.608209106,0.970253168,0.00018319,1.23634591,0.948960981,1.189353717,0.00021406
P25,F,92.01900183,0.127127437,93.26870807,0.06354912,0.006574504,-0.078658189,0.863849015,4.8264,13.00714449,66.80175177,0.117406009,0.281362311,0.040905718,0.271222292,0.039185114,0.334565222,4.227174282,0.074076894,1.097175626,0.00011436,1.11362825,0.01630727,0.475816466,3.25E-05
P25,G,91.45278349,0.291834594,112.0013875,0.048747247,0.003761422,-0.056568463,0.459841582,1.858176925,6.352638597,66.57331584,0.134387166,0.344441608,0.128799795,0.297672843,0.023370454,0.344081972,5.759992599,0.034260961,0.994949921,0.00012151,1.27982519,0.009898336,1.226261109,1.66E-05
P25,H,90.71918709,1.225307517,122.8826449,0.090392486,0.001767258,-0.091386714,1.501265739,4.814089696,20.84339821,116.0204436,0.133425634,0.323038666,0.088431968,0.316084235,0.041321205,0.340270019,3.465269327,0.150738874,1.045036127,0.00025998,1.35676151,0.09319945,1.090792501,4.95E-05
P26,A,90.55184649,0.002832143,116.0628314,0.049216887,0.002422239,-0.06839144,1.147377567,3.789905982,12.75005368,65.63870214,0.118706057,0.308138348,0.320903805,0.359510744,0.018004056,0.407249549,5.873069525,0.033746012,1.276156969,0.00011438,1.690300096,0.000262661,1.86616486,5.70E-05
P26,B,89.49786818,0.00102663,103.6605042,0.028540227,-0.000853412,-0.027346844,0.227673414,2.119724165,3.534180395,66.74595383,0.1206831,0.265751282,0.14018576,0.270708801,0.009292662,0.257987154,8.868609428,0.018436128,0.9605064,0.00015694,1.18880874,5.81E-05,0.0104579,1.13E-05
P26,C,91.77763386,0.003322667,112.2251966,0.090805661,0.004319308,-0.079533903,0.886190042,3.734121771,12.75859577,120.1667156,0.124287298,0.306351861,0.08910264,0.347828492,0.035387568,0.326248698,3.596786499,0.078381624,1.086205364,7.69E-05,1.552714795,0.000163642,1.196983786,2.69E-05
P26,D,60.17215223,-10.2872013,108.9311787,0.009448878,-0.00299467,-0.012948402,1.886904381,9.873989893,22.18858005,507.2408214,0.122186761,0.359422102,2.367160949,0.466454014,0.459425092,0.45312408,29.20131087,1.472601007,1.182474463,0.00069732,1.67627411,6.925570088,5.851326702,0.00069538
P26,E,76.92457194,-13.56789489,113.0782062,0.021730965,0.0007046,-0.02261808,1.539124416,9.814018028,18.40338983,545.7471043,0.125191061,0.352985718,0.726073484,0.350703046,0.361601935,0.316583295,13.31117511,2.213132282,0.961751491,0.00029681,1.52846001,5.697505446,0.59735627,0.00018714
P26,F,89.99079079,0.003500224,108.8850006,0.023085587,-2.14E-06,-0.02123728,0.170132012,0.564503717,0.395274117,3.514103976,0.114656913,0.299039853,0.70051883,0.385143217,6.02E-05,0.387416107,13.67274141,0.000224085,1.116644061,6.44E-05,1.19361309,2.99E-05,0.003965378,0
P26,G,89.76109548,0.005476162,123.7327592,0.03929933,-0.000202638,-0.047544936,0.368019466,1.161450279,4.396257026,61.59179538,0.117473961,0.362525296,0.192309253,0.360977614,0.010471874,0.328318195,6.885729551,0.029525058,0.986342296,0.00010203,1.21112018,0.005171299,1.15254042,9.32E-06
P26,H,88.96750813,-0.368854378,107.0604315,0.133403474,0.010679656,-0.107271932,1.909108955,9.718838581,41.11020058,552.5080697,0.114519469,0.284694156,0.456707887,0.397202693,0.098199903,0.392773549,2.957719326,0.438920336,1.276956713,25.427249,1.76756479,0.17555368,0.54520773,0.00010267
P27,A,91.35084928,1.467952381,86.21625298,0.052525166,0.000140249,-0.02082769,1.447232725,9.98160324,20.19867468,650.8869057,0.114356442,0.356220326,0.581532721,0.387648337,0.0250273,0.409545784,7.497225285,0.096439109,1.483750054,0.00013838,2.094999712,0.222817403,1.239690434,0.00012342
P27,B,89.70300311,0.211992701,94.09576354,0.046572626,-0.001371774,-0.042399353,0.145614032,1.087941492,2.973903063,65.32992267,0.127724021,0.33066386,0.107400714,0.290058431,0.009176232,0.294073535,6.288664103,0.023082104,1.002394791,0.00014554,1.00512042,0.011244517,0.150008639,5.53E-06
P27,C,89.90197813,0.066259028,107.8121368,0.068646911,-0.001460138,-0.072112834,1.464374456,7.47326897,14.3582447,125.8365594,0.128038461,0.345461863,0.044823794,0.293302052,0.009025629,0.320531876,4.354746342,0.020598096,0.946522555,0.00011001,1.1287438,0.003486086,0.84086685,6.10E-05
P27,D,91.82123184,-8.612922809,118.879426,0.024772406,-0.000938602,-0.026674107,1.301440224,5.794402652,15.61708819,93.8001485,0.113013449,0.423571919,0.950453851,0.365675599,0.06639775,0.740192508,11.70031977,0.207384635,1.943541936,0.00021632,1.87588331,0.426177162,2.190206613,0.00014117
P27,E,79.52275949,-23.67694586,102.3118856,0.031386306,-0.001807352,-0.030894548,3.180346778,10.45550633,41.20906913,519.704276,0.128108347,0.383663892,2.347703431,0.319168916,0.638699637,0.679345636,9.447983742,2.219773632,1.265265832,0.00046723,2.41704979,3.143787165,1.163670019,0.09749059
P27,F,27.84989699,-41.47619529,-29.29133442,0.026091276,0.000424841,-0.029771619,1.530829975,10.15587046,14.08350181,464.0775044,0.131769413,0.438433678,0.732987598,0.302682032,0.04925339,0.650690542,10.39679384,0.228825037,1.733355245,0.00029642,1.19253829,1.686051692,1.243896229,0.00013174
P27,G,89.70843291,-0.425477362,108.8004895,0.032071496,-0.000492575,-0.035231668,0.268291791,2.122130007,5.113475191,63.34536528,0.13473988,0.3739171,0.179611704,0.277226442,0.009136416,0.366888054,8.582798243,0.020037337,0.929836233,0.0002127,1.06478562,0.014906417,0.823976428,1.43E-05
P27,H,90.50615411,-3.450749893,122.1658187,0.046304132,0.000314846,-0.052693151,3.342154586,10.63515904,74.46386419,471.7457264,0.137554951,0.327222714,1.178979149,0.290100889,0.454474618,0.363935138,5.771688938,1.683585565,1.411816705,0.00050186,1.71731837,1.54494718,1.01758813,0.14578156
P28,A,89.46727238,0.637845352,126.0629795,0.087093657,-0.006449455,-0.090286925,2.644857744,9.643315881,34.07957739,511.672049,0.125062754,0.321919686,0.08552437,0.337301665,0.023202312,0.331805232,3.361457825,0.032274153,1.112424661,0.00016695,1.55070732,0.092057674,1.535884016,0.00078666
P28,B,88.28263991,-1.52824766,96.27603425,0.077137718,-0.002547,-0.05862418,0.52824842,2.818162048,7.215877203,64.12563325,0.119418802,0.311956845,0.201990841,0.377374373,0.017859236,0.293455447,4.645219088,0.059682731,1.084974476,0.00013634,1.46694664,0.080844659,0.788036942,1.47E-05
P28,C,90.39991553,-0.114727267,117.052173,0.081381673,0.002106491,-0.100738369,0.54172409,2.98606142,9.602245039,64.81564853,0.13500022,0.317159843,0.010106664,0.269178908,0.012244639,0.331175717,3.307669401,0.026337313,0.938041574,8.43E-05,1.04696559,0.00564772,0.623470635,1.42E-05
P28,D,41.03147348,-45.44054208,87.8358923,0.03827246,-0.031449782,0.022871302,1.427983728,10.21502076,15.63680624,472.2160486,0.084069071,0.257692836,1.097075677,0.471741755,0.437028196,0.387854162,7.734876871,1.320781441,1.674965388,0.00016616,2.05826184,1.646842695,0.312815055,9.96E-05
P28,E,84.2045677,-6.726924427,119.8665257,0.028228099,0.005194697,-0.030976432,0.818199473,3.468816925,9.90237018,65.27664755,0.130635828,0.312921818,2.334741235,0.365056581,0.500805857,0.382743008,9.859050512,2.310852855,2.018985941,0.00041637,4.22091991,1.168283621,4.962693056,4.03E-05
P28,F,89.00080267,-3.636811625,139.6295334,0.039566924,-0.002346766,-0.050538674,1.78862488,7.79609708,18.15221462,106.8578721,0.106701078,0.358245356,0.56567853,0.320048862,0.020663424,0.527907975,6.660697937,0.082038122,1.278896883,0.00014861,1.95320739,0.266110183,2.837094695,0.00010927
P28,G,86.793858,-2.658124055,110.6999523,0.059180908,-0.001572846,-0.056124751,0.257017787,1.188411283,4.328685971,60.13129785,0.133346114,0.335866736,0.106766614,0.327642818,0.024068581,0.324068287,5.4754529,0.064232758,1.026473066,9.13E-05,1.33198855,0.069068012,0.929108127,6.94E-06
P28,H,90.03318336,-0.536885844,129.0992672,0.108829162,0.000485841,-0.115145726,1.77233413,9.537039565,17.5790416,107.5046799,0.131046906,0.316996956,0.109318265,0.323087907,0.02228943,0.36048768,2.972788811,0.07434794,1.082575742,0.00025429,1.551934758,0.025975373,1.458849087,4.58E-05
P29,A,81.23451952,0.067559699,64.96604073,0.059340899,-0.004759338,-0.056012465,0.809984468,4.797214811,9.260237134,63.08260536,0.088982294,0.278394614,0.332915151,0.380153485,0.16924854,0.402404203,6.409816504,0.42771325,1.383844237,9.89E-05,1.79623855,0.005437206,1.816714544,3.34E-05
P29,B,82.40798839,0.446863424,92.77996441,0.036891019,-0.011414427,-0.038358995,0.299212788,1.862001843,5.335592493,63.52329223,0.111813952,0.261153527,0.130632023,0.328887158,0.134391259,0.360108834,8.843194246,0.274763074,1.260211554,0.00019335,1.37092152,0.024773565,0.408854932,1.80E-05
P29,C,88.77784949,0.001465999,97.82201562,0.041737486,-0.00405267,-0.054311298,0.439362358,2.123814229,7.426241011,61.13377823,0.117206576,0.276966052,0.116431677,0.268382829,0.026261931,0.366063071,6.425683498,0.036212622,1.149039737,0.00015832,1.0464665,0.000132988,0.727871751,1.98E-05
P29,D,93.1054754,1.736232443,90.69176758,0.021661645,-0.002762178,-0.026690411,0.654087939,3.723615752,9.687868215,64.34990292,0.113059815,0.295691677,0.532837692,0.275764055,0.256475252,0.362057042,12.74642134,0.638409195,1.188649952,0.00032433,1.08609969,1.205222128,1.338386592,6.18E-05
P29,E,90.11525951,0.018237035,111.9224253,0.020570826,0.000473922,-0.022432419,0.31335001,1.884176559,3.246973229,61.05241492,0.124030973,0.303032947,0.722286702,0.365921664,0.037454853,0.381463875,13.73407078,0.111983179,1.529583377,0.00025115,1.468734363,0.020339348,1.623486467,1.60E-05
P29,F,89.92033047,-0.001694483,72.29845537,0.019039875,-0.000737456,-0.019651705,0.524567234,3.726641559,5.631555034,60.72533509,0.112282242,0.359891391,0.550562593,0.50771559,0.015794728,0.317726245,15.71796107,0.046865139,1.100216258,0.00027267,1.663904749,0.000324906,1.899142656,5.91E-05
P29,G,89.23434858,0.00063023,99.12360011,0.022985487,-0.00218141,-0.031160634,0.157331446,1.076193042,2.165702766,60.64318706,0.115457201,0.287190832,0.203786742,0.264279033,0.024827635,0.371579292,11.44207096,0.048873125,1.17296002,0.00018095,1.04434351,0.000155968,0.963937747,3.72E-06
P29,H,89.33332928,-0.000186769,95.85423517,0.07394794,-0.007599116,-0.086339127,0.638133083,3.062616731,9.864592772,65.36705569,0.113794351,0.339119406,0.138794975,0.303445795,0.03091482,0.367150057,4.169175386,0.040978097,1.239535053,6.11E-05,1.25448946,0.000154058,0.193943715,1.81E-05
P2,A,92.41964894,0.012494232,85.89397998,0.159372376,0.034792168,-0.033403217,3.541723263,9.538661063,51.25420127,489.7029926,0.128239027,0.36236303,0.125094239,0.251226229,0.047412156,0.061336218,1.215321064,0.070359118,0.720580317,6.26E-05,1.2120632,5.75E-05,0.252418601,5.03E-05
P2,B,90.53571246,0.009395386,91.0568379,0.059323914,0.001222641,-0.009457308,0.279755961,2.645756041,5.349569232,64.34089219,0.133638716,0.381151548,0.013079155,0.281303236,0.00761519,0.051347179,4.517155647,0.012616459,0.566859797,9.27E-05,0.94513188,0.000123571,0.388646483,9.32E-06
P2,C,90.99256405,-0.09850273,87.23487647,0.11920718,0.006878017,-0.011676698,0.186484821,1.113307129,4.086523755,64.11061619,0.127445325,0.381469716,0.008462132,0.343111723,0.022574901,0.03952059,2.838988781,0.030686525,0.702617814,4.88E-05,1.28701894,0.006182262,0.52969661,3.99E-06
P2,D,94.1511345,-6.293689638,81.79877156,0.049151944,0.001824216,-0.004829558,2.915067495,9.712620969,75.48314132,629.4668531,0.125658251,0.386321887,0.45449038,0.326997971,0.232375395,0.086119965,6.466398001,0.590499842,0.693590936,0.00029754,1.18792565,1.168105468,0.648078152,0.21560611
P2,E,106.2021498,2.655819282,86.60321038,0.064164042,0.005969942,-0.011198282,4.053970626,9.696041895,59.99233854,540.6315074,0.129253524,0.394725486,0.202492722,0.331387922,0.160699182,0.1137957,5.192450047,0.397999854,0.701714025,0.00011475,1.18851979,0.55277321,0.468942621,1.40243806
P2,F,90.52175018,-0.032274005,89.53521913,0.077578602,0.002507097,-0.053138882,1.591466181,7.685183284,18.41307652,100.5033955,0.117765254,0.32288182,0.082069808,0.323401351,0.009624484,0.227548761,4.200867653,0.017786445,0.992341206,0.0001601,1.17078872,0.004834703,1.003336688,6.76E-05
P2,G,91.06477106,1.546797547,86.22428306,0.041882665,0.000238562,-0.006570573,1.477630508,10.18336113,32.54961778,480.167992,0.128953854,0.384571716,0.13060491,0.336404019,0.048296406,0.05653212,7.80042243,0.1446359,0.742623494,0.00017832,1.19675083,0.452476528,0.337457527,0.04372795
P2,H,93.64602288,-0.433642183,82.00845159,0.074326263,0.035904826,-0.004612208,1.884178481,9.546768202,35.7873921,456.4515472,0.120020892,0.357791238,0.464723846,0.367958486,0.318777637,0.063008721,4.732845545,0.614155073,0.828338165,25.98878689,1.40830005,0.340928611,0.427765064,0.00017996
P30,A,90.24050213,0.286440303,95.63175923,0.087951317,-0.001775989,-0.067042863,1.114526965,3.769709221,16.51523251,103.7754698,0.104929747,0.272173126,0.249900106,0.375392798,0.020406571,0.373523783,4.316014528,0.060145705,1.33770042,0.00011316,1.76539883,0.014691024,0.459842041,4.10E-05
P30,B,89.47443295,0.0013038,105.0580556,0.048244514,-0.002299726,-0.063445894,0.819386653,4.77980753,10.29510975,114.7177341,0.120787543,0.286962695,0.167265604,0.277574352,0.013193268,0.372973445,5.66017127,0.019910922,1.123047347,0.00010982,1.089663,0.000147452,0.260925196,3.90E-05
P30,C,90.00098762,-0.000468885,100.084513,0.080683297,5.24E-06,-0.093082128,0.788782687,2.91230495,10.44655401,62.41012725,0.119757202,0.339246039,0.040816104,0.306284766,4.06E-05,0.365277339,3.791661739,0.000171122,1.164595789,6.94E-05,1.21810536,0.000150306,0.102508799,2.58E-05
P30,D,85.99799209,-0.461032127,104.1256224,0.031036926,-0.001438175,-0.034638198,1.2888468,8.326498326,16.73733973,123.4341147,0.115825414,0.32674924,0.215173689,0.350299633,0.092678408,0.373863587,10.4644599,0.146849625,1.199385006,0.0002446,1.53057272,0.856636973,0.337809376,0.0001275
P30,E,92.69358847,2.178304997,95.83840907,0.039565876,0.000941931,-0.035956334,2.615339407,9.631387678,34.83346062,490.2699574,0.118945875,0.31888241,0.89390792,0.33345982,0.209564942,0.393702631,8.421699524,1.180158531,1.151249711,0.00020771,1.61964749,2.09160809,0.677756727,0.00032657
P30,F,89.76019219,-7.11E-05,101.4499669,0.058425752,-0.002371807,-0.080437786,0.793091361,2.120018455,12.75316102,119.55164,0.114356213,0.2895919,0.156518063,0.287664638,0.012804705,0.374119458,4.747181177,0.017229261,1.144794839,0.00010107,1.1439241,0.000176163,1.123382738,2.92E-05
P30,G,89.25427836,0.00157063,109.1514459,0.046990965,-0.003552793,-0.022296537,0.335308496,1.890118714,6.531707848,61.36568497,0.11976217,0.255513688,0.152036936,0.345140823,0.025145303,0.147760119,6.749697447,0.032402723,0.705658858,0.00011212,1.473144074,7.13E-05,0.811025494,1.52E-05
P30,H,85.4178739,-0.000958463,95.47776078,0.095148517,0.005700731,-0.08321434,0.675925682,2.173084139,8.686857771,64.44483365,0.113090571,0.306487708,0.258108166,0.355108793,0.166148361,0.336443337,3.741933346,0.388578187,1.275597795,0.00012714,1.550413013,0.000211988,0.200527772,1.61E-05
P31,A,90.11757709,-0.006551435,85.99429128,0.0691946,-0.002045561,-0.061912485,0.429126419,0.872368273,1.527847261,24.57782345,0.103822811,0.310826668,0.67466305,0.382749708,0.023956512,0.326169802,5.045120716,0.045324858,1.353630712,6.30E-05,1.747995342,0.000132442,0.08902348,0
P31,B,89.63172088,0.226399777,78.40853857,0.019802509,-0.000850985,-0.019223282,0.135117488,1.060724251,1.127132118,60.46238461,0.121854147,0.34846335,0.682636794,0.310753018,0.024896601,0.41655444,14.86819458,0.088487036,1.119161303,0.00024518,1.2943435,0.005855301,0.030352689,2.19E-06
P31,C,89.79470328,-0.006217114,100.8842284,0.079301934,-0.00169641,-0.069969627,0.234743748,0.476720742,0.82728839,6.273483669,0.119707911,0.316450152,0.123470296,0.320034623,0.007202704,0.303888982,3.961051226,0.00929308,1.113681765,6.35E-05,1.20168966,6.18E-05,5.03E-05,0
P31,D,88.40659784,2.126884057,93.94706641,0.01437982,-0.001331515,-0.016425121,0.205655876,1.243679349,2.112732805,64.88840868,0.123100453,0.35380565,0.719357907,0.282081755,0.217534578,0.41466813,19.47519922,0.751548674,1.143065033,0.00041119,1.26112576,0.200095664,2.022493893,8.09E-06
P31,E,88.32309944,0.236952679,82.51049596,0.01826048,0.003419169,-0.016627762,0.647440591,3.884379237,5.026729336,61.71615579,0.119294966,0.350971961,3.788922756,0.38840535,0.898013568,0.533306854,17.28644848,3.962828382,2.426180602,0.000429,2.60651038,0.031822893,1.632311604,3.65E-05
P31,F,89.99678651,-0.005955235,99.91764457,0.011063167,-1.01E-06,-0.011515581,0.089617251,1.143411984,1.211377278,62.37318744,0.116019663,0.340259403,0.304953322,0.312407455,5.22E-05,0.304699227,26.50812149,0.000813684,1.275123778,0.00011099,1.24779681,0.000236293,0.216438683,7.44E-06
P31,G,95.40599786,0.610362705,95.63276316,0.023489525,-0.001458804,-0.018346143,0.233042147,0.531402941,0.94662688,10.94281622,0.119300325,0.326200663,1.668439028,0.401827625,0.654707463,0.326365983,15.01335144,2.348310829,1.248739704,0.0003171,1.52479952,0.042245602,0.000213024,6.30E-07
P31,H,87.84281875,-0.005985669,99.72926373,0.029680644,0.000294562,-0.021006405,0.46222961,1.188253136,3.072522454,63.18650375,0.113968825,0.316965644,2.120520919,0.450501522,0.60802395,0.379334639,12.0092783,3.009493915,1.664715152,0.00038753,1.789426176,0.000417118,0.325895218,8.00E-06
P3,A,88.65817716,0.001758736,74.92935515,0.179834862,-0.015435049,0.025750307,2.276503016,9.54104527,32.09758084,471.1016807,0.121717729,0.390109673,0.03261528,0.305690566,0.027012953,0.043321565,1.678063869,0.035574628,0.634481851,4.66E-05,1.15961117,4.74E-05,0.122025774,3.89E-05
P3,B,89.48426571,-0.009260675,89.09497033,0.042442331,-0.001949683,-0.024230418,0.691824262,5.82015295,7.762301431,108.2373273,0.118180877,0.351259353,0.049886436,0.339447747,0.015523854,0.197269591,8.149719954,0.01963201,0.989179885,0.000122,1.25183193,7.30E-05,0.000186288,6.38E-05
P3,C,90.02218749,-0.007929419,99.99214287,0.093052918,-0.000247983,-0.099402046,0.28830202,1.09785906,4.863454155,63.72387246,0.118443553,0.276624283,0.024086829,0.314078398,0.002146747,0.347555741,3.332084179,0.004448276,1.162583154,4.36E-05,1.344817255,4.31E-05,0.203882026,5.84E-06
P3,D,93.96308778,-2.584209652,73.42246191,0.067321942,0.025120903,-0.063155523,2.516026142,9.583141823,33.8014294,508.8315234,0.120862616,0.374731207,2.282165061,0.36893188,0.666232764,0.652317059,5.222016096,3.13122688,1.664750646,0.00028252,1.72959047,0.290647818,0.155080049,0.0001458
P3,E,94.45445831,-1.687670208,73.47386258,0.048620407,-0.006207662,-0.043290355,2.401138496,9.8527855,27.58059945,477.170387,0.108784064,0.356837596,4.682718969,0.390622548,0.676442435,0.818558134,7.70599556,4.682005953,3.557528323,0.00045365,2.48753603,0.552625871,0.83414028,0.00016275
P3,F,99.79015876,4.295401736,102.7160776,0.044641771,0.017833478,-0.054660527,0.873457051,2.67044033,13.71906229,110.2798242,0.121719595,0.364261961,0.679249143,0.240956412,0.182264895,0.273322815,5.03436923,1.670357556,0.861952593,0.26295411,0.77478307,0.287081294,0.023482658,3.17E-05
P3,G,116.2437379,1.932138011,74.61633783,0.036169368,0.009022019,-0.028954963,0.467674397,7.424044519,5.870993971,265.4154244,0.119033112,0.390909304,0.887846542,0.519861928,0.297792519,0.552229169,8.870667219,1.495711134,1.825485949,0.00016086,1.23789219,0.051816697,0.236167414,7.22E-05
P3,H,92.56532436,0.73806543,82.27754376,0.070752984,0.001867078,-0.020233606,1.035021177,2.523948773,12.11492749,62.75624935,0.118228832,0.412604664,1.367983952,0.453067023,0.621837732,0.213323362,4.633788109,2.716159899,1.181641806,12.56693284,1.34952919,0.46478139,0.083059596,2.37E-05
P4,A,90.60680391,-0.001854207,102.1811633,0.163257507,0.012654389,-0.236188853,1.320040795,3.739406127,17.38432519,60.53997361,0.116460851,0.29199868,0.141156873,0.287379776,0.030553118,0.372233371,1.551436424,0.066016133,1.172211881,0.00010152,1.25786425,6.56E-05,0.152758844,1.33E-05
P4,B,91.42978529,-0.00139027,108.5817838,0.011263431,0.002112485,-0.011391081,0.27099239,1.125632703,4.374425919,65.07391468,0.122172781,0.278810683,0.761875708,0.292976502,0.038361932,0.378242885,13.96394372,0.058723114,1.715690388,0.0001963,1.67543729,9.42E-05,0.000401806,2.17E-05
P4,C,93.74488654,-0.001190365,99.64221076,0.066749327,0.014605874,-0.061244876,0.289867238,1.925835224,3.694809148,64.84011572,0.123679951,0.29236929,0.02029102,0.254219532,0.055157601,0.23506774,3.849364758,0.076613286,0.861797917,4.34E-05,0.9795551,2.95E-05,0.000125434,6.51E-06
P4,D,90.38432239,-0.000717593,114.4365032,0.099750639,0.004521218,-0.062689045,0.356016092,1.219237568,1.795408284,62.90298924,0.122309467,0.26354185,0.135099745,0.268366729,0.011630682,0.175910742,2.525736094,0.016149594,0.688780539,3.76E-05,1.02247516,2.00E-05,0.000105395,9.30E-07
P4,E,83.34926125,-0.001153588,108.2949384,0.03212363,0.003698198,-0.044997373,0.389737919,2.156425197,4.147349722,66.3554076,0.120791059,0.290348574,0.592387971,0.291256236,0.305320127,0.377904853,8.020633698,1.059999543,1.105056405,0.00015554,0.9792164,0.000209492,0.000139282,1.24E-05
P4,F,94.3457509,-0.001659136,90.69473528,0.023697217,0.004506144,-0.035212552,0.707306843,6.623949333,9.815877162,129.9458632,0.126184559,0.317121547,0.221243259,0.271842544,0.073515949,0.365619352,10.18918347,0.136112185,1.12300771,0.00027578,0.93311388,0.00026142,0.766918225,6.36E-05
P4,G,95.52952666,-0.060779223,114.1965098,0.021481653,0.001335141,-0.028932663,1.21699697,9.556255418,18.08977407,481.774327,0.058221865,0.310021599,0.776794192,0.413154036,0.150438763,0.525527715,10.35797763,0.325341994,1.852980599,0.00017273,3.42433807,0.000228106,2.571587811,0.00216516
P4,H,92.89815117,-0.001738682,104.2593201,0.045341403,0.009502027,-0.074513781,1.523187887,9.705687423,25.44459856,459.7548621,0.127137788,0.312730486,0.515837276,0.233883316,0.049648034,0.516544435,5.18379879,0.197781789,1.091571675,0.00046526,1.91192539,0.000234612,0.104916563,8.56E-05
P5,A,92.85904231,0.007440557,99.97571241,0.118974899,0.026997278,-0.068460751,0.523729461,1.156859084,5.770797471,62.4429408,0.114717492,0.288958062,0.255668075,0.381313287,0.086125866,0.377527703,3.215250731,0.102104976,1.211036387,8.87E-05,1.657899543,4.85E-05,0.136393261,7.45E-06
P5,C,93.24610911,0.007450683,97.68542901,0.099262729,0.023368047,-0.117887262,0.195393179,1.087162387,3.129337027,63.43441633,0.123435157,0.330121,0.017404439,0.273082004,0.064704094,0.325122358,2.763525724,0.088067541,1.04847894,7.96E-05,1.00768209,3.52E-05,0.027233222,2.79E-06
P5,D,91.2481885,0.006850481,120.7339815,0.068006956,0.016335524,-0.114940101,1.574058855,9.547417428,29.94484109,493.7962848,0.110377554,0.32482253,0.321548856,0.350206692,0.056488775,0.387071006,3.361158848,0.082024296,1.087108873,0.00015767,1.26479727,7.04E-05,0.040223917,5.57E-05
P5,E,112.0934345,-0.003257154,87.2377978,0.039344001,0.012784487,-0.038300255,0.399441365,6.236960899,3.745659506,60.20733274,0.111404793,0.270312437,0.896149535,0.322622402,0.375938465,0.630604375,8.198675632,0.812353876,1.335850113,0.00013548,1.336153981,9.99E-05,0.179978356,1.81E-05
P5,F,109.9605401,0.009192157,94.42025203,0.074474679,0.03241222,-0.091381697,0.34208757,1.280183907,2.267817765,61.93891966,0.121434528,0.312574839,0.387914524,0.28935504,0.357611566,0.363084039,3.836488485,1.046906735,1.189213305,0.00015133,1.1953098,8.28E-05,0.000137087,1.88E-06
P5,G,95.37519772,-0.004394977,93.64112421,0.077486499,0.022368318,-0.080042611,0.194796296,1.071108649,2.941170692,62.94786297,0.123744325,0.340692166,0.035104713,0.281705893,0.087921502,0.294696035,3.635298014,0.141309459,1.018647403,6.65E-05,1.02634366,4.47E-05,0.000134557,2.79E-06
P5,H,92.47474936,0.274715027,103.7481074,0.064963615,0.012840565,-0.073760856,1.000344096,4.83435641,21.56558622,130.3277835,0.121761199,0.308525769,0.291112918,0.299428312,0.070666298,0.391071785,4.630408764,0.134117325,1.175403706,12.59028261,1.20952628,0.000345324,0.044145154,4.50E-05
P6,C,91.15551585,-0.001935925,87.56465078,0.093642527,0.00877649,-0.09141198,0.518985902,1.864481728,8.731186485,124.3384064,0.115028287,0.287204202,0.067135659,0.305719193,0.028705279,0.315109216,3.253656626,0.037650421,1.116673173,5.67E-05,1.27683128,9.42E-05,0.00120808,1.40E-05
P6,D,98.08237732,18.36399182,97.36094773,0.045141138,-0.008241322,-0.060980872,2.764239144,9.674649051,87.08666849,781.7760956,0.115158043,0.28493526,0.707076316,0.365530869,0.368156842,0.370073003,5.848820448,0.978852066,1.216402791,0.00028913,1.4446629,1.108080811,0.28112341,0.10703503
P6,G,90.25217253,-0.005081886,97.10877827,0.071082724,0.002703164,-0.060131232,0.975971514,5.830609102,10.83935918,68.84197959,0.109659172,0.283800484,0.144951347,0.375024457,0.015015421,0.327187346,5.271612406,0.018911107,1.277985296,25.13285414,1.708880687,0.000126766,1.119043052,4.21E-05
P6,H,89.52020196,1.519299001,100.1672456,0.059149312,0.003260508,-0.076981604,1.572877809,8.803704373,18.60646596,119.8592349,0.121996826,0.355111269,0.742813523,0.249789644,0.157139246,0.437144651,4.050179005,1.083113061,1.063760411,56.62950562,1.44007481,0.316892881,0.17279799,5.19E-05
P7,A,93.37102365,0.179892945,96.75503531,0.097172068,0.011962139,-0.106668197,1.854812131,9.54144435,25.21802417,469.9225401,0.117737086,0.295553758,0.111109373,0.343642982,0.048309356,0.364500853,3.468547344,0.085175354,1.234100353,0.00015425,1.43304699,0.013445759,0.837403231,7.50E-05
P7,B,91.44319534,-0.001725239,99.99440224,0.080503404,0.010294691,-0.097239381,0.656997816,4.758037536,8.192074274,64.52814086,0.123530484,0.308442215,0.011788937,0.287369215,0.037069368,0.350072857,3.566918135,0.04957794,1.095426104,9.32E-05,1.09884636,0.000124103,0.136904391,1.99E-05
P7,C,95.95306068,1.185709443,119.0082504,0.124270529,0.031729578,-0.146366395,1.052789086,3.702871797,13.56334454,59.51746844,0.133280203,0.351535696,0.016925421,0.279684273,0.073704514,0.336375469,2.243033886,0.098530048,0.952888457,0.00011876,1.16382777,0.036805998,0.964081288,1.76E-05
P7,D,105.194896,8.917515429,104.7487522,-0.003206556,-0.000363274,-0.013816433,0.65549915,8.378997372,8.816296562,125.7369864,0.121269277,0.312917989,0.928839282,0.323182427,0.107833014,0.384003348,11.22141933,0.595685003,1.99994565,0.00031493,2.43903452,1.365813763,0.836643093,5.68E-05
P7,E,90.22036032,0.885538906,95.95279881,0.056998408,0.00686015,-0.066880458,3.733116647,9.982398768,76.57348927,501.631071,0.117440409,0.304976757,0.338776441,0.299176253,0.214363648,0.368244336,5.538336754,0.971654069,1.150190972,0.00693526,1.42669213,1.048884202,1.151336067,0.03594485
P7,F,98.14287319,2.326949764,100.5632508,0.09858195,0.016847237,-0.117262839,1.052392442,8.485332529,12.43090842,95.62737065,0.120667838,0.312345315,0.072456144,0.303899889,0.058284959,0.364398149,3.084240198,0.055620235,1.116518934,0.00017279,1.19058188,0.251331226,0.991239752,2.49E-05
P7,G,92.32008204,0.537150769,102.4569484,0.08316197,0.008929606,-0.093756474,0.9161798,4.78550472,11.07585406,60.29386161,0.120452234,0.310797937,0.053409181,0.328221361,0.037137697,0.374558573,3.951260805,0.048645288,1.192356099,0.00015209,1.34140068,0.047567234,0.552333949,3.14E-05
P7,H,92.45064317,0.12230459,94.94605148,0.142969681,0.01317239,-0.146178724,1.305508494,8.487823507,15.91027847,112.6101668,0.110578469,0.26656996,0.071198023,0.366840349,0.0333583,0.374889816,2.527024508,0.03425253,1.354451097,8.84E-05,1.65825133,0.006267213,0.74713286,2.77E-05
P8,A,91.3506236,0.005934932,98.62820973,0.015780731,0.005548692,-0.018223771,0.508825338,2.935117712,4.572371986,113.8564255,0.122046003,0.308987861,1.331196816,0.324449072,0.145779062,0.445158612,6.512678623,0.39403703,1.960972305,0.00039365,2.36667111,0.000204531,0.111543574,7.58E-06
P8,B,80.6684479,-0.599236017,95.49455842,0.035269666,-0.002385929,-0.026072872,0.287846228,2.119727632,3.582162018,63.96177365,0.121067263,0.335730342,0.480722636,0.322560017,0.13710248,0.379120502,9.220123768,0.531605092,1.171966117,0.00014778,1.21095319,0.031310899,0.133331368,1.18E-05
P8,C,92.45418337,0.074405447,103.6973891,0.08372621,0.019709525,-0.030014378,0.611837131,2.707415473,10.38161527,64.83893329,0.125766973,0.264938904,0.041507441,0.177071201,0.04661155,0.073656626,2.07466507,0.075809003,0.393763156,25.13857461,0.7294558,0.00577249,0.047622371,1.09E-05
P8,D,82.76729479,-0.83651364,97.97579735,0.030945635,0.008897052,-0.046560204,0.987039771,6.039073623,9.537932179,99.43373657,0.124481998,0.359716484,1.738661145,0.34948358,0.320414146,0.696435943,7.442134619,0.887414591,2.317829562,0.0002136,2.19011554,0.059385287,0.747090888,4.73E-05
P8,E,97.9085712,-2.452882291,103.8354544,0.021222932,0.004448676,-0.015925731,2.103549546,9.922528968,26.10952958,542.849979,0.133169223,0.374591958,1.764188799,0.34175437,0.411604384,0.701552373,15.67313719,1.434460485,1.287737501,0.00038702,1.48209384,0.940214668,2.472535296,1.58969378
P8,F,71.44281718,-5.209143426,88.21838464,0.014757082,0.002594344,-0.022969982,0.921400824,7.517873517,10.89737331,104.0248959,0.119012211,0.377545204,0.89834021,0.273554251,0.252551141,0.539908461,15.98009491,0.622781705,1.186676179,0.00034967,1.44135709,0.684441471,1.616454428,0.00012116
P8,G,86.21981443,0.005447288,104.7327638,0.017654592,0.002975635,-0.026505525,0.697628207,9.528640356,9.938999446,434.3208364,0.119174746,0.340310782,0.593856946,0.264664236,0.245596501,0.378344255,14.08519292,1.18378999,1.094729895,0.00039176,0.98445006,0.000235924,0.000236954,0.00012436
P8,H,90.00051158,1.279722005,104.0368771,0.06869223,0.017083886,-0.099430738,1.337237156,5.911823415,20.20735265,124.0648993,0.124385765,0.290104561,0.508881707,0.280251171,0.193680285,0.37038285,3.618781805,0.503688464,1.281712259,25.5741682,1.46620653,0.082825318,0.114680815,4.24E-05
P9,A,93.81300273,1.498221112,121.9386537,0.095729152,0.018211468,-0.109650584,2.93921035,8.491535974,21.1441943,114.761549,0.130719624,0.390077251,0.252602305,0.287273848,0.072203654,0.434001439,2.979266405,0.116412655,1.069446873,0.00010539,1.62785189,0.082789294,1.798345044,8.04E-05
P9,B,91.7956915,0.286985123,98.9690988,0.10578258,0.012321188,-0.096952713,0.550801227,2.971897011,9.771530007,63.56779609,0.128001246,0.341403312,0.042255656,0.318176009,0.036738992,0.296067737,2.949056149,0.046371303,0.987243379,0.00012464,1.17094719,0.01015874,0.476844877,1.34E-05
P9,C,96.73004719,4.236424512,123.3643063,0.095866372,0.010474466,-0.105162135,0.586666512,1.875635926,10.09082109,59.92136541,0.130992426,0.359404754,0.026782394,0.298672737,0.033284249,0.327404243,3.102148533,0.046172274,0.97310625,0.00015847,1.27864302,0.13983532,1.067236769,1.14E-05
P9,D,92.69214412,0.293688187,133.0471095,0.041101809,0.008867524,-0.038508206,1.520405724,9.537663727,24.12483527,498.9206409,0.126438938,0.354448985,0.373566331,0.295092108,0.062319488,0.288067678,7.030106544,0.095371508,1.589753032,0.00025997,1.89965948,0.009442838,2.218394945,0.00012877
P9,E,93.60126678,2.182843272,110.3293587,0.109090367,0.008000075,-0.127650413,2.214123959,8.510946739,18.58530629,61.57486003,0.127902357,0.316394223,0.118554678,0.291026604,0.029933204,0.342220725,2.642642021,0.052267682,1.018791503,0.00018299,1.1017636,0.156976884,0.641561699,5.40E-05
P9,F,91.81386408,0.296821608,91.79198007,0.059135774,0.004762678,-0.077083902,1.805974761,8.490005671,23.56626702,421.4090611,0.111085217,0.279483858,0.098954271,0.285738096,0.023366146,0.373307638,4.794533968,0.022895718,1.204749229,0.00016913,1.260178,0.042099074,1.074916747,0.00011911
P9,G,91.20740281,0.324499018,108.9468518,0.080907292,0.009511595,-0.086706651,0.480762199,2.954873187,6.428366329,63.58113479,0.133506485,0.353420135,0.051892593,0.29955186,0.035087388,0.320468113,3.68376565,0.045208222,0.955478322,7.72E-05,1.24983294,0.010158068,1.03596634,1.15E-05
P9,H,92.37922677,0.007057804,115.6626581,0.145939178,0.01874995,-0.146220465,2.540559438,9.627202574,43.39523447,484.0078353,0.129952688,0.342630318,0.123478496,0.31702229,0.047874465,0.360439533,2.150821447,0.083542334,1.065421895,0.00016512,1.642341613,0.000163625,1.632560093,9.13E-05
