,x,y,z,cogx,cogy,cogz,area,forceX,forceY,forceZ,x_vel,y_vel,z_vel,norm_vel,x_accel,y_accel,z_accel,norm_accel
0,-0.36595978844770327,3.829900508524706,-1.7489769290210302,-0.6617111799912307,1.4993095483484105,-1.6258318282970927,-1.605850935142099,-1.746357399456376,1.4587452375979613,-0.718938430640736,-0.7876805205519686,3.331248900070218,-0.5805659169915351,-1.0116698382788318,6.529210847627898,29.406661147482218,12.579677180866772,21.630800472321532
1,-0.6352097660457674,1.00818802013674,-1.5522577383008225,-1.1058060660578446,-0.14092185428445614,-1.485822926912005,-1.276916588323204,-1.5475602402982238,-0.9020234690838809,-0.9166902773880641,-1.1863758957523494,3.1387349620177467,-0.6909447297534039,-0.49181974308460275,1.0176957659500108,7.9538773288926965,0.1163851087872465,2.922683778382334
2,-1.480647215125958,-1.3847601243732062,-1.44718357341955,-1.466436005961985,-1.4686460689324485,-1.4552439513421844,-0.17481648974617015,-1.3461074394821464,-1.2344674896581367,-1.480270665150876,-0.7405044114057509,-0.28934599751358503,-0.98148647300459,-1.3640544619262123,-0.30460955492234243,1.479954707466903,0.3781800654989298,0.9638135258302984
3,-1.3587807359284818,-1.1078565068391002,-0.9504549908049817,-1.419825838458073,-1.0375708214593802,-1.230036832106935,-1.20433234243296,-0.7208971676655809,-0.7026569039968389,-1.4862547948115272,-0.9973562494539379,0.3424499786142534,-0.6678256991223304,-0.16636187673330527,-0.23753666851246535,4.962266024897497,-0.02029458866157663,2.8924098071804716
4,-1.5333057686508225,-0.8961958390454168,-0.8859989184231489,-1.6054386236710945,-0.7965928256394661,-1.2076510293405045,-0.6711902551057505,-0.5413316424081902,-0.08156156303047091,-1.2342781548533404,-0.43183141035531314,-0.8993826134407659,-1.006465699846326,0.24679226587076863,4.25650517213556,2.3953280523444755,0.5033826828972754,2.714739713982177
5,-0.46785422752917327,-1.399021893965461,0.06652160294895015,-0.7193181872014929,-1.4066088504695125,-0.4424514292530657,-0.08672506869262397,-0.21527920531269062,-0.23369659166679524,-0.5103773258378732,-1.1040087304550184,0.5252749763223652,-0.5989818464270038,1.577998953800086,0.5697039664416197,2.080608731159817,3.154151357591627,6.408903242763955
6,-1.2150166198775079,-0.25819875011313753,-1.5946302471017002,-1.2860981423795774,-0.12668621195812113,-1.6252286400700722,-1.2740752551264276,-1.4324803248948041,-1.425175783740002,-1.3283543839578242,-1.2603278910177675,0.41346852465636275,-0.8928469547032143,-0.3407511015232467,0.6944975692372797,2.2453223162952325,1.1749017016944565,0.6548739368913732
7,0.6603374775589304,-0.8703197083711944,-1.2199309077867397,0.525758418405085,-0.9270848664781117,-1.0962433174333028,-1.169990251726422,-1.3771716418797333,-0.6045338539741119,0.37724608067084686,-0.078532596622376,2.270818976109579,-1.217251260404352,-1.3093797383337096,5.947140087400207,2.8122859041637973,1.2706387716339052,0.6980318249255886
8,-1.4044884164862517,-1.25211061771415,-1.3180044494679348,-1.2494789649087141,-1.3585815471177038,-1.5577262171117632,-1.7045822272315287,-1.5839609143072806,-0.23879070584600592,-1.4120124225394755,-0.317185333864098,-1.0393540529568523,-1.2670362238221826,-1.0564128235093135,2.249825783672672,8.882836123708888,-0.5989901511985796,0.9769453726792383
9,-1.5118306860922686,-1.8535447562828875,-0.3358927287486724,-0.9469978165531998,-1.8481120760716887,-1.1290498483747557,-0.9585970756094571,-1.3828562245867004,-0.7892228189885335,-1.528988897958041,-1.1380041857377778,1.5593777868030685,-1.0193883410858273,-0.9505480162464224,0.5399671212173192,6.171203780864088,0.2475823939884476,-0.4761524937385886
10,-1.3012981291722887,-1.6464236404696255,-1.4886789666828897,-1.2604141769216846,-1.6470545518326634,-1.4754985352874845,-1.242594640547907,-1.5023302739519977,0.9114036350519132,-1.3788429590767477,0.8047529652818599,1.4888967231832693,-0.44357981511340006,0.24547140237474885,5.304911316815337,4.1238184264311455,11.880896334870439,3.6675567903801767
11,-1.3051930810842682,-1.3431487803901445,1.6755991493273532,-0.34505747473630155,-1.6002962554854125,0.13269492315214304,2.2299699296482958,-0.4758232853665114,-0.9511301205564333,-1.1032425140645774,0.7311906444717247,-0.5961605357639561,-0.9224005366598989,-0.7932032568257807,1.1053988939780917,1.9633431464917201,0.4194185755192197,0.8820141225258755
12,-1.2395569243018216,-1.329189689952215,-1.0985233999314785,-0.7424649728469133,-1.3433548545567378,-1.3950877223818472,-1.6167524664137867,-1.3700804800660595,1.0216108773693016,-1.350490915106707,-1.277831754148523,-0.14670223407656513,-0.9327315188453564,-0.8766021845479695,-0.3716003000694741,5.81099749251765,-0.3368109495486684,-0.08130431543449612
13,-0.5616621289567165,-0.30486464974030936,-1.4844016065402352,-0.5335396965399624,-0.2597028684876608,-0.6007492567950061,-1.0200269658174934,-1.0480347914525103,-0.22989169488483485,-0.5290054888356588,0.9912661929945603,5.834686117633016,2.3959643952804397,-0.03937039487065075,3.641102841974461,8.805425678251586,5.3076199415515894,3.075532394242405
14,-1.0810776706439011,-0.33200291954825056,-0.8272382105898322,-1.0869839634856655,-0.5196467327389152,-1.3165386953596008,-1.144272566530717,-1.4279084421127453,0.28930641733177964,-0.9423389573607412,-1.0259014187158877,2.5586554870721,-0.7235478560714008,1.3478526253809777,2.325418809194616,6.160111457956212,4.547201952050632,6.525232607105863
15,-1.5279590118556854,-1.5668120388934144,-0.30640443330155787,-1.2149696301824673,-1.220615240216592,-1.27550275677614,-0.7699043854302854,-1.22436974955363,-0.9352503338294551,-1.5168461894206464,-1.0081860088045715,-0.4417139004735615,-0.5865782899050251,-0.7070819147822962,0.13947356857745374,0.30264135736970754,-0.4722120781981247,-0.4635382442870979
16,-1.0176715031355206,-0.4685689336288603,0.1633417396537209,-0.8464307682316599,-0.529144610278224,0.7309836042381161,0.24207563781610464,0.38338151017210187,-0.17903949014418075,-0.9378538542397972,0.7116395287481216,0.90453518886665,1.1418703735771327,0.47984734072593405,3.23844515129087,0.750660037018573,15.09640365855675,25.844649138511816
17,-1.7181036426451382,-0.35321051975440554,-1.68773964717475,-1.7619124668518367,-0.927591865521193,-1.7596775050312448,-0.9701811904379585,-1.5165543914309239,-0.05576128256608426,-1.6938171821825305,-1.460187505778539,1.0541978118137445,0.13158826107083454,-1.2621705963975418,2.4788437196046083,2.783242248225692,2.1175826065574404,2.230740267038076
18,-0.2827821572463889,-1.3386113821564043,-1.015037294171843,2.0194839451673916,-1.324809555661399,5.448534543442218,-1.6734450856508614,-1.2022980439211852,-0.8946505125068858,0.2477534780575894,0.5217374414345954,-0.9358614242528809,6.621954338234403,-1.0083071204080967,1.0526123496531508,-0.7558318886781383,2.1228725400340283,-0.8123851655050238
19,-0.5665026927064627,-1.1677053051356323,1.1046087927406791,0.46514205048036805,-1.134121342283926,2.9555855820362167,1.455811763597504,3.53429414495385,-1.2194929672691632,2.5164176630035033,-0.6129869984500247,-0.749568663144955,1.6647011521434694,-0.9692673725594259,1.0666835335994742,0.4630484429755657,2.2135445476021296,1.213854877873942
20,-0.9441353497257294,-0.23886084976905808,-0.9364215651091885,-1.0115417772996373,-0.12172736699491615,-0.8164301840688655,-0.2177241702892876,-0.5565675667281593,0.9541530132142806,-0.8857519856428246,2.879207790132047,-0.4367180334273728,3.5374549071223917,-0.8146037706500007,2.0760528546762957,4.392750020966572,1.7184124409370538,0.8946523662145762
21,-0.20559390376587716,0.11577711937317137,-1.7533070265623372,-1.1216956959046522,0.11882530249585832,-1.2331150721278037,-1.7216559026382248,-0.7384905435672802,-0.4017061947436984,0.4893354968423589,-0.029353715988977402,0.22457592672779692,3.5141341145690035,-1.1293579354750132,1.6666777776238604,2.1884151173722186,5.115409865928953,1.5795211898852104
22,-0.6632174216800268,-0.8443083384486685,0.30869068305685676,-0.4776607743009311,-0.8378409688121273,1.0173576506983961,1.7833489285238224,2.133941810776614,-1.0453955411976499,-0.14195822284930326,-0.7401531509050958,-0.8108604597618734,1.0404738109530571,-0.17219573021261558,-0.25202256241083587,2.317482934896053,0.4181491549698211,1.7721177615079355
23,-0.10693666583062278,-0.9608765988101236,1.0107504795082018,0.03354286275671381,-0.9736335141059924,1.5284401444066136,1.4379534666512663,1.7110767245459186,-0.2592273774740357,0.45453916680235995,-1.2087550671201088,-0.45044799562007665,0.2721134018546869,-1.1973234440662288,-0.9934849542143134,-0.4928661105462915,0.30275171191091266,-0.24233518033365442
24,-0.35386957977048894,-1.0148442885648223,-1.2144646945760884,-0.32632023874546734,-1.1704254198748787,-1.1564980952393114,-1.0069252066016439,-1.2412161198414142,2.953153914013077,-0.7080217876111896,-0.8235416419548809,-0.9534698337522163,0.5362380957367896,0.4955824064421308,1.2404270574191427,1.9074613337067223,5.701659304973296,11.897982444343452
25,0.06775428868824696,1.1814994659304796,-1.1884846019241266,-0.15530161144775434,0.4214879415924999,-0.9852332664949239,-1.669546313355748,-1.4925686345864904,-1.1087881491767522,-0.36964262265962367,-1.1435628872942507,2.790610556540157,-1.0239509304905574,-1.2738048971103468,0.7938112587620569,5.983622076748981,-0.11919279836643204,0.17571310497009174
26,-1.2670343568907931,-1.2816045988318123,-1.403463997482222,-1.114381803854372,-1.3833939051353896,-1.50813179596473,-1.6736362005551106,-1.625498929137184,-0.2415270846203108,-1.4101581942817325,-1.3656372587174557,-1.4047146282552274,-1.1376426480336161,-1.3189750712965034,-0.6497489643118697,1.3072082336711262,0.5485796767130418,0.6314670806817357
27,-0.23982825004831732,-1.0166530059048373,-0.9363042219668944,-0.558765338175629,-0.8597990926015346,-0.8942782513668259,-0.989987397925431,-0.3586568690635277,-0.7988039845101169,-0.12669357225112998,-0.9869115214317921,-0.5752848044721861,-1.4305710926857909,-0.8736644549754615,-0.4071264054048447,0.2526709537459513,0.7146179040564657,0.12661397721124157
28,-1.6310189853441688,-1.0117384609374467,0.650155297500254,-0.926004936212037,-0.4852414988121567,-0.5609335514159772,0.9901351461456835,-1.2913213976783162,-0.2994292896172097,-1.6374154523585465,-1.1797276627217448,1.1556431018966826,-1.0668625964033451,-1.0523021858902828,-0.48424660729252356,0.33670573226182743,0.9086593828970271,1.0334387148422008
29,-0.8773664390344118,-0.7659672798902171,-0.3264567310856381,-0.8508075545678264,-0.6543751138292655,-0.8198088958386309,-0.39410000107594456,-1.1428639055305148,-0.7993388388365017,-0.7938691018753441,-1.3394565485542103,-0.02248519132107374,-1.226753756966005,-1.006117958111324,3.8629031059996857,2.4887247865665714,1.1204590826018332,1.90829088387781
30,-1.2197222279977233,-1.463310828616465,0.2478051211571506,-0.4236365144236558,-1.5700148630047635,-0.49453451897391965,-0.7745976959345438,-1.0795238799187288,-0.31927195189764257,-1.3866938466241963,-1.3119446248478344,-0.4045285788633284,-1.0307297267411328,-1.4628750334124585,-0.006096164955963879,3.9346458137199507,0.35990165490930437,-0.8107219594299524
31,-1.6805426926724796,-1.8321335789617734,-1.578691586905206,-1.6063431461929376,-1.8162451587293196,-1.6695012964377438,-1.486502545275205,-1.695702334786338,-0.21056564673801592,-1.6916438892827952,-0.4527652486973319,3.3302571910770933,-0.5862054600162034,-0.485677675226734,0.8697222498752653,2.3466546140248186,0.6787577422808719,-0.9044519163239717
32,-1.6539195674747351,-1.301261198565849,0.1403752983092179,-1.7829912961806993,-0.8005051077264684,0.5751631759299043,-0.7539612831272517,-0.7380338493710887,3.7954525798797274,-1.7808388933111825,0.2701265127502648,3.3800983186218856,0.37319916836954015,-1.0160012353393166,4.2124803321609905,5.541645592188109,17.65354208169472,19.357354768180347
33,-0.03291212391317222,-1.5197376048496596,-1.4343513440973308,-0.11462219198563117,-1.5193500716932862,-1.2701761506089801,-1.7171512360646446,-1.5399422646616854,-0.15884778320523552,-0.28872490954304775,-1.5337798484850136,-0.720257511538013,-0.8320833315198772,-1.3881332591200406,1.7812237479685784,0.8531919345227963,-0.11603005207713801,0.8350608222360374
34,-1.4438912280609675,-1.4643332451099806,-1.5660326354383018,-1.582078493096582,-1.4260258197854494,-1.4061096078500523,-0.897518639230368,-1.095122343705458,2.312736644616722,-1.3579422626975188,-1.1000114326842332,-0.06066985890007759,-0.9356820377282737,-1.078592462192898,1.516484701537295,10.958958465564809,1.7335895693221781,-0.396900130571991
35,-1.3653473045377733,-0.07463211304253736,1.1558133506677555,-0.49150652770271197,-0.08111032013257047,-0.2539521752987053,0.10982629349871509,-0.4933624324218715,2.2939104460809885,-1.4243668994864338,-0.02721236680946637,0.6107058561519789,-1.190929579065438,-0.573033164154654,-0.03865896524033241,0.9991347774617756,1.223385994234051,0.16146638298436855
36,-1.2784272081129904,-0.5982731908727121,-1.0603352574449738,-0.9505499661321535,-0.16499934743473732,-1.4975066991589465,-0.3997688204652361,-0.9549828511674967,-0.37070933405452555,-1.4556114629345318,0.43963588610750426,0.3061600613582245,-0.7372722690578879,-0.9049930439911793,1.6335305228066765,0.20398065364200857,0.4240320696518052,0.7819450643815924
37,-0.21175652492763541,-1.1990352178012476,-0.29945794559607597,-0.35531519617388785,-1.248910790796757,-0.6184940784323119,-1.2461315993231608,-0.6541306408936784,0.6032232589677524,-0.6313295300476787,-0.886265116279799,0.10168236664103736,0.4626534641044322,-0.3201628683001809,-0.36465443302997036,1.2135016732312334,0.4993441030247556,0.4709218147693459
38,-1.5672584656490571,-0.7401210568548886,2.001946802163614,-1.067790283172235,-1.2339201037337362,-0.6853145156865112,-0.1878240398930875,-0.4609289605614544,0.10426118209651758,-1.5161635589164009,-0.6915224928034758,1.4409243560631237,-0.92131079294523,-0.86313398603204,0.6653717287935419,1.597772673905709,0.44201769679449,0.6078675592493301
39,-1.6105679317944945,-1.6097667188770808,-0.6611588335329075,-1.1520219373691178,-1.6342029145573702,-1.0022282239131726,-1.2181568420426958,-1.3448574236491633,0.8783313024130854,-1.4709135366551493,-1.0042604137176205,-0.0213094751377918,0.8904214128969627,0.2944971289976932,0.397967648488911,1.717099098424801,1.2047248291494137,1.6496884681555883
40,-1.511774442915843,-1.600483870740841,0.4441249828577769,-0.8615005660622854,-1.538172289302247,-0.8956183543801002,-1.2512243055659773,-0.6929755242315334,6.966698639061395,-1.6730666923189883,-0.5074201835602796,1.5971916419112615,-1.1767326312193709,-1.6647433974295185,1.8711155745550654,5.00813130737807,0.15269818321375217,-0.10050488799054946
41,-1.3019465644459016,-1.4751087966498146,-1.0842988442527655,-1.0448173360099724,-1.6558438246786369,-1.381517510824097,-1.5982407922417257,-1.48499529219233,-0.24582659784861738,-1.3653381568354537,-0.11982867222416793,0.11711596142762515,-0.9750718192208234,-0.5191468499643523,3.3443881021383435,9.912704773446634,0.38981757883741386,2.6025795217948344
42,-0.7078397540826571,0.07910896899925346,-0.9885411175199605,-0.5485649942552673,-0.26897771431846884,-1.1425438051496157,-1.756359687247881,-1.4450912274322414,-0.6049387406082989,-1.004487330762515,-1.4750502214008034,1.053778656878996,-1.475953531289245,-1.7082362775014286,3.764029266500489,15.274227363749585,0.39183958336856106,9.958504210123472
43,2.5862277175289146,0.8256073746681896,-1.170475014302599,0.7575290980034692,-0.9353595999634798,-1.1833491683950796,-1.1194078243405348,-1.3132518686833061,-0.2630203508364546,2.0750696185702875,-0.035783596513717875,1.5631575895213343,-0.6388814133669789,-1.784645214172652,1.9222499579873649,3.0838454513753266,1.7897970765633104,0.130905868833755
44,-0.4684387975750872,-0.9872464226064221,0.09556473723106773,0.6894933320202687,-1.1377052645258883,-0.05306155865971274,-0.988562680049514,-0.5904306200019933,0.28748633944759927,-0.4797560124096627,-0.11843474428585887,0.5365673447992969,-0.7901433911100115,-1.0802490781048142,0.928681086738949,2.5631202564502695,0.6121663959443033,0.8001219797150672
45,-1.1065877375218147,2.7452430476924503,1.11539336306772,-0.32952953808615115,3.771334185510046,-0.0589242859006891,-0.39582888988720555,-0.9660566320430091,0.07246301342094297,-1.2098579159922536,-1.1239874201703655,0.9945860013686816,0.5356530522359453,-1.3898675594980052,1.2173292413994856,2.9371625320877026,0.2636213953593467,0.2358734212279292
46,-0.751195080580036,0.4846280136566703,-0.5678516810094894,-0.2378871468106496,0.2987290729057488,-0.914928077296921,-1.679291270233719,-1.322896137326219,-1.142387482108266,-1.0298704342436114,-1.5026833041698766,3.512194214869684,-0.744858868731527,-1.4067173371252213,3.8667868776942464,8.61177580878884,2.6146413550012584,2.9087049758128316
47,-0.2785265261148244,-1.1784046316715846,2.6476598363314894,2.369535955860562,-1.1994397384735571,0.722370844166119,-1.2723234215525452,0.6152926317329253,-0.0495148282910054,-0.5448750055295881,-0.09815232444791278,0.7544204403864088,0.7064453257984256,-1.1312201528958576,2.8479719081532213,5.984931457475717,1.0860558916673106,1.8056187542274627
48,-1.572965066756484,-1.6220430715027927,-1.3908325106218284,-1.5939711047962837,-1.6552632983762225,-1.7104128269410002,-1.649392964208242,-1.2978452311524673,0.13586218252161553,-1.0183891012173694,-1.393088761295421,4.741745762334561,-0.9750049131315728,-1.460696199956949,-0.6806559031153054,8.34242631858791,2.0315386169149248,2.8217456359634916
49,0.1816375525833136,-1.2217127891390023,-1.670282473056885,-0.15860461617755117,-1.2753604600735995,-1.5537406210515188,-0.7599994898018125,-1.6708837937942205,-0.0951909567942546,-0.15813549822763573,-0.30112220838007,2.300202741005209,-0.009057686932971709,-0.8472790053794523,0.8798536364430785,26.082496944285296,0.4427213759617241,3.3041862193548175
50,-1.134215158053042,0.07454845465732696,-0.9469843185063898,-1.1648118613154805,-0.427469836933279,-1.2511134804360948,0.08682825995700716,-1.0176272539542934,-0.16646113676892949,-1.0383832899437466,-1.4414240980708384,-0.9767691155146894,-1.0319642195111245,-1.5492403018633574,0.7015483237019189,1.8488458774527379,1.9125958688687952,2.5812535938079177
51,-1.5919481511857707,-1.159624921798405,-1.521623311871428,-1.6167215864604976,-1.0853317129530575,-1.6026509760348422,-1.2448338378144281,-1.4970617418453658,-0.13996327121620622,-1.5494482440987611,-0.33757024049022366,2.937757710802347,-0.27396041689489037,-1.157004875195389,1.8947772235290383,2.363030331360397,1.305588888869651,-0.056047503734911075
52,-0.7661561633854337,-0.5543789787386233,-0.37129626030397267,-0.4783034963958599,-0.5667510187403666,-0.665102473596022,-1.1923848210979635,0.3346720314959355,-0.6404852526904041,-0.9366010165095897,-0.6245289033435424,-1.1943443100363866,0.3201710338043111,-0.13392805492304127,0.07209784765057936,-0.2927818745001334,-0.25755875323188615,-0.5019299664736221
53,-1.4549389314629084,-0.25121839873577123,-0.9187710537443148,-1.2621611257083007,-0.9190900803099189,-1.2438993659036497,-1.0664339905035627,-1.2620910527055724,9.998772114545181,-1.22964390784085,-0.8349329487771548,6.397650074966357,-1.048074773936405,0.3454423321034148,3.7166025584118305,15.71909178876237,4.116239071735033,8.57521299849796
54,-1.51828626922041,-1.1505252525834726,-0.09859080201809167,-1.13514090302665,-1.1482831505468196,-1.2221953802388665,-1.0402741731922773,-1.4245884992629143,2.2510630467498265,-1.6067355616566918,-1.3647583342661385,2.4317419490765273,-1.1136330536067345,-1.494128521501367,0.25524756929588577,13.642899630598677,-0.26330689597511414,0.7929194503465404
55,-1.4198670676370795,-1.537730593767405,-1.1624129835127086,-0.92763439876046,-1.5464149619918854,-1.028732831248474,0.23944296505008422,-0.4575224133860494,0.12709732856761624,-1.5535304776472931,-0.7164346279010538,1.8732122199609558,-1.5548568170049082,-0.9186105404150551,1.5074673127911655,2.247763459151358,1.4732917594933665,0.527076978394339
56,-1.4803465101103366,-0.9303833132081043,0.45313122574748554,-0.8121474697035764,-0.9131554255941032,-1.0151129323561598,-1.2484417831972923,-0.9758384276857153,-0.4046547578932618,-1.584488971148935,-1.2420431775925038,0.7238278679414702,-1.255421231828753,-1.4699394813794149,2.6857284668615877,4.1863198895912905,1.7332696720157443,1.6248231534243018
57,-1.435633145087084,-1.28430868703674,4.104846072108487,-1.2580207867481532,-1.336426968019717,-0.5711396414665648,0.9919115436242305,-0.9443029905214231,-1.0692511837077843,-1.4739656312677236,-1.0379363882746715,-1.337586507029863,0.9871802210568399,-0.218648851448771,1.1459842788381742,5.032640096535124,-0.04507642951731583,2.630212680274581
58,-1.2405894541551197,-1.4612422529045952,-0.05740184156496708,-0.621829228216757,-1.4941804954820899,-0.831968007679909,-1.4513281440824335,-1.1831639744637927,-1.1372376307178047,-1.4231617629882918,-1.3503751299908981,0.3637821300708519,-1.3377246889535837,-1.3643462909706532,7.042118033148412,5.08649908951784,1.8546448969649507,1.4611878282695034
59,1.89152359785873,0.7590027601197158,-1.0876547634376772,1.15220689028156,1.5861429598785692,-0.9687275135853168,-1.3767332142404851,-1.3410699103525499,-0.6009526208593772,1.601423445380635,-1.0133017028433675,0.40915415332425065,-1.6816792968192622,-1.6587003448905584,0.6044391016098123,3.780313248769108,2.0176792820321987,1.060889679976687
60,-1.2936759036155778,-1.3510838757696724,-1.6246353150496071,-1.2724097238871497,-1.3285486123184889,-1.8006216342902002,-1.6219193961831933,-1.5185371755857284,-0.8206499837408723,-1.1251257912783998,-1.3833832447974665,-1.224735239590845,-0.7529818764688021,-0.4421310305098567,0.7444743995310157,2.687474846532737,-0.249982452863458,0.5309985509760518
61,-0.39863556096525476,-0.8087547869884277,-0.6623811597859484,-0.19277930667130017,-0.7922239524728778,-0.57059530902275,-0.4804581498818248,-1.1090968768846674,0.34953566892964627,-0.6953105987252801,0.8641149178135148,8.312353399183138,-0.05454064809868697,-0.6573310969990871,1.2624392284256238,9.682874342154589,2.6718591252003687,3.1744309564269386
62,-0.8770564978945434,-1.7163342818535712,-1.7568374143282517,-1.1268507018191176,-1.740963199469165,-1.7560085627742292,-1.6078161606743289,-1.7325006536779273,-0.36226987852110115,-1.0742530462533617,-1.7129411294840216,-0.046588182216086516,-1.2357975000492183,-1.2338761944843235,1.3540481593737432,3.4784892800460874,4.189450024226603,7.335182408205464
63,-1.594430755269695,-0.8624885093233403,-0.7143913369697397,-1.2796036135209023,-0.8817067554618099,-1.5163028002758583,-1.365143278909755,-1.44171039201029,-1.1538869344400995,-1.625685877529662,-1.0130001141975091,-1.010823100311984,-1.5851228362081347,0.1468944143155939,0.3463091566218579,0.18703331156859093,0.27450960818188497,-0.43584606184092056
64,-1.7395000757873558,-1.457802702428504,-0.5377405753035669,-1.4970560728728066,-1.4592440459142029,-1.446322261317457,-0.6011098786852589,-1.470064062335704,2.4380111103743127,-1.7256751393740088,-0.9719317250871033,-0.7778409331171963,-0.9036943756072233,-1.42614155313283,1.032381327757828,4.2029508353079255,1.9274166728845454,1.292696240551038
65,-1.292986481620511,-0.7653701249745715,-1.4674296850853588,-1.316390722197623,-0.7215794382806275,-1.3984954817255584,-0.6542048682421227,-1.3469865814164481,-0.5093261694934945,-1.361937998663962,-0.660391942215818,-0.04665340141003771,-0.7169870584095199,-0.4218055575562252,-0.2863136978461749,7.760096583943218,0.4738197650203353,7.867822091010135
66,-0.07387623825225775,-0.6520965694894354,-1.0294280724538871,-0.22626964813182804,-0.8546079184731399,-1.0161999698638375,-1.68458473515859,-1.3037601250036905,-0.2691460139294515,-0.5264404741800086,-1.1806832419515145,-0.5975141699407542,-1.59083871601034,-1.461959879142666,-0.2384674629607928,9.213932023003428,0.31191038251562997,1.8755830937349982
67,-1.1544205191336074,-1.0137113701522156,-1.1700877141189592,-1.102578745100309,-0.8142615289433826,-1.3506473497161806,-0.9017176537360521,-1.3544915428830973,1.3954249215504335,-0.9304979111321878,-0.511940844697147,0.07760956074398395,0.18812083863213136,-0.716983025436916,3.5531961575007927,3.2555147046519384,0.8649461911054028,5.02385701496622
68,-0.39912193606184676,0.17937018541615313,0.8475690635389217,1.041759293989947,-0.58624383476953,0.9057874148469778,-0.4269563489206103,-0.5499205677332895,0.116065607612021,-0.42503094645754214,-0.12338425004208631,0.7672952604153185,1.4591680871141772,-0.490568332193404,1.4872224951211575,2.4743084566027154,0.4747189940316434,1.1297090105800898
69,-0.9419021273651196,-1.2391130853717927,-1.6246949862788491,-1.2704750191881238,-1.4570767388590473,-1.5976549824492097,-1.3344467303554335,-1.615063601852944,-0.5964652442702891,-1.213481163460389,-1.570186982282227,2.17050662564122,-0.5641128700702005,-1.20236154198688,0.7313734146034636,4.339478375968211,0.5512970930379244,0.2153212633233199
70,-0.7061974493779055,-0.14412441336132664,-1.5371195512578915,-1.4226310236563948,-0.20894929191923284,-1.2058575296615295,-1.2187764983696663,-0.8412806405663913,4.706262150226575,-0.5237993355061215,0.1610775746037807,2.382476945234149,-0.734258463466912,-1.291874159103129,2.395735918969054,5.060271040618302,6.039288347105902,5.933092538432362
71,-0.5470772367530148,-1.5513425382722525,-1.3177670904769017,-0.8682468844913438,-1.1699255806847428,-1.4350597748741716,-1.5801198635965428,-1.5345572339192701,-0.8562774307801404,-0.8949724212708396,-1.2542379159859063,-0.07998626936992181,-1.0569922643632657,-1.3223202419218114,0.09957531152252352,0.5807634424721715,0.6442540373301804,-0.26453663896524837
72,-1.3946825335456232,-1.3510722537323872,-1.2618738093048745,-1.4433397366903384,-1.3287143670953352,-1.4768259970830044,-0.6853116521955362,-1.6018482562544458,-1.1907697913763777,-1.2228313106221118,-1.2736381070826344,-0.72608906198393,-1.4177350768032984,-1.2796043954285952,-1.0937170170520465,0.11379645062282195,-0.5042018195540732,-0.4253578365987356
73,-0.765041765772779,-1.61069436011235,-1.3784020347520298,-0.8005670169618977,-1.6027797176644785,-1.3490103921876444,-1.278336458859321,-1.4204796130470208,-0.017326216620481727,-0.9483915469273829,-1.1419520986599476,0.8390945560797829,3.760642584566053,0.5960033206422803,4.619748718967579,2.9874646917035497,1.6184262855938778,1.7724542036327344
74,-1.3030945446609283,-1.3090600595333055,-1.281483097852587,-1.106418000075184,-1.432696173593257,-1.4371687556780637,-1.7175299148515228,-1.611800391401308,-1.2932047073795747,-1.4449855334651505,-1.044077934292025,0.26047109368199806,-1.14857597467636,-1.024491592794326,-0.16729108033869133,3.3252614831163214,0.013974040481456562,0.15685782304192442
75,-1.7440427600310104,-0.9775934447619679,-0.686451868251698,-1.5739398923607806,-1.1537394699979415,0.039391882704229,-1.106359759586117,-0.530245579109657,-0.17093929877286618,-1.7284138070921962,-1.1229680068001187,-0.007420836535910524,-1.0369575096592236,-0.45659354258819507,0.880417990364335,13.904857315002534,1.6287669774306952,8.083298328861412
76,-1.4946312018469354,-1.09648312571921,-0.6464459436669641,-1.4822545806932748,-1.118232778234778,-1.2854619035074795,-1.141294517097435,-0.9813480919912179,-0.26383711098606977,-1.3162959702046697,-0.183362562337535,-0.6633836170726859,0.6426711574822557,-0.5790421864351378,0.45082823907858627,0.08181525075567464,0.8043668523817855,1.2208989264894416
77,-0.43363664780477906,-0.6745929094463374,-1.7893231594374495,-1.330928836483365,-0.9776235096017829,-1.7539302380960158,-1.394550868620595,-0.9449792594315634,1.6861361214156716,-0.42945724997664714,-0.18146653602133211,13.422103913601923,-0.8874881697271659,-1.422598217405293,4.19326283768693,15.695258760569128,0.9977484920756066,0.7859104423711925
78,-1.1089865852085372,-1.6588408171985927,-0.5386807463183825,-0.9517485672702422,-1.680280266429745,-0.9702823012002257,-0.6805487446108978,-1.3461996200035666,-0.5519808388477339,-1.0174779256255593,-0.22721491035209374,19.19528517731033,-0.8237427369005568,1.7088269585065214,4.703053172931107,24.170370875293955,2.716550262546189,11.302952722377505
79,-1.4870651904538534,-1.4218977793508658,1.1766699874563686,-0.551085657655026,-1.4582883418363424,0.009378312019868495,1.6959247494358838,-1.2687100262696347,0.8017332655621217,-1.5852987326795278,-1.0689909872283283,6.223684673110181,-0.802696853099476,-1.6131192608417384,0.8975468517546541,12.901365145124478,0.7086590962819188,5.925330724096359
80,-0.9341682924313255,-0.29689531031953154,0.6940137576581624,-0.0782002731453626,-0.16871886795367264,-0.0009791410778845488,-0.7818984511859255,-0.5702172407506012,2.910613082693777,-1.3715720563863139,-1.4815070580796046,0.8878589344094108,-0.9734319895996384,-1.370161117566104,0.9839961901173009,1.1206737435938487,1.911871181893395,0.6181685375099844
81,0.7444219311887932,-1.7244526061618901,-1.34891502252693,0.3673750319534266,-1.7341675992014678,-0.9117628149135166,-1.420716027848546,-1.586051653800384,-0.01298352486460086,0.12928627688706573,-1.1415695611423264,4.0645672574528495,1.088227387089142,-1.4080899264077336,0.5944170367314214,6.595884338293994,2.2954957872220003,3.3245969286946506
82,-1.7578649398796438,-1.499974501202833,0.20422052924752565,-1.3199818128377099,-1.5972224497400194,-0.9575651541082526,3.0501762483337496,-1.5402883180991072,0.8697381100527588,-1.755353701455871,-0.5053738829032559,4.63576853665401,-1.304762007059955,-1.5272192082036002,-0.05333569126150728,11.198137744791435,1.9546986569824618,2.0163075951612575
83,-0.566624882790753,0.9988009814198415,-1.5720350517710155,-0.9367434826974663,0.01633670099946416,-1.544902870318082,-1.4730280640679414,-1.5426450980680948,-0.5605217139913035,-0.6658250056738662,-1.0123926027721426,0.4302215922979138,-0.40257813294141265,-0.8058108928835659,0.31089077901834816,6.24878383392311,0.199316915885416,0.9924465986706994
84,-1.128588344270131,-0.5524980644953188,1.6615202075534032,-0.05656061398432399,-0.5756244452902766,0.6335997993180356,0.9699758970763108,-0.33055731565254876,-0.6074269586025869,-0.7991146285514312,-0.8058270119416306,-0.8385883456682026,1.2700565589318815,-1.1641757827752144,0.5125531038341551,0.7190573303247874,1.1520936459967785,0.20074146553043626
85,-0.7174260053646089,0.5827759152639969,3.687519161586538,0.04255555398084532,0.5706683854548427,1.1822327886312518,3.88229074053611,0.1759430928829837,0.09006513848480324,-0.6411939545538541,-0.49000382405793586,2.4173773084670804,0.5920606729991467,0.13484267299763797,0.6822370948167884,1.8765007030633463,1.5485390570506503,1.6494733283961045
86,-0.8640077273142155,4.752453166294623,-1.3826691318147293,-0.685180165724045,2.6752440056038713,-1.4151764397615134,-1.6493813801354598,-1.5689868749788012,-0.7092507524269736,-1.043273631683271,-1.0822800845866813,3.231514941002777,-0.968965218573433,-1.4334136139614164,0.5923994504912722,6.302379804109174,0.7785232746634656,0.6016295154290692
87,-0.9536136768550958,-0.2759407413469086,-0.9283389873081584,-0.7729856497944345,-0.5358020505430012,-1.1420308292229417,-1.80696061034276,-1.465683587941958,-0.6312851022166259,-1.1961101523609765,-1.6042506200592352,-0.8615993252061416,-1.3980005297969884,-1.641811715416609,-0.24759140438703087,1.5224810123806618,-0.4126429268575569,-0.48939454825969086
88,0.08720897217357138,-1.015666116548109,-1.5880314537778224,-0.08864987679868497,-1.2199157943075727,-1.3153010281731838,-1.3514241942060823,-1.6969833741479146,-0.898864772573285,-0.23831146677771198,-0.6298310929023216,0.012834713744407367,1.0413619037578234,-0.39231358531414173,2.0832956721472407,1.3026390469259415,1.4738059085533646,0.9959057247335261
89,-1.1827678918913644,-0.936746935589738,-0.31766713192296825,-0.7679009062606883,-0.9213770156043974,-0.6503916588712726,-0.7367500676690026,-0.604308431965904,0.9407445672568717,-1.204502703365903,-0.054287414495316266,0.7790253550882769,0.27242702240381256,0.27240580796456637,0.5475973867662542,4.881119286237725,0.29134250934314965,4.09762585119972
90,-0.5927707910326157,-1.7253848507904892,-1.5740761150884217,-0.7245265914235159,-1.7358654613705689,-1.5328078939693985,-1.318232365519318,-1.535013536804492,-0.8051306043823332,-0.8853191499166426,-1.2539821995723728,0.7669800173649999,-0.804247038617937,-0.5904397048735022,4.9491228211700555,3.860834764437989,1.4357015557335684,0.8829654180311284
91,-1.3063088166629877,-1.2062138297481158,-1.5895558484353207,-1.2795997238662173,-1.2452514875913416,-1.6102067064194685,-1.4307690836723563,-1.6547418123782114,-0.7197192693436296,-1.4376974955105892,-1.377287006541923,2.1046245266823993,-1.2178319106344118,-1.3259220825355975,0.3605275927999818,3.4694531323632116,3.5192727745699868,5.270601466773387
92,1.1863574730873703,-1.4329487475175258,-1.4736639527699151,0.6100445914944754,-1.4727907039457258,-1.29711354508628,-1.4596736423818024,-1.4854669178215372,0.838119226380678,1.2212216913545495,-0.8418210810527333,4.045132749795488,-0.874010781335691,-1.6175132137464052,0.1859506721104074,9.574469004930029,2.628176275709688,4.5212717965072695
93,-1.2027745646907857,-0.960748209629013,-1.449243544970804,-1.1028489674912165,-0.9590093019265855,-1.5125592334044964,-1.3730498888809322,-1.5618423539989263,-0.39140394213833085,-1.3830541963871066,-1.5950610903023192,2.3809859215793674,-0.37473768033785104,-1.2165637520671708,0.12312540197720123,3.9038609885769624,1.0127413730553476,1.0220586594389243
94,-0.9878206093209592,-0.8489042309538797,-1.293737806873523,-0.8709852918734575,-1.069252684330486,-1.4085828371084301,-1.2052852792307065,-1.349083067703405,-0.7645165497411477,-1.1932145809701935,-1.4230215262523362,0.3574367907159659,-1.481981859468036,-0.6423414356190511,2.422384511410953,9.964522471765754,0.31715610865412946,5.476167849726915
95,-0.5341030203126622,-1.0485313955769722,-0.002504752251152542,0.10885289885513405,-0.9669910790021699,0.2537863969464227,-0.9029439187584423,-0.982982803852841,-0.8904086163155371,0.4910054477727561,-1.3308917020255802,-1.0984822400296386,-0.5615983728497791,-1.2561475906144985,0.5827757147930908,-0.12708034839221627,0.462752382811368,-0.6421258381328907
96,0.661330688032566,-0.42871254089134814,-1.3670666674185823,0.3009488756492482,-0.5455290257335603,-1.3476902118896636,-1.13025152851812,-1.2686945691530975,-1.25425969530897,0.46904840612901477,-0.37298926380831565,-0.7936185981774475,-1.440828785686187,1.3680955720907235,2.4535172263254417,0.3929696961174929,1.6653229694147127,3.4526173006451675
97,-0.43450985598936676,0.04581495561245763,-0.7740644044085081,-0.011964690750487339,-0.2477226831618884,-0.9186836199566497,-0.6825407312014149,-1.0725075291373443,-0.6742738707828475,-0.7439121454406981,-1.030067169477902,-0.6318764801689936,0.9039748689314901,-0.20431956761383852,4.371985161930692,1.6608655763916031,2.909759200642692,1.5518800658750997
98,-1.4653743892591886,-1.2267980375907317,3.385038948329661,-0.40619095773849256,-1.2335564688047966,0.43216235023157434,0.4582922063429109,-0.7540080017351514,0.4855745438973402,-1.4165144891560257,-0.8298179007435333,3.604989473689547,0.7609341185135206,1.6444632869445206,0.20007240460015074,8.169732527765335,10.770619302943102,10.68569233739882
99,-1.4030024868689135,-0.3695766832866161,-0.9561378158314731,-1.4357372511166209,-1.031005528287886,-1.6086933745554783,-1.529986844895319,-1.5126757222202216,1.4632130286863507,-1.2413093753537208,-1.163906273449524,2.0804705622276725,0.3488465349222496,-0.7891495360690652,2.673508272394499,2.7387415834239626,1.5894796521029457,3.516723807568974
100,-1.3395145836251188,-0.3441845901785623,1.6622872495867904,-0.28297804089057177,-0.47335135640512016,-0.11029753759220506,0.3100367555800734,-0.5934420368010151,1.4197609853573745,-1.4493564311391434,-0.482124503869342,8.28196868145571,-0.1350150321770558,-0.8754977376241015,0.3614978880055322,9.806860312565703,0.7769877351110281,0.7284116042260229
101,-1.161316096580498,-1.395100749585237,1.8015115145394986,-0.23079379171361225,-1.4128199894516698,0.16480998507433142,0.48443807762000857,-0.4620607584642946,0.9248548544768758,-1.217754474532418,-1.0742858862623268,5.8306979052950485,-0.23565475794290291,-1.0241471584118067,1.208079739034976,13.99051560211667,-0.20292915958415936,8.96497060692032
102,-1.6679573772167462,-1.2339470314819465,-0.9163960985153445,-1.316559046161532,-1.2388814945859372,-1.4579051515337889,-1.1997738774262994,-1.6218001524050545,0.005283675754021555,-1.6536950821819003,-1.3125642333933831,8.032196031373704,-1.3337380650206097,-1.3392468859620872,0.003170807315436175,21.14996029807062,-0.3441761820654179,10.494183887755405
103,-1.4540554610917091,-0.4736890290480016,-1.6414942787222064,-1.687787181742054,-0.7041693402029141,-1.7051214265070649,-1.4392979559771155,-1.4886491518370544,-0.6971762425865164,-1.3571742999099574,-0.792122742246042,0.39048429477163094,0.0770146652357444,-0.793610013376127,2.853455049919985,1.898020856196509,1.351073598746523,1.4049446921293836
104,-1.3899722851555016,-1.374115842831172,-1.5101788567992174,-1.5168800981491182,-1.1901106049850456,-1.6419935738466278,-1.5551981210982466,-1.5767547924096579,-0.7332215922418186,-1.4290216400353666,-0.8661860356894513,-0.9384243889192367,0.8224480564321586,-1.0394630476063627,2.854916395985919,0.8440842324614821,1.1850577175073314,1.3998896251876678
105,-1.162595057116802,3.583926521178242,1.407602409219514,0.4155611614284802,2.5799310786364735,0.45349709073206856,0.3376003525993698,-0.4189531222148637,1.2525906601849535,-1.1062311241419585,-1.0562204665092743,27.86114172817468,-0.3771690158033971,-0.0962309172683864,4.1358602684256764,48.925587893656285,0.7281536833027595,8.936973478480516
106,-1.545055732895303,-1.7138024812303085,-0.1127763882957229,-1.0746501386268164,-1.5923453467462174,-0.978955850143068,-0.6050501704689331,-1.1704273888488175,-0.35090500377499456,-1.4343702664304212,-1.2896675768551635,0.6929983715271888,-0.8051295884202361,-1.0190223345128255,1.9197936810649558,3.4350956998322015,1.8365331717425066,1.9748418932969756
107,-1.2172978542656419,-1.5284965952133067,0.20340082352650413,-0.4691381326392401,-1.372656808281933,-0.6991777262775547,-0.37832393213865334,-1.1533169901668323,-0.612338416069178,-1.3848217564785659,-0.5527674376292064,4.0113747760212455,-0.941292635772291,-1.2519181998576532,1.2288403317974703,0.5928779326183946,0.6981778464388428,-0.13885590086980892
108,-1.3009697478533782,-0.6931926005623499,-1.0182464075706996,-1.1800971275931256,-0.40253601989886567,-1.2616792985897272,-0.18734341655648512,-0.8516375619687104,2.370842212682872,-1.3950153718881415,-0.015240761960955584,0.1099383436413417,1.8057898846919667,-0.04409884059953173,1.537867822159801,4.1980087113807345,10.300332080054662,9.815372568161996
109,-0.650926945605451,-1.2204872696145521,-1.579413689240656,-0.9983292631670246,-1.3487991306036964,-1.5419520481903037,-1.384174772170856,-1.6374394407245676,1.4525229196034042,-1.02465498144274,-1.6129693977047463,3.6928292661449262,-0.09547263661960992,-0.8025526570810912,1.1018131922450154,7.460894247520814,0.7793000471054516,2.851530286420175
110,-1.2844049692006507,0.6832761077437786,-0.49944686241378333,-0.7991102322183483,0.7474193702147534,-1.0991135802574763,-1.4656018536459234,-1.394527130025005,2.148065161763567,-1.458923322893502,-1.4944684070453635,2.8632251007878526,-1.1950585322459426,-1.4210348968598694,-0.5307255336202301,12.013515471076428,-0.1738411786992149,2.231999315739716
111,-1.5949464442255938,-1.3432899461033714,-1.5326795230992334,-1.7444194774409187,-1.3150804500291848,-1.5434907027961486,-1.1886653663546514,-1.4998433995417182,-0.9218695382894477,-1.5284230546676425,-1.1341611633264008,-0.9153458490061079,-0.27518991416096794,-0.950020462254034,-0.1322639479261163,-0.07858622222568767,1.2340660830186962,0.3646298078643153
112,-0.9283738725742774,-0.9726072360787446,-1.3667072366344253,-1.1725446003175932,-0.764029436558527,-1.4223398681605666,-1.1060017059016507,-1.3026531667378018,0.8754739331121026,-1.0651098869110494,-1.0652709787995278,-0.11614626631683489,3.125918278634189,1.0411481157422635,1.9683830992992855,1.724347463397378,5.789447100163798,5.182603571886418
113,-1.4953865535664588,-1.145034656338971,-0.31581868516038636,-1.1546519382604459,-0.8746580766132852,-0.7055650172203887,0.19860485261256944,-1.4785167691185248,1.1734724463951425,-1.4277798298718019,-1.0882561324513873,1.392648322705102,-0.9593069523476587,-1.2370077425555215,0.2832453649379816,8.417937690294828,0.014853470180601569,3.2656653370689694
114,-1.5057479861686776,-1.214651287092657,-1.00807125491461,-1.2683901613807624,-1.0640746437093194,-1.2668648704792573,-0.4557238198716864,-1.503277484068119,1.0439837101527987,-1.4640454336698834,-0.61660001778578,1.9199335238029676,-0.6613424876058875,0.37394317511373565,0.9888996823264042,4.556969177159824,0.3489140362764229,4.9003771014759625
115,-0.8067678835695884,1.378526993056024,-1.4785853480762963,-0.8545322517613476,0.9310754439385676,-1.660164371349196,-0.03292201022611252,-1.338081362628014,1.8104502457283944,-1.083936767355485,0.9893534608018268,4.853294258260604,3.510326510739536,2.579806882622175,5.050120607467733,4.783929073392903,2.804405336199964,1.513301695537633
116,-1.3237288762132866,-1.3956103285632024,-1.7038575030673062,-1.390815322533393,-1.5109491348959758,-1.647919035883894,-1.5644215257486547,-1.740684290046737,-0.8763512993089435,-1.2409458650534986,-0.8526683250038491,0.549042804853749,-1.519899294362279,-1.368605485845893,-1.1423062541135778,6.326162182660127,0.39607450159780955,1.1869677946754082
117,-0.3907902917637198,3.1645427642546915,-1.611639198215678,-0.9147523128736341,1.2977840389158528,-1.584442977640132,-1.4327415343349923,-1.6036999407612285,-0.963175840195519,-0.6888826305154332,-1.3313080303914633,3.6892291828008172,-0.7636402825990873,-0.3022440329644809,1.302000890375707,11.012517720205464,0.05044705474860045,0.6809732140303804
118,-1.1997586632585486,0.8850000313386115,-0.5979284919699825,-0.7416672895285568,0.40189727173263234,-1.1696109905147816,-1.590889226128815,-1.3830185908468957,-0.6871319064126786,-1.3964281517347663,-1.4670449197674176,-0.4810169643809221,-1.4574302276505702,-1.490441871392433,-0.10112930391423358,3.234745733748815,0.43246460039512646,0.06518120160399432
119,-0.9332525230446604,-0.7583780208521005,-1.3725909138877537,-0.9936999056127966,-0.3395397386881083,-1.4906706110756809,-1.300808066584954,-1.5633373788040643,-1.342160399975051,-1.0698222192334526,-1.4219141259130876,-1.4456890281269341,1.5530299129888725,0.05650084442395631,1.3555588141151498,4.27690523525221,4.535900470200105,12.367418606301204
120,-1.1564167304820372,-1.2594143804549855,-0.5044069185506368,-0.839557247644962,-1.1084320055201522,-0.8050653567620558,-1.2823178624895264,-1.154128834664942,-0.13046213479715218,-1.0919461804081123,-1.191327511241867,0.49580150616977736,0.854971860171982,-0.31531757287147455,-0.3092398762214459,0.40572909259024037,0.9759971705446153,-0.4477919525228269
121,-0.9627168428408512,-1.35413956279358,-0.6089241810199142,-0.3142319046794988,-1.384372657294828,-0.9165619816902213,-1.527538805157724,-1.3413754056509835,-0.39542381857882525,-1.1167466423044607,-0.9369761158237777,1.0615585921884252,-1.2400125338083958,-1.6049567741903104,0.18367620125482675,6.916551051933643,0.15923225837973876,3.1854827135262545
122,0.012831675435253764,-1.0892067736541355,-1.4715639309029909,-0.42082284976235895,-1.2578991057222764,-1.3441396166926496,-1.1925718011991961,-1.4818563235908335,0.5927305359463984,-0.5913427264797524,-1.203456109890933,8.470607402495252,-0.4016119742854545,1.0678298031324918,2.7945811000970044,9.883677935224103,1.8241861251051539,3.447202942845893
123,-0.7732649853794293,-0.7380303767502103,-1.001842596232342,-0.6899965411178233,-0.9855475729172811,-1.3070516292991452,-1.7229908318433833,-1.3676495566158684,5.4216771427306405,-1.0267984603339104,-0.5384082891364779,3.8939230004129906,-1.4345890871748928,-1.4393963327378072,0.47997231472046664,13.64932968229406,1.3184011610424866,9.129372634702364
124,2.191731691321552,-1.25368056100339,-1.2041388982617593,3.02848824566618,-1.2094242036539276,-0.14491441892266987,-0.8442997010619311,-1.2709930842841037,0.23136667455204218,1.4240172177560009,-0.8747520437859686,11.243787538091397,16.424321177769436,9.924379257148221,25.06091202045436,10.433353800354581,20.797879514974056,22.972575490781967
125,-0.9065182438681658,-0.9832955534073666,3.9009199572863196,-0.1471597668296578,-0.9827509384265323,0.26996115833186396,2.2136951145044073,-0.08584473250266988,0.8520655834378723,-0.9735624586573564,-0.663369676918975,66.90373454478416,2.136838077004466,-0.5247949950946236,2.5625419310576962,70.07722120129087,1.618203049818307,29.746891250933025
126,0.20107978187383901,0.742349807862487,-0.909307271136079,0.2351458058260265,1.1133503120595805,-0.5825012565839711,-1.5624605185788454,-1.3134441755822825,-0.7865960374690402,-0.2075064442345158,-1.2144396534483617,0.5984069903484657,-1.4490569872266763,-1.4134709585575826,0.03840302318313915,3.932980241005157,0.8323892773834771,0.9958413403308186
127,-1.3446745540417147,-0.15995500717203015,-0.583252404384802,-1.550636089776547,0.1629464836786534,1.1326178921080885,-0.9072085161697045,0.014590378394850667,-0.231148517288982,-1.596048626413535,1.9401142998436054,1.0551180946493126,0.0019291439677111555,-0.14372166757003235,2.3808497571342686,3.290932587901233,2.9849316027138872,2.4538409675586452
128,-1.3738575728915716,-0.7854916006636659,-1.4560056049092518,-1.4333928835479384,-0.7549621355072356,-1.4854572863568232,-0.9466983939323028,-1.3537658706839117,-1.1025074642924848,-1.2822391636776833,0.47182110106938824,-1.072076795061551,0.027753664128257416,-0.6605048213091695,1.380089678403717,2.8498693969572946,2.2516166214888083,3.8353310073328286
129,-1.8006224531065376,-0.8287428698155987,-1.2726027467445602,-1.3451846164587564,-0.27185865821514943,1.987977278473398,-1.3342805771944641,-1.0269005905211595,0.021138782913040277,-1.759811330919328,1.4506122769451144,13.215429200974725,-0.3443372078285418,-1.2331643214169785,11.400714829278481,2.6099904462163597,2.9014557048103677,2.7491415719687504
130,-0.9365708115460869,-0.906587212412588,-1.3497203476628996,-1.3137494542149726,-0.9044539734702561,-1.0996108105951072,-0.6569274504598654,-1.040932063781636,-0.3374763818484561,-0.7571770629973398,-1.1831615898809125,7.4107307927635,-0.5122872196288526,-0.691292171293608,0.9296540114737608,10.51524033391066,-0.01013047726040206,1.0686869892031439
131,-1.5182934486922448,-0.27067897404785146,0.4592192809746982,-1.2004430762284213,-0.5429462351477383,-0.8067115379570424,0.880052115626107,-1.3915714190540656,2.2611433008344113,-1.36624152224115,-1.0930247830728501,2.7655220135321317,-0.7598460626506514,0.5987100899887232,2.2094060985571815,2.4251420778416133,1.4403320726458242,1.0647252079646776
132,-0.88513635746249,-1.312368145418399,-0.5358369266139715,-0.9483883217576761,-1.342319832146263,-0.7366416543570926,-1.2324104671947806,-0.7680249148590939,1.6428926870027656,-1.033329779618429,0.6647862966689391,5.359633063285855,4.280301968467336,2.629549172643933,2.2166026659573275,3.48605194930113,12.257554700281169,14.459192912063006
133,-0.05295886357230106,1.1486197280343795,-1.6191340090868602,-0.3652671961163838,-0.42872909947358995,-1.5216678886304653,-1.449528159620345,-1.7006802322424668,0.15046347683252703,-0.3818213673790347,-0.8365373157119103,23.243448396075813,-0.802200092567245,-1.474084806449669,2.6776897665753463,24.34456270382363,-0.6149115953075253,6.841583182906884
134,-1.783402385228612,-0.5410668544224535,-1.8111527943593901,-1.772424667619404,-0.5353621850509418,-1.8103731045125702,-1.592137922109408,-1.8400896417004873,-0.2322880570763446,-1.7865966833805436,2.2777825787696573,8.003864661974434,-0.031154183686912695,0.5114316473028278,2.876651431772566,7.762252554912706,2.7368485532015034,0.37435216504252367
135,-1.6265379305517889,-1.092119899388042,-1.333731273525295,-1.5987324569585137,-1.4557098749469781,-1.2522768289292916,-1.243455971560401,-1.1349140207056285,-0.8477731241752062,-1.7238800003158565,-0.764504426739046,-0.16129025087502402,-1.2222457378079696,-0.568976686071875,1.5466579466448946,2.325491432127934,0.191784358634838,0.6296030367601468
136,0.12049230199309191,0.34352074443764646,-1.4041799642669273,-0.7251165869193104,0.37763493471219567,-1.5795687717198221,-1.4782153253962913,-0.957684988835525,-0.4080129532610113,-0.05288182836119715,-0.22223147669378074,-0.5149936589210786,-0.49378065803133797,-1.208934554925595,1.047697346602103,2.7065761278377414,0.05770964843463755,1.792864872442502
137,-1.327568316226571,-0.9288799810489272,-0.9952882794634212,-1.1583711601862934,-0.2722294816898385,-0.6558338583026528,-0.8329589981208385,-0.32466456102421315,-0.704086975182487,-1.1743244865409141,1.0221200270718418,0.36455708199078396,-0.321196131519613,-0.8660560487561293,3.036424136795218,3.9910851640110074,0.4708905388711564,-0.012138788825504676
138,-1.1343004232666094,-0.9853030904591078,-1.3986275945179438,-1.4438164129876268,-0.873215393463902,-1.322197004255053,-1.2654454623354607,-1.218277639605056,-0.5535875190759327,-1.2801827951695197,-1.3002827288265646,54.47536308118471,-1.5514958239616152,-0.609116511469336,2.781976207571949,40.168723333935,0.5469467154371377,26.135477827211435
139,-0.3080661485039542,0.2959829202403679,-0.5389411894196736,1.2925108271983392,0.22817638138619722,-0.39440442832998945,-1.030627039360867,-0.897408789304913,0.4917957525067118,-0.342121163721814,-0.1625894615021779,0.006210740989512242,2.202148493688287,-1.2711570019471474,-0.015975116326346406,1.085321226405533,2.515111625387096,0.140109576023288
140,-1.27708572360082,-1.2994071117325603,-1.326776159303883,-1.269960115509183,-1.178612346073938,-1.3785810627900943,-1.648725445338833,-1.5096719936454537,0.6925786295620724,-1.371826732459929,1.286155055447372,8.077075948436852,2.898713096938268,1.752697166041191,3.927671527339559,11.181410912762278,2.8778319400920394,-0.00746232685813375
141,1.0876530989823499,-0.9278000180162662,-1.669821985032357,1.047903784888173,-0.9162814685304013,-0.7871285486289747,-1.2118159499533383,-1.7410316103565033,1.304030559225831,0.5525620134108316,-0.5638773651118045,3.1949985835094648,-0.4794361600875785,-1.2283239837528421,1.9984201350982662,2.998327518875727,0.7029159066474078,2.457265283383949
142,0.018967502103114597,-0.6464754650102549,-0.5636690165864824,0.10474608886466008,-0.6527518998561788,-0.8720804121614432,-1.5739537305872089,-0.9549284782142982,2.8593120150856937,-0.4219626886867802,-0.6484703997229211,7.664916018348041,-1.2229211142177836,-1.0755013807222045,1.7046407676258104,8.992675915983305,0.742482678827356,0.21445762587614814
143,-0.4937250877674071,-1.2407151200119964,1.1778893430704516,-0.8834024410879944,-0.8123299955964485,-1.0656509243629955,-1.5699317128162367,0.16645906530665622,-0.593633109768354,-0.6348632879314353,0.002615671662772101,1.9556655785569657,0.43638044237728035,-0.8684107522246074,7.329268732389176,0.8703033830533702,0.42429213770577645,1.2101839233733696
144,-1.3949447371800043,-0.037864076774309474,0.9131106982453945,-0.07724127491793054,-0.137625899274044,1.5075074699067015,-0.5585455766633722,0.35810397183203513,0.25983245970642743,-1.334484877056421,-0.05642018549926853,-0.4585841805059463,-0.5411758425849551,-0.8337044812901424,1.981332388448381,7.273246772995698,0.09992067874532173,8.280945067694505
145,3.410046832357189,0.497932923130159,-1.5981236325032933,0.725454331762033,0.6312242661684286,-1.6941530627276289,-1.451579263602256,-1.4319825099095893,1.9506768223970052,2.1023952928584038,-0.6253293298319305,3.525787774975793,-0.05352339997777067,-0.5338983614578612,6.185228045802788,6.782889093263076,5.231425786413386,10.022924678890071
146,-0.26405555541606773,-1.095535276182754,-1.5682898601648627,-0.5666056756966804,-0.4351340815921336,-1.5475320147935763,-1.661847907767669,-1.7124621379421243,0.5718764285026166,-0.7126148672072072,-0.8539246516581529,2.4797146124936704,-0.5721859858630305,-1.1790971077385357,0.5587061703393954,6.116196078312168,1.2641316685516175,1.3608850055230732
147,-0.1921225026723996,-1.2981898786363246,-1.0664659335716073,-0.36531208446271446,-1.49014033530456,-1.2578951580845474,-1.6302850134814528,-1.3045599574304576,2.173459739636643,-0.607528509760892,-0.9917037733382723,3.0479559412691613,-0.9225376065573307,-1.526076586613536,0.8923144121947644,5.395197353226131,4.360831801915494,4.934475072336282
148,-1.2025528299788109,-0.9029084981337623,-0.9265233689550785,-0.7493462010717997,-0.9837923347031468,-1.0976183268438913,-1.4245269033921841,-0.761407608565511,0.05986344368281271,-1.3097667420178436,-0.7290576052872728,2.249964317805957,-0.2700765884827767,-0.8558348753713703,1.145457658657394,6.220667154089723,2.238742786511951,2.1029964908633776
149,-0.4686610529921249,1.5340375749562547,1.760073057878098,0.8395136694117369,1.3954171998006855,0.2350016268857753,-0.7759303465247314,-0.1373786216033248,-1.0427239802634365,-0.6691900604930541,-1.4252563037864903,-0.0941751470257084,0.32673783135358647,-0.06221232462982007,0.635330867245246,2.7729095733590645,1.9329188156205719,1.9019214542017941
150,-1.4038735190573293,-1.565529664853071,0.54891242271322,-0.33584838106983206,-1.557389863982439,-0.39659931808899307,0.09253754162522076,-0.853192497031479,-0.1514483364765531,-1.4156168637888766,1.5106968658345394,2.1457161641328897,-1.3050279755857512,-1.2532852766917941,0.46927971030292737,3.4270882626659738,-0.08111727598222052,-0.38945526870948566
151,-1.241170319243902,0.953165743712828,0.018579755977320644,-0.5207807422293294,0.4453982419141882,-0.6285297162714825,-0.12003744664532645,-1.128071599642588,0.31393285277088356,-1.0880729295040528,0.20196097253316347,1.3579182610026033,0.682228556653584,-0.8528305433652004,3.3974780746284043,4.280807265980859,0.6403180671768385,1.4867137072432701
152,-1.1035023290302528,-1.425168288310463,-1.1194147730757602,0.4279266212101529,-1.4642809025491532,0.8906009941696005,-1.384198593013618,-1.4948380936941512,0.3568811007160315,-1.2654318654357393,-0.6383901495717295,5.406596270639156,2.5404071708232,1.9680504850389822,1.2931762522993608,6.983225533465378,2.9495221488811953,3.563324364983959
153,-1.5768453530600308,-1.3891933706706174,-0.17600647783844403,-1.7379458457722858,-1.3754678021534141,-1.392675509383438,-0.9640076665340889,-1.092983839822115,2.058822624445331,-1.6235701546771686,-1.145912742662428,23.012112254659442,0.4443075971127315,-0.935177445309884,4.29094052695649,19.68152802671936,3.2589892560263483,4.307215985718429
154,-1.254248849775942,-0.9444456653030646,0.5713291120440167,-0.7037419767446536,-0.9974021264541575,-0.7751773101260966,0.26774310612644703,-0.927484801492998,0.669310347914946,-1.2100496757986319,0.2975874675177348,12.390597744765245,-0.6355954712855163,-1.012529527447958,2.19688968209418,18.03200644896156,3.6644114053977255,5.352185626773535
155,-1.0005001541851093,-0.44207748741933717,-1.8330792537598009,-1.4978618090748435,-0.5116828182427744,-1.5516402463699779,-1.702174454226174,-1.3673260372944813,2.8649832725368656,-0.9286193108077279,0.7075810442373975,3.27514947618769,0.2760914064636588,-1.384228378438894,5.199393013850202,15.846726239011769,0.6486900033837086,1.1143008298762087
156,-0.9726504830194838,-1.1899786127902046,-1.07160544617501,-0.9143223257423325,-1.2406079800028509,-1.174414540942188,0.5203305828745348,-1.69595369982341,-0.16005690362854752,-1.0045443639799343,-1.5646890384677867,-0.9903563918821634,-1.128557633906103,-1.283442524924473,-0.8018123686404248,-0.5439873506330577,-0.1935883896293218,-0.19530995689846709
157,1.6242039784153413,8.174052794701144,1.4889537234022887,2.060708581764496,7.182778157878827,1.5640485000396236,3.128929560809807,0.7790645777006016,0.04540188731813943,0.9304380957667737,0.8208647386058843,18.66794998717915,0.8876290794029469,0.8395545553300767,5.350885500289639,22.03320962179429,1.4332019810923757,0.7524809705713924
158,-1.2292728123336378,-1.3622766845076195,-1.483177887373678,-1.1588675579561525,-1.430125764002269,-1.3673170117272058,-0.4318640945155652,-0.08018017032596525,0.04809564541968747,-1.3619524751906757,-0.2666364232114087,4.489335987163332,0.03257613199092679,-0.301398561297785,0.92194264226598,2.669330093098764,0.11271978408635608,0.9716490968614013
159,-1.3032194118712586,-0.08744946470886461,-0.3297095589683905,-1.2212494825930487,0.29579878038840546,-1.3448465035536048,-0.7671688504035283,-0.43920651497573626,-0.6358039075698945,-1.3004486731976088,0.10302649044550893,-0.4702437630011267,1.2590440359834627,-0.9007040693571597,2.3560966540702797,0.7482718740833003,0.29834584560781563,-0.19089024926558684
160,-1.2825095968053672,-1.5313708243623754,-1.6596564918159025,-1.2468948293879527,-1.5560408331395628,-1.444551452970313,1.7822243373282411,-1.028064734817116,-1.4363133605618297,-1.1950584429406912,-1.1268912968978253,-0.41308033564552016,0.644638409758651,-1.0696451416046926,1.9809424578287658,0.8866883943438713,0.14190566029107465,0.23499221627209455
161,-0.8574289614257529,0.09793152908355696,0.536796002014504,-0.5512016140448024,-0.1226300344609701,-0.38228671003440917,-1.1361967271365314,-0.8581475072350502,0.1652576852608023,-0.7974356279692465,-1.1291522549846233,9.656199248449223,-0.9548378517488891,-1.4652311410655754,0.16510164833298369,12.367557852470123,1.2274805276541958,0.4448256133184607
162,-0.2806370231116948,-0.3576462937860194,-0.8902672846597399,-0.22551531007412073,-1.4099925561033055,-0.4909985435284612,2.2642944765453663,-0.13312957835609884,-0.7211301957008165,-0.47673876836292184,-1.446897784195388,0.41533714510894093,1.3111314341774332,-1.1449342743994355,4.542461175323412,1.649699485995657,2.135388751293016,0.37411806402206293
163,0.5019296844659302,-0.5861780951736795,-0.41319364670048575,0.9523550477911091,-0.5789275957671847,0.18380524665113906,3.944596727784824,1.3284895732003603,5.818951828151365,-0.038045350184779725,0.19846322776865977,0.3691932572367893,0.900124925343349,-0.7230607973000622,4.479461138130265,6.519972288394513,0.8281106066378845,9.088268953633133
164,-1.694796923789344,1.0872815917421832,1.2883437535394577,-1.047096503231708,0.9886389613550879,-0.5074869505062662,1.0309878230043221,-0.5191910972337097,2.686964591295017,-1.6914970976931334,-0.49400461179055766,1.9659406507701354,-1.0208643127520187,-1.6563250831583967,2.184109122822025,5.338062647596484,0.6912539284332171,0.4940514094598152
165,-1.6500191477283601,-1.8960989188756403,0.29777396475906004,-0.8830078224162463,-1.8992303518605678,-0.6625449865038022,0.6864431345719422,-1.123231546231337,2.0532842903252924,-1.6281824561466234,-0.7241207039546151,16.098716541885484,-0.9855590649029842,-1.2283893406716375,2.2904390568640194,31.47493668589668,1.0475721330738734,2.8219959620907407
166,-1.4388409524160466,-0.9844413760765813,-1.6315852612873538,-1.6317162562982463,-1.0219334755021772,-1.4964933044876185,-1.051128997658179,-1.3813591961922471,-0.08295771251076589,-1.359413215090752,-1.6232068032768567,3.7465240555294006,-1.3245512752399171,-1.5218406718767679,1.3445565128946422,4.282034659672725,0.032854852913393184,0.9208923651105532
167,-1.397215263065512,-0.0871946347412722,-1.6613810861303178,-1.6806089917701488,-0.4315056683938545,-1.6983720798951871,-1.1803682310686403,-1.6526171172216224,-0.5657020457197741,-1.2930011879130994,-0.071168044272369,0.44068209856202767,-0.5650235009822637,0.614188979126483,3.7974890120433527,5.061672256484613,0.1276747180542408,0.6640714034206217
168,-0.8204766035823567,-1.0420314194037428,-1.3152213665036143,-1.2329797100445408,-0.4047280126349655,-1.5351129425837264,-0.8515555547444231,-1.4617845139753858,-0.9218788684512611,-0.5430973115032898,-0.8639052361342752,-1.3534535136794352,0.24047336839689093,0.8603206608816141,1.193062588283758,0.8597020234385355,2.3266546830786368,2.920048797205589
169,-0.9700364346847996,-0.5321934794124474,0.13382136260639355,-0.8645174076085995,-0.5936988907442338,-0.7811064293451677,0.15854976506127505,-1.0005810605860346,-0.11808094209893127,-0.8689801752030384,-1.2868362461603062,9.749901692850798,-0.9612898464064834,-0.6529992880742905,1.1326488099992025,12.00982832076385,0.5623109647524624,0.17295181994126185
170,-1.2482145456375018,-0.6025355902708647,4.887889282879064,-0.9514924894929417,-0.6036011255249658,1.060671574971943,0.012132056625368204,-0.6395936508066367,1.3497480034416522,-1.3462318839498464,-0.7430739934979851,9.799323416946299,0.17649660188799698,-1.3534701610197681,0.48993563853539834,10.535832786006742,1.1372716885749616,1.2697578691581812
171,-1.597078120369309,-1.403354217637591,-1.1574519803868224,-1.4983481522965743,-1.4526760876058362,-1.5696814395200962,-1.2756397364296839,-1.7072658197228143,2.110002076326918,-1.571965709311674,-1.2473408358152214,2.6602819790224705,-1.1949066815202987,0.0905083411213381,-0.16124329529166959,2.730744863437347,-0.3188860302696108,3.1624571995268367
172,-1.7825353497177847,-0.1738680454584407,-1.4592406703076528,-1.3769046768707158,-0.16902794868825222,-0.6385350317988472,-0.8387500759318338,-0.6817876699660883,2.276885876864937,-1.728807596943763,-0.2535594154982084,9.7685508540985,0.11788072055932908,1.3397250186364529,11.17632668276476,18.020503725462277,34.06464069014221,45.49983266181999
173,-0.21121138344014367,-1.0801774747436548,-0.9500658921033165,-0.14543827225995765,-1.1952218823630816,-0.7350985128827388,-0.6952820095879,-0.8423608606423807,0.07601917864819674,-0.6354382167862425,-1.135579342489243,10.224943737114671,-0.7108959730964628,-0.7738558882407531,7.437103689972618,16.615000603355373,2.278315414884333,4.347384389533855
174,-1.536219278631459,-1.7007745625228659,-0.2715568011837082,-1.295087500063513,-1.7078660247883164,-1.2502107285363357,-0.0016584988276999724,-1.3477784740064394,9.970027164229098,-1.5015121817508312,-0.5735353414763433,30.70765437812819,-1.3454935525086307,-0.8197790547180355,0.6878895842034076,43.636331399228204,-0.3200514081085286,5.702779986900268
175,-0.9451028055355466,-0.22665061954532284,-1.2607856102688257,-0.9813969183316051,-0.9424788333612395,-1.2539951646898966,-1.1182035463023552,-1.1428405622101414,-0.5244098332197709,-0.8326300647879799,-0.9028502571791539,3.8180527138895686,0.16895677619321692,-0.8145141378761074,6.5807556408025825,4.992333506769891,3.2568708951546403,3.1307800358372955
176,-1.1185281699051886,-0.43934283539805685,-1.3071783164239137,-1.272753347997777,-0.41385629309196803,-1.2123850626156047,-1.1996090939355257,-1.3102886703686472,-0.3048098002245654,-0.9131249889453574,0.6070259902614015,0.13704806188731844,1.2819717090139626,-0.29526127172900507,2.4660964138590966,1.5196194238418803,2.6371038731198837,3.2787285022471364
177,-0.8931459484638746,-0.10390085213958455,-1.6067562530894537,-1.3685907040405858,-0.7041560888678999,-1.5002711815925396,-1.4018299572260926,-1.5476816142937673,1.653388602991428,-0.6325337844589534,3.214520261959896,6.567640796544779,1.1530055184518968,-0.2343324866201968,7.656461966595538,3.19031351904213,3.240580835122845,3.1044649975031486
178,-1.342547970741632,-0.9007055024749144,-0.8176188669349336,-1.4015257952250413,-0.821245943785037,-1.2325482387191065,-0.8943749466038633,-1.0172297118238782,0.6213873148753586,-1.4026564119760458,-0.7127380722067787,-0.431991006367316,1.7748863773110015,-0.6929302874956753,6.473443118104001,5.2205713716287505,2.810762909227827,3.8255419802294846
179,-0.9367764876601701,-0.20585687017734555,-0.6702804134808584,-1.0862968143342917,-0.17035727023378877,-0.8540069371054071,-1.0412490655111069,-0.8455119160719784,0.7479581466877976,-0.7931773273099898,-0.0030585031779652994,-0.32048403133443726,0.7567969485766941,-1.2238193861248083,1.8402308846981938,3.372360685680129,1.096407647328773,0.25703746458099497
180,-0.938016930155849,-1.4368146395566816,-1.220061169855208,-0.9517418988961253,-1.4706066197215106,-1.2086847167582173,-0.1939928718406425,-1.1014440969502761,-0.8778148146596751,-1.0781127443849672,-1.3441492483553266,0.8259393873556062,-0.014632618492245175,-1.3372321051473466,-0.542548754184466,9.548268098546394,0.4828499212050872,-0.41882480504132813
181,-1.758453703258497,-1.7043080624036753,-1.6141364347847151,-1.7423097081506764,-1.6954868183307936,-1.7274716964952423,-0.4136022918836648,-1.8077714880604374,-0.584756622782884,-1.71146218240619,-0.7714197940278189,43.22508603480474,-0.4107853299613127,-1.3550877477079364,3.3692493222897717,52.23056615026781,2.2623732312206766,12.475619441891032
182,-1.1803602772864683,-0.13873010993980506,-0.43751691486735833,-0.5684781938823895,-0.13555175938756747,-1.0562071747266686,-1.5546255840885788,-1.263832057943485,-0.7813863366193328,-1.3313102778527712,-1.0300440447695942,51.91955384916694,-1.5059251174775763,-1.4394255068644197,1.005305392073522,39.021171962685756,-0.6611747322171384,4.933705523791522
183,-1.154158640989415,-0.8466381904868898,-0.786673715073448,-1.244538939429796,-0.719077991930237,-0.6937698437778521,-0.5722734153773783,-0.7675150698858055,-0.7426525803785116,-0.8297128465907977,0.9989932877447658,-1.06618660221391,-1.1314457745068895,-0.20928154121664821,0.6219202070379466,-0.762667576993155,-0.6686455850844988,0.4027809133272524
184,-1.409208396306187,-0.7539446983511722,-1.1085283754446822,-1.2845467757391371,-0.6709232518567312,-1.3950815297093966,-1.5246002626352577,-1.0101761303227366,0.03466658873377382,-1.4322075513235901,-0.25138157988502075,-0.40696885956432327,-0.20056977483529836,-1.2220052304575393,0.8985005121484084,0.536701382251092,0.14108955177426763,-0.7152841066730571
185,-1.084059704985566,-1.486141444837798,-1.2856698377918183,-1.327818170316631,-1.3560834950625855,-1.188664019954126,-0.824394138689323,-1.1576924389469994,-0.5058475022950373,-0.8003124402397224,0.21728098646221738,0.2492826545563953,-0.5053331275051232,-0.549484067189864,0.5726876505225156,0.5723248771151326,1.4308967504569887,0.6470744804556312
186,-1.2290861192621239,-1.2894364506152654,-1.5084343656367438,-1.3692341277796054,-0.20211613680261165,-1.2184586527812082,-1.2028806123697204,-1.0354280697064129,-1.6697654872349779,-0.8486784924806661,1.8174674112674412,3.2058265070474254,0.7118533570960777,1.138322252896267,2.7508472365659307,6.0708577291170425,1.5458242250948606,4.410508024960779
187,0.7322501110925081,-0.3905976876939965,-0.2477376866941854,1.1562043435627531,-0.3892002787861686,2.2798821647703527,-0.5104425541287805,-0.5805881271455648,-0.6106044825126076,2.06456881387279,-0.5440997288095426,-0.8217149937153834,0.4638929789060495,-1.2758120034622136,-0.6047348685917586,-0.6565811529419587,1.914846535074699,-0.5765306140370345
188,-1.7739365815654422,-1.7824585083042992,-0.037267743717301016,-1.2520065690762339,-1.7786596281165155,-1.112228543769546,0.806794027664703,-1.804934075373291,0.6630672149967687,-1.817798675933289,-1.1407598259134786,1.0699213521299509,-1.0983431099456316,-1.6648424457807824,0.3601358228578202,0.35038336027350425,0.40600621663669845,-0.6154540941625606
189,-1.3842819838669098,-1.6138263560645099,2.2466995329623716,-0.11132729074122327,-1.6038596470219153,0.37023203966540574,1.1141013858535027,-0.581856208520108,0.8761193965535874,-1.404163454305735,-0.21612257845821725,6.965670515552176,0.4995788549235294,-0.37683501683995546,4.9080296265407295,9.752650220241602,1.061609408025821,1.740615939587716
190,-0.7749834160135078,0.16105273461949432,-0.3031039717458701,-0.36707433229368513,0.0728092618167282,-0.8245365140472565,-1.6468197378804164,-1.010620448354364,-1.1689332007758648,-0.9059737198986775,-1.3757045220070196,-0.5812272633672508,-0.7073716512634141,-1.5121684438200287,1.113864849081053,5.209421232613671,0.8893227914908604,1.293499080815332
191,-1.5504068512271227,-1.4264938813361538,5.198063334115687,-1.211116547122583,-1.4613007839842613,0.6109604109420519,2.486685262795671,-0.979806599063278,0.5519015597847665,-1.5484840353164564,-0.869479184783505,1.6678741188822128,0.5064575981409343,-0.6668234183675312,0.5006410056230175,5.565203889715029,0.27710689284335954,0.3951252600001123
192,-1.7633512264932203,-1.511623374345075,0.3709794849296131,-1.3236951612520342,-1.4972834341209786,-0.72054174521723,0.7470975744407364,-1.2652003112920003,-1.0689865656316209,-1.717601187029555,-0.8253190079668284,-0.5401971405418275,-0.5301794028295701,-0.27047427469943086,1.6172014256889113,2.2405430690377095,3.4300297778611393,3.9251911260268235
193,3.184328338224276,0.9453038173578499,-1.5247611420367924,2.3868172938513625,1.004284727769071,-1.3967052733928154,-1.4162601306391256,-1.6029935835269784,-1.2491700829978742,2.047412993076305,0.41985054653531595,0.9891439134703766,0.16761328439772338,-0.1564061234290839,3.453500692790689,2.580380253837987,0.08698592389936133,0.1422241188522051
194,0.21052906852480335,-1.2902984513007354,-1.451357866581709,0.23807891065901154,-1.2569821076803271,-1.554431961991445,-1.5001609988035867,-1.0540280549871195,-1.1091387886189292,-0.18924048153226325,-1.2885541847931334,-0.2564972916632562,-0.47986201406397244,-1.0160230181761303,0.7964565330023254,1.8161377204667533,1.766571048391616,1.81889211583099
195,-0.7224504668983371,-0.7459582796818984,-0.9610868921374607,-0.8913353159347763,-1.094721242119479,-1.3965880023254995,-0.7314561569219431,-1.1691250504854571,-0.6724235940110583,-0.4924692282655738,0.8446872235854932,2.335484169758301,3.8379844462838557,1.6823542504510591,0.16157603721508984,2.526876927591041,3.834445228289873,3.0066898599310345
196,-1.5159186628034864,-1.3807093639117507,-0.1768649174481589,-1.1139239997793795,-1.4296943585528956,-1.1066288083965503,-0.5084830154105533,-1.2606715165283124,-0.31777116029965,-1.4651235525793453,-0.7983821434996345,-1.1436755596685262,-1.3930927593487286,-0.264178670677953,0.23606818963849996,1.4960101275463407,1.4774590974120807,0.49778469832390604
197,-1.443468513702732,-1.6216738375357898,-1.4720648974430837,-1.363067661301999,-1.6499539110644628,-1.5509709309672397,-1.459888956248793,-1.5917663735481744,2.131594060825897,-1.495181571717424,-0.9790017464003706,-0.2408703293114418,-1.1693034553044697,-1.195955139043897,0.14261231572308652,4.693990933555259,0.21878312710912828,-0.05324493906715633
198,0.4166693772209915,-0.09680560518692527,-1.32580307147383,-0.9845278396520034,-0.3202089395223511,-1.511037234161473,-0.6275515912148344,-0.807582573695588,1.4181236466533136,0.9691542840105392,-1.4502206665356305,-0.08051993086889553,-1.242824723010331,-0.4836191243603176,-0.26041622978657175,4.39941238406262,-0.4465556274856479,-0.6487264618849391
199,3.5287454160562124,0.519714947548688,1.0761698677378781,3.4813516889038443,0.3046905695898543,0.8762768982076179,1.1568503107453214,0.996030615707959,0.3636735066343513,5.893847161719281,0.253126973999374,1.5846598924177462,3.9192947800194533,0.03377434147975711,8.840307704248662,5.134577587494233,6.61838095583879,3.0968965246974216
200,-1.5855409787323027,-1.0459941020435322,-1.6331213593909426,-1.5376454904866597,-1.0129565279446229,-1.6104305966355639,-1.6323935398625513,-1.6711196600788178,-1.2028712087194449,-1.204650313048435,-1.7523962964833089,-1.0844325955835339,-1.319295460432954,-0.31063067141004064,0.4739411443859751,0.7943852066635175,-0.5037426966041765,0.9834603630767642
201,-1.4559285622831142,-0.6758463113653934,-1.5892262030936735,-1.4580735276716044,-0.9829937768012011,-1.5598958287262508,-1.1845979016798065,-1.4975981385680375,-1.3697513094763702,-1.5132711666450107,-0.9950040662349462,-1.1059224169175705,-1.356641161076809,-0.8202460086990473,2.791573196448745,3.4687279727019984,3.1784207082985896,3.2193043134874104
202,-1.3714963382749368,-1.5071889032733765,-0.7396577916265419,-1.1492059382451891,-1.5277973168918746,-1.2807759210668404,-0.9015120642213219,-1.3455746480322832,0.4076479680819616,-1.216981457958742,0.7668237998518035,3.7480525484297145,-0.6742891598603449,-0.39549458884122446,1.7716662733852226,3.4412675781726847,0.6111166657464908,-0.0003849802123401247
203,-0.10376830582148511,-1.8819246936074214,-1.4578629508438676,-0.10466468388370487,-1.8827481495367986,-1.3726421306042296,-1.7124361301272522,-1.6237475554911058,1.4186086254681918,-0.3461079513681762,-1.3678384126891978,3.6066153487104566,-0.29037565667626364,-1.485858742450157,0.360432664792079,12.393331668711449,1.9548367044982218,1.1458694275644792
204,-1.3996085804827254,-1.148002325992848,-0.45081061635903463,-1.186584237954487,-0.20630486174022566,-0.8113013534491045,-1.2163690911614136,-1.5769417481844274,-0.18073687564775698,-1.200928753380046,1.0688750782478937,-0.12556156221557124,3.067745183191982,-1.5660174722313775,2.002409522343851,1.2209347927595129,3.3064049011840124,-0.0298757812575845
205,-1.6548806962438014,0.21092806387322272,0.4583808593391421,-1.3669543155888646,0.18070224025055293,-1.114274402924434,-0.18653008939292226,-1.2671867027293102,0.01057146036468648,-1.6367283440007017,-1.3693782221665702,16.386539810533954,-1.2100134671165623,0.10345698753628163,0.10421412027198595,11.759255183059635,0.6546520321574252,2.11253467813932
206,-0.6605454437068183,-1.3823329020788226,-1.5834594795741066,-1.068021146433925,-0.9590203859296795,-1.4183281310553137,-1.0404345664017822,-0.9676448433728968,0.5007310034703569,-0.6933817494568397,2.8750032928011544,-0.7929596551074352,-0.6108053563571225,-0.06703308910476657,3.089429957748747,4.041922017129229,-0.08522815457499844,4.176902819790907
207,-0.7967342682278162,-0.5189039762250878,-1.096533939728886,-0.7841924339442179,-0.6487612841184398,-1.3021129493461452,-1.530458551507369,-1.3671342575592669,2.2889061196632134,-0.7083109460427441,1.2510166079270597,2.3918525512231303,-1.5355414325375634,-0.9140505614851784,1.9482515051851346,4.432569785270198,0.46686962967040957,1.1572674480257286
208,-1.1965963942023805,-1.632798906413886,-1.0489923697876327,-0.8877862969910981,-1.6439337227278752,-1.3442221311632505,-1.6576549003562078,-1.522587162705911,-0.6755680109190614,-1.3321504983146484,-1.1454991040567435,0.025374180819446313,-1.5729616114975857,-1.4179353851268994,1.067177947302154,7.633592361995573,-0.05792459088425739,3.6445269470544455
209,-1.5646246372981416,-1.4176658018473365,-1.629271074523317,-1.5815688574635571,-1.5873013722326779,-1.7207876902103298,-1.5932712832737983,-1.6793496429564228,-0.9949106562713066,-1.5520616440713106,-1.5030880588833087,-1.1354503238695621,-1.2195808268829902,-1.3893543391980396,-0.4671401369431414,2.782407320892979,-0.7167181840035974,-0.25002618143658983
210,-1.5309822120933765,0.7811732018769018,-0.8858672167374544,-1.2589619271469241,0.05896101326228065,-1.3544497515835854,-1.1188151704963698,-1.509155344449017,1.010235397429608,-1.5374027950170548,0.4619072886093991,2.4872550623081464,-0.10099804616683228,-0.8176223608288797,0.6774445742473159,2.304164791140659,0.7641687207417993,1.1379692033238733
211,-1.3653495554190054,-0.7040575370906188,-0.5406408983003832,-0.9212100952800824,-0.8875338676200419,-0.9579679555686398,-0.9086640404552844,-1.2047724017180006,-0.9976527337820271,-1.2709927193618054,-0.686964561314034,-0.02438832998148044,-0.8037404929915812,-0.5174898967479131,-0.018329078789276476,0.5769182224614875,5.427276084097743,5.823589032083113
212,-1.3197665089639752,-1.3585729812817144,-0.7184040326562311,-1.1306297351215795,-1.6276547502172656,-1.0882128027492355,-0.6231936954878945,-1.3706842410239528,-0.5847948263711089,-1.2599919613513961,-1.4820246282678091,-1.216089532489757,-0.9570146431218496,-1.1142625889232463,0.6680299442733713,7.9709389939511155,0.8457060506991696,1.27481538403151
213,-1.3658623328916613,-1.3752156474960244,-1.1762180518567966,-1.3253136111598438,-1.2899775854997804,-1.491907237188889,-1.3389169124194806,-1.569410732493902,0.1418889351633914,-1.2817539795427668,-0.7238028263317542,3.529704199563903,-1.0610994679496866,0.11525040737424641,0.17740748449544919,2.4009924090605343,2.2870959938574673,2.14066419255741
214,-1.1348524002048956,-1.0894000963695543,0.5307086366845328,-0.33691246079203463,-0.9225046361519564,-0.5689942092961946,-0.8771823650536037,-1.0267011214408608,0.2068031247643236,-1.2871984973664745,-1.4477609853744549,-0.06942547035029589,-0.3814484543783139,-1.1236847347900036,-0.46014056487744837,2.4356634507190265,1.9176913650251528,1.6819740130145533
215,-1.632676142584511,-0.367112898836806,-0.15018686670617187,-1.0489429958800136,-0.35191273901490705,-0.9535196798742298,-0.6949678550262304,-0.7943796454787728,1.2446279787460872,-1.4962772436697582,0.5272503589797446,8.373251092556607,-0.870875251592619,-0.4496158647285795,1.483802979582726,8.439546519750067,6.38093711620755,8.454046629131177
216,-1.1952795039473596,-1.4553129362938162,-1.3834859986177879,-1.443369267042574,-1.4529366783871105,-1.5555567604560223,-1.3092236761553377,-1.513948495854526,-1.2077843801665757,-1.1366003663990827,0.0039694063117310385,0.044573381278319335,-1.1521729375124208,0.5593920912221764,7.215956730465944,2.7882436351021527,24.04668784962749,36.76895728327204
217,-1.0750185407570607,-1.7261298521186557,-0.1935994890212056,-0.8336561099135165,-1.7132722965721765,-0.6252754235977318,-0.8977510857261111,-0.34185504915157283,1.6902696154780381,-1.0901667942595852,-1.343341466457685,0.09635463175992998,-0.0541611754970881,-1.2026300442355282,0.08255167665995877,6.560404884368555,0.27960091260258046,4.991745703177822
218,-1.1297766580744166,-1.511974295209067,-0.7018336243155843,-0.6232301088006635,-1.431707803547495,-1.2214428777586905,-0.9664902726433704,-0.4034597711545005,-1.1649321809004076,-0.9147609176179254,0.4395946607693908,0.2346618114978618,-0.7937255174802518,-1.0164465194760302,3.2929932132885096,5.39178305431691,0.8292109901903726,4.0205249118126645
219,-0.7965377622719378,0.08515087129070453,-1.463857883198094,-1.5643235089570993,-0.10179780329197685,-1.8345819525701066,-1.6324650528384927,-1.5357314770695056,-0.9844533134096238,-0.657365003685952,-0.13872787700794653,2.7508820148215785,-0.09027746368630263,-0.41168343861256096,2.5870456789604273,2.431137789284792,0.7973194891329474,0.7832332691268475
220,-0.848426784439174,-1.5401375057938873,-1.5075689876704932,-1.5422581434693006,-1.0475861363675916,-1.2574090066867512,-0.9936762368286418,-0.9951832871341209,-1.0857380553789213,-0.8877344464084955,0.9682578159232929,0.7717744624664662,1.057175151127046,-0.6263500337919305,4.186242426188201,4.916163224848928,0.34616403498955783,1.2302706499074372
221,-0.544783243223478,-1.1732504519979725,-1.7818868795626306,-1.4531673380917158,-1.359584291898753,-1.6634438644372347,-1.7774640841234552,-1.5004038120194396,-1.0469176221544547,-0.4379572058727601,-0.9281721080797838,0.4836358196791424,-0.11228896801856925,-0.24776959950869903,2.720111683343898,2.714326533882616,1.7953504941450724,1.8998587303285603
222,-0.8605023804070018,-1.1679896780877435,1.1290936381774062,0.09335640191533878,-1.2387739968071916,0.013837263329713245,-0.051181987229616865,-0.5343004084763527,8.690545645792842,-0.9543496215193623,-0.5387188635097444,1.019338452086516,-0.6564836480957257,-0.9633316885804053,-0.42441859586804487,7.09121053706636,0.16643029677334686,11.207246715301121
223,-1.282924157206679,-1.5933118204290935,-0.9750027100692278,-1.554717874837773,-1.714363184804018,-0.8264358062643207,-1.0870195733800312,-0.7438062751826369,-0.01825729849854696,-1.4093235454430124,-0.859809114031771,0.5473887243363484,-0.04833227337982127,1.745529251518307,0.948368196144397,2.50623927040665,4.277551212377496,6.2663900086768844
224,-1.2831665855863,-1.497475794066281,-1.4700357276318174,-1.2100294054283698,-1.551988943866547,-1.4734129982711273,-1.040024346186371,-1.5086445808571753,0.5880464675665009,-1.4163688121039657,-1.3897949298083774,3.5758909129485588,0.663119554714048,-0.8961663817362875,0.8836926920332693,12.879440091624469,-0.5173101201220192,7.98929026929272
225,-1.6082425644225888,0.515502619572298,-1.2668747909794942,-1.5851647774921334,-1.2844510693871787,-1.333171495311804,0.16904955027397062,-1.2247138003158977,0.40068800309879604,-1.554309642108385,-1.092516397565758,12.472255439617696,-0.5278186170203041,-0.9453317760967321,-0.4540021485131116,11.186743763257784,0.4046566500731634,4.498851004033349
226,-1.4137628262401323,-1.687395616089857,-0.6100097838568983,-0.794989093741179,-1.55095503340165,-0.5802654755384253,-1.2729174880844591,1.1778320951182382,0.10779760184692355,-1.4874731072305203,-0.0859623362600006,2.5712920362335003,-0.9834872251727926,-0.8381523860294182,2.240931547726589,2.769078307889191,0.8394064776911159,0.49228520858932123
227,-1.5615207998127771,-1.8426405909179224,-0.21510108377336712,-1.0927360562141135,-1.6953235304233794,-1.0590173514580485,-1.0804931855012272,-1.406121611863641,0.1840711327797102,-1.666786060259677,-0.39255199162915977,1.602190844875449,-1.218612141223124,-1.3887852584871263,0.6841996497622254,3.2004415756381475,-0.046118327354135236,0.17759899765254872
228,-1.1612667797596241,-1.4628934412553167,-0.3764182413242878,-0.6606955040410205,-1.251961607689134,-0.7595151992986193,-0.12301057664886894,-1.441646242043517,-0.3320858196684382,-1.0825392146315806,-0.8834649059663868,6.754699603264596,-0.9100929508226181,-0.5809911942799677,0.030061365259808515,5.455471144557189,2.071432344542143,3.2880864731562154
229,-1.0190977128440648,-0.4193401494909472,-1.391688814636634,-1.1295610883267542,-0.3830473848355167,-1.3604470418985557,-1.0053579125390855,-1.283280352677795,1.1906873898002237,-1.2648256708177013,-1.2017764422803352,2.510254925000347,-0.9401744238615972,0.42884243809338374,0.17683768317374104,3.8419703107249603,-0.22258201194740979,0.8791021511754415
230,-0.8622662521225322,-0.810362258742598,-1.6487396031188277,-1.1316549607864266,-1.1385232683756814,-1.611821036700592,-1.4840034657755272,-1.6975649906670667,-0.38764827606391394,-0.9884930481729008,-1.322605843579202,-0.15458382335447318,-1.2210044673635543,-1.3203173180141579,-0.8109606912802438,3.2957074872974754,0.1982049746725525,1.5608129104285622
